video_name,split,interview
J4GQm9j0JZ0.003,train,0.5046728971962616
zEyRyTnIw5I.005,train,0.4579439252336448
nskJh7v6v1U.004,train,0.3738317757009345
6wHQsN5g2RM.000,train,0.4579439252336448
dQOeQYWIgm8.000,train,0.5700934579439252
eHcRre1YsNA.000,train,0.2149532710280373
vZpneJlniAE.005,train,0.5327102803738317
oANKg9_grdA.004,train,0.5514018691588785
VuadgOz6T7s.000,train,0.1401869158878504
7nhJXn9PI0I.001,train,0.2242990654205607
tEQEKN07KgQ.001,train,0.4112149532710279
I5x9T9ftW18.005,train,0.7102803738317757
dh6iOU2RtTA.003,train,0.6355140186915886
gsleSGEZHAs.004,train,0.644859813084112
vhugKRUnd-c.001,train,0.4859813084112149
kn6I8LdQFN0.004,train,0.1588785046728971
Wd0V4MNvqcg.000,train,0.4953271028037382
w_ExyXsnw2A.000,train,0.5046728971962616
DnTtbAR_Qyw.004,train,0.5887850467289719
rIHcq2E67Nc.005,train,0.4859813084112149
De4i7-FX9Og.004,train,0.719626168224299
cA43Gfcg0QA.000,train,0.2149532710280373
pZxqWp0e-Ik.000,train,0.2710280373831775
D3AomvNhR1k.003,train,0.5046728971962616
Fi1ILrwQpSY.003,train,0.5700934579439252
Xfmu-7JuDGg.002,train,0.5420560747663551
YzNbGMNr3z0.001,train,0.5887850467289719
aFVFvJNnFt0.000,train,0.4672897196261681
cgT-3CHBmKs.000,train,0.2242990654205607
P_wDFLJnW-o.004,train,0.2990654205607476
t0_DAgeU4nM.002,train,0.514018691588785
TTuysItuSdo.004,train,0.3831775700934579
nUbhRInpVbA.004,train,0.4672897196261681
kL-CeaXG9jM.004,train,0.6074766355140186
Znixev2a1AI.000,train,0.5607476635514018
zNHM8iNyTO4.005,train,0.5887850467289719
LWylAwr9kJI.002,train,0.4205607476635514
0n2vWTs6XwA.001,train,0.2710280373831775
FoWuHvikyqU.004,train,0.4953271028037382
6CRet5sD6xI.003,train,0.2149532710280373
7s3itKIXww0.002,train,0.3551401869158878
X7S71Som15M.002,train,0.5046728971962616
RbX4q4KceVk.004,train,0.5327102803738317
ySEeioc339E.004,train,0.4953271028037382
54TGLGvIm_8.003,train,0.616822429906542
cLaZxEf1nE4.001,train,0.4766355140186915
On2c_8sU8Vw.002,train,0.4672897196261681
kDJigDGDJTo.003,train,0.5327102803738317
1hpZ2ecWqtI.002,train,0.4205607476635514
9yZEb6bdxNY.000,train,0.8037383177570093
f0LnGz5Z6kA.002,train,0.514018691588785
ASDpn9yOYAo.002,train,0.4485981308411215
--Ymqszjv54.001,train,0.5887850467289719
Q43qO4HC6mA.000,train,0.4205607476635514
HH03EXo0TB0.004,train,0.616822429906542
8PXQ_5tUv74.001,train,0.5607476635514018
eFzN_frNW8g.002,train,0.5420560747663551
nR0h3WFbPfA.004,train,0.5700934579439252
p6UMx8dwHZQ.000,train,0.4018691588785046
jq1dLOVUQJA.000,train,0.719626168224299
w989xx44UQI.003,train,0.5887850467289719
6TkMavTyimI.005,train,0.6355140186915886
0hWbtuRVUgM.001,train,0.6635514018691588
ax8wm9K41og.000,train,0.4672897196261681
eXtskPoi58A.000,train,0.6915887850467289
7wsksuXYoMY.001,train,0.5700934579439252
-9BZ8A9U7TE.004,train,0.4859813084112149
alucqviYJFE.003,train,0.4766355140186915
ZO5JoyVTat8.005,train,0.4018691588785046
5f6s8cwA7WQ.005,train,0.7476635514018691
59Smv7wl--w.005,train,0.514018691588785
9o10YrQykMk.000,train,0.5794392523364486
Fz1BcPpjNXY.001,train,0.3177570093457943
KLY518hfGhU.001,train,0.6355140186915886
yOzHZOg95Ug.005,train,0.2242990654205607
nOFHZ_s7Et4.001,train,0.5981308411214953
U22Jy0m5xSQ.005,train,0.719626168224299
YGrCXe2-fVk.004,train,0.6915887850467289
T4eZ81aJwJI.003,train,0.4953271028037382
3JzvXA-Zfbs.002,train,0.3177570093457943
cFGjJg-2zOk.002,train,0.7289719626168224
117jrwvl2Nc.000,train,0.6355140186915886
F0VbEO_0Ybc.000,train,0.4859813084112149
41NNb7cucVo.002,train,0.6074766355140186
Ay7bZ7Sgx9Q.001,train,0.4018691588785046
Hklc55y7vUI.000,train,0.233644859813084
yuE25dFTn2o.000,train,0.4766355140186915
YzcZY1mUZfc.001,train,0.7663551401869158
za14O68VN3E.001,train,0.2242990654205607
IXVf5VWxOAg.002,train,0.2242990654205607
rvB9DYAKHpk.001,train,0.3644859813084112
hIFNZ_ycngg.002,train,0.4018691588785046
TNtcyfM9jak.003,train,0.4485981308411215
PRplbrM70sg.001,train,0.6355140186915886
AVLEr0sYFhs.000,train,0.3644859813084112
WD1WsbooU2w.001,train,0.3551401869158878
tcmYlyeqwuI.004,train,0.4579439252336448
FZYN9ZFngFM.001,train,0.4859813084112149
c7tczvW3_dQ.000,train,0.5514018691588785
eOUVFTqPeGk.002,train,0.644859813084112
3WmWJ1lNy-U.001,train,0.3831775700934579
HPEemWelY1E.000,train,0.6074766355140186
U9cidDFDTQE.001,train,0.4672897196261681
OMHlfDF99Mw.004,train,0.4485981308411215
d4iSwRMV0bA.002,train,0.336448598130841
CLGJCzz6tIU.001,train,0.5327102803738317
sBw7VHQ74SY.005,train,0.4205607476635514
2mfmw63l88g.004,train,0.3551401869158878
puLXzqUvm_U.003,train,0.3177570093457943
-awAu11kBZ0.000,train,0.439252336448598
iJGHwoJKEpA.002,train,0.02803738317757
62ngcaBjRCY.005,train,0.4018691588785046
TD2jIXMD-SM.001,train,0.4859813084112149
2TMl5EMrdVI.002,train,0.4299065420560747
1pm5uoU85FI.003,train,0.5420560747663551
rUGAiuYHNgE.000,train,0.3925233644859813
WuHLxhCSnGs.004,train,0.3925233644859813
Lt89YrQHF_w.002,train,0.4953271028037382
mY1ZTvNVkSA.002,train,0.7383177570093457
orlXEgAepGo.003,train,0.3738317757009345
LLP-oZfo8oE.002,train,0.2803738317757009
UvX6ctu2ObM.002,train,0.2803738317757009
2DZb5yIc6Fg.001,train,0.0373831775700934
P0ZzjnS8E24.000,train,0.6355140186915886
F5kL7RWS_f0.000,train,0.2897196261682243
y1e8xPAaL9k.002,train,0.4485981308411215
YjXUMygVw7U.002,train,0.3925233644859813
3LAaFUSGvsU.004,train,0.6635514018691588
cOirMOCpdo8.003,train,0.4672897196261681
gkKHdsF6du4.003,train,0.5981308411214953
l0qApUuiDjo.005,train,0.2990654205607476
P0a209IS614.005,train,0.719626168224299
KJ643kfjqLY.001,train,0.4485981308411215
jPpZkVzQywk.001,train,0.3738317757009345
4CSV8L7aVik.000,train,0.5327102803738317
AS8snUf9eX0.000,train,0.5233644859813084
L_gmlaz-0s4.003,train,0.5514018691588785
pQy4omHIf7o.000,train,0.308411214953271
dVbo9Ftlyl0.004,train,0.5046728971962616
vQEZ5KF9I4E.003,train,0.4766355140186915
1uCO2d0pFg0.000,train,0.6635514018691588
w989xx44UQI.000,train,0.5327102803738317
sNs4yCA11wk.002,train,0.7383177570093457
t1PKNXE-IiM.005,train,0.7663551401869158
RlUuWWWFrhM.005,train,0.4859813084112149
p-V78q8dtYo.005,train,0.1588785046728971
IWAT58l2Chg.001,train,0.5981308411214953
sOkGz6gEmGk.003,train,0.6822429906542056
8Yo-27O0P38.003,train,0.5981308411214953
pEYFpmjwKC0.004,train,0.336448598130841
fL8VYpOTLSM.001,train,0.3177570093457943
SfldZBPyPFo.003,train,0.336448598130841
NXG4n1pr4Ok.001,train,0.439252336448598
YC3X1DcnUrk.005,train,0.439252336448598
grhDDOLsBho.000,train,0.3457943925233644
XPV4pavXh94.001,train,0.6915887850467289
rGTn2uaCAT0.004,train,0.6915887850467289
mkWfG-4vvGc.000,train,0.6355140186915886
VTv4BAYgJpk.003,train,0.616822429906542
MswJxdf-3Fc.002,train,0.5700934579439252
3lV-sr3NOUo.004,train,0.3457943925233644
k4QmzZuQl9s.003,train,0.6822429906542056
mhF4kYTlVUE.002,train,0.5233644859813084
KYvbRwTCtaU.003,train,0.5420560747663551
DTZeyoKUPx4.002,train,0.233644859813084
KmHe8urs3LI.005,train,0.2429906542056074
xRLaEoXAsjk.001,train,0.7009345794392522
jxt1W2WRNHQ.000,train,0.6261682242990654
djsoQkroHpo.005,train,0.4579439252336448
Zi7QHI_5ipU.005,train,0.6542056074766355
YiX6thczM1w.001,train,0.5233644859813084
n6JNJurop2U.003,train,0.6635514018691588
LSqijVxP0EM.002,train,0.3177570093457943
IHJn3UHXCMs.000,train,0.3177570093457943
YryBLVZgJj0.005,train,0.4205607476635514
xbAb00tGeBQ.000,train,0.6074766355140186
W7BbL3NZvrU.004,train,0.3644859813084112
mflgXFsGU9w.002,train,0.4299065420560747
2PSGksTyrnI.001,train,0.308411214953271
SIpQm4G4DDg.004,train,0.4205607476635514
ZRrduU1CXqU.003,train,0.5981308411214953
TSGpD2NBeCQ.002,train,0.5514018691588785
o7J2fWIJndQ.005,train,0.6542056074766355
DyZlhseSuec.004,train,0.6822429906542056
t899haDGi38.002,train,0.7383177570093457
XEpdSMQfEOs.002,train,0.6822429906542056
omQ5CGXJKS8.001,train,0.719626168224299
RGuHfwIRKpA.000,train,0.4299065420560747
VTrqCDYHVqU.002,train,0.4018691588785046
uf_sIIw4zxY.002,train,0.644859813084112
FkzVX7SQ9wE.001,train,0.616822429906542
XkeSLRAftxA.004,train,0.7757009345794392
A7exx3pEPkE.003,train,0.1869158878504672
nKLhatlbqEw.005,train,0.4672897196261681
IFF47jVKMj8.003,train,0.5514018691588785
YXz6s1XNOLs.005,train,0.4485981308411215
rD6NViDdyOU.001,train,0.4859813084112149
Or2_bP4lWYI.004,train,0.6635514018691588
3AyjQQYmqU4.001,train,0.644859813084112
B4ducm9sydg.000,train,0.308411214953271
3ccY8jYkI5o.000,train,0.7943925233644858
nLuAoNAOGcQ.000,train,0.8130841121495327
zH9pTx5_ZwY.004,train,0.439252336448598
sqnW6xXYTKg.003,train,0.5887850467289719
SCnQFpdklMg.004,train,0.4766355140186915
C_NtwmmF2Ys.002,train,0.1401869158878504
39o1zJFeM7E.003,train,0.6915887850467289
xmD4FKMq2rk.000,train,0.4018691588785046
nCWEEoJfjgE.000,train,0.5327102803738317
KnbEca4Ibwk.002,train,0.3644859813084112
fDw_PAgW07o.003,train,0.233644859813084
_Py_lytyY5A.005,train,0.5046728971962616
REAxeTWo1QM.002,train,0.5046728971962616
5-mwIFjOWZ4.000,train,0.5233644859813084
CQMH9Qguuao.000,train,0.514018691588785
8gvBbE6iZNo.005,train,0.7850467289719626
wr4dP9MuHME.005,train,0.4299065420560747
modNfUPt3F4.005,train,0.6074766355140186
FU1ak530DDo.001,train,0.3925233644859813
OwI3Q-qUqDw.001,train,0.3551401869158878
uMCRfie1lkc.001,train,0.4579439252336448
6WSr4IW6cNI.000,train,0.5981308411214953
kppgmuWEv-A.001,train,0.3457943925233644
YzcZY1mUZfc.003,train,0.7850467289719626
A0braVJH3Pw.000,train,0.4485981308411215
E3z1D7CKoOA.005,train,0.2710280373831775
cvg03XGFjCk.004,train,0.5327102803738317
G7QTNbKbu_4.005,train,0.4485981308411215
vqLtOsoNPnU.004,train,0.7663551401869158
O14mSiNfYDo.001,train,0.5233644859813084
Egogv6acOd0.004,train,0.2429906542056074
hOXvRgxjfik.004,train,0.3925233644859813
kDP6_hiBR0o.005,train,0.5046728971962616
59Smv7wl--w.001,train,0.616822429906542
rqfvIjzegpI.001,train,0.616822429906542
4xdT0Uedsro.000,train,0.5607476635514018
2uAJJH7B5aw.000,train,0.5794392523364486
pOBn7AuGIuI.003,train,0.6728971962616823
y4Ej1YSEQf0.000,train,0.8785046728971962
_X6_C_Oy9VA.004,train,0.5420560747663551
-mt-IKgGhuY.004,train,0.5887850467289719
2TbU3Eg2i4A.004,train,0.2149532710280373
6N02tjYPLh8.000,train,0.336448598130841
IPjl2LdPMn0.004,train,0.5420560747663551
lxnV9X8T2Zc.003,train,0.6915887850467289
ogSLrHVeqLI.003,train,0.3925233644859813
vLAHfIjmRMc.005,train,0.6915887850467289
5kY-Iv6UkeU.003,train,0.336448598130841
uwUkp63db18.003,train,0.4766355140186915
CuGuiOZ48Ig.002,train,0.5327102803738317
nZC82V87Pm0.002,train,0.5327102803738317
p7-JUvStF4w.004,train,0.2897196261682243
hnMp0eX28es.001,train,0.4299065420560747
5Mc-mjLvvGU.003,train,0.233644859813084
kwcpINU9LLk.004,train,0.5700934579439252
0hWbtuRVUgM.005,train,0.6355140186915886
2f7rLXwzP3s.000,train,0.5887850467289719
l3IoZ_QmOQo.004,train,0.6355140186915886
hT83GkLYIFs.002,train,0.5607476635514018
JBdLI6AhJrw.000,train,0.5046728971962616
TD2jIXMD-SM.002,train,0.4859813084112149
38fE5B4ghw0.005,train,0.5700934579439252
puJ_NbKzRTE.003,train,0.4485981308411215
sNs4yCA11wk.001,train,0.7476635514018691
4KD3XCMsIBs.004,train,0.4579439252336448
gX20EUUZc9M.004,train,0.5607476635514018
BLKXsX7-WIg.003,train,0.4485981308411215
OhHg1lyxe4I.002,train,0.1214953271028037
8e4nnel_x-M.001,train,0.5514018691588785
4vdJGgZpj4k.005,train,0.3738317757009345
GyLjVOVPGKQ.005,train,0.2990654205607476
53gtUkC7IZM.001,train,0.439252336448598
L5PkZA1ErYY.002,train,0.4485981308411215
eZwGkhUa0TQ.005,train,0.336448598130841
Wby2oMliGz0.005,train,0.822429906542056
PxkMDzORBPE.005,train,0.4579439252336448
WUNXs4r_xCU.003,train,0.5514018691588785
sBHv1jYmZQE.004,train,0.4953271028037382
me15sHPOjKo.005,train,0.616822429906542
LBrmHHzyIiY.002,train,0.3738317757009345
uqd_cEJMJ4o.003,train,0.3644859813084112
oqXx6ipHfUE.000,train,0.3177570093457943
i4IVTm3uvoM.000,train,0.616822429906542
oU7zAWm_01o.003,train,0.5887850467289719
cOirMOCpdo8.000,train,0.3644859813084112
Ft0ahViXZPc.003,train,0.644859813084112
bcRPLKygrNk.000,train,0.4018691588785046
OLFhKCgexRU.001,train,0.6074766355140186
ic_LECbCm5M.004,train,0.5514018691588785
Shf0JB_MutI.001,train,0.5514018691588785
GCkOL2jLSQA.005,train,0.5794392523364486
51KRxB3g7A8.000,train,0.5046728971962616
USicjVA1trA.003,train,0.6355140186915886
YiX6thczM1w.002,train,0.616822429906542
merppcmY6y0.004,train,0.3831775700934579
voXr6-ykd1w.000,train,0.4018691588785046
3LAaFUSGvsU.001,train,0.4766355140186915
XvV4YdhpC2w.001,train,0.5420560747663551
K-iwJMxjyx4.000,train,0.5981308411214953
kL-CeaXG9jM.002,train,0.5514018691588785
YF2QVn1fK1E.005,train,0.5420560747663551
ROTx-0q1F9M.001,train,0.514018691588785
vR7YF7Zv5-Q.000,train,0.2897196261682243
DXw4lVoiiWY.004,train,0.4299065420560747
OckL7z_nBGg.004,train,0.4766355140186915
5kwoq4EZixQ.001,train,0.6261682242990654
7tlMys6MZ34.003,train,0.5420560747663551
jOTlJwOBSd4.003,train,0.5514018691588785
4F-WBGPXiqQ.001,train,0.4112149532710279
B3zFJhrmqwg.002,train,0.0747663551401869
mEQBB6XsJFk.001,train,0.5794392523364486
Vj-Cmtqv_qY.001,train,0.5327102803738317
6EMgu2djYrU.002,train,0.5887850467289719
gipWTZy9mjI.002,train,0.4018691588785046
c4YxfATgYkw.002,train,0.4672897196261681
TursJyaFzqY.004,train,0.4859813084112149
x57nEfACdXA.002,train,0.7102803738317757
c2LeNguVNrI.003,train,0.4672897196261681
U-PRay-woXU.002,train,0.7383177570093457
F5iykLTSCJc.000,train,0.3551401869158878
Dq7Uep06KOQ.001,train,0.3177570093457943
K63T9l1xY7U.003,train,0.5514018691588785
JxxF9y61ujA.005,train,0.616822429906542
RhFPotjd0hM.004,train,0.5420560747663551
KfurkMyjD-c.003,train,0.6542056074766355
BLeDNfK2quI.004,train,0.6915887850467289
p5v75vAZ7F0.005,train,0.4112149532710279
aptKaxP81xA.004,train,0.4766355140186915
9Crw2RtrBcY.001,train,0.616822429906542
outvbZgNX58.000,train,0.3831775700934579
y--uBBy7ebM.005,train,0.439252336448598
1mfrM-FT-5E.000,train,0.2149532710280373
KfurkMyjD-c.001,train,0.5700934579439252
tutTFKP_fdg.005,train,0.5046728971962616
NFAlff6GUpA.005,train,0.5420560747663551
NdAJGXf8aos.005,train,0.5607476635514018
3taD1fEPfC8.003,train,0.3644859813084112
nGGtTu6dSJE.000,train,0.2710280373831775
ZaihsIQZCx8.002,train,0.4205607476635514
2rV3Ibtdnvs.000,train,0.6728971962616823
1yIGI42lzak.001,train,0.4485981308411215
Ay7bZ7Sgx9Q.004,train,0.4579439252336448
Y8gv_ZK3w4A.000,train,0.514018691588785
rXoCKj1qwn4.001,train,0.6728971962616823
lkdQjIunxSE.002,train,0.5607476635514018
D_FGBb-1B1o.002,train,0.6074766355140186
v0jtovM6Ajg.000,train,0.7102803738317757
pzfDth6nFQE.000,train,0.1588785046728971
QsUj_OlGQ-0.000,train,0.4953271028037382
b-qfeGqPd04.000,train,0.2523364485981308
WuIKjBb7s4Q.004,train,0.3738317757009345
8dVcA5J1Dcw.000,train,0.5233644859813084
p_Z4QGqu4Qo.001,train,0.5794392523364486
4nir0YtjHVs.002,train,0.5327102803738317
MOobNUpfWiY.002,train,0.2616822429906542
JBiq9X_-r84.000,train,0.514018691588785
t0AupkXkkZw.001,train,0.616822429906542
Sdqg-jn_tBk.000,train,0.6074766355140186
A7exx3pEPkE.000,train,0.2990654205607476
uRY3aJAaogw.002,train,0.5514018691588785
opEoJBrcmbI.001,train,0.4205607476635514
dy9EqbKLDP0.003,train,0.7102803738317757
N5nIQZMW_ig.003,train,0.5327102803738317
UEYKBC_SuzU.004,train,0.439252336448598
6WSr4IW6cNI.003,train,0.4112149532710279
CESTtNvDpww.003,train,0.7009345794392522
PxpbeM9VavA.001,train,0.5887850467289719
fY4tctYZTz8.005,train,0.3271028037383177
Rp_gyvKE4hI.001,train,0.3271028037383177
VvSk5m90xOs.003,train,0.2523364485981308
BA5qWO9eU2Y.000,train,0.4859813084112149
f7E26XfU8rw.003,train,0.5514018691588785
3Vr5-zedeWk.003,train,0.2710280373831775
r2HcJYjGK5s.001,train,0.4579439252336448
R0RURVpmU9M.004,train,0.6355140186915886
7IegDaeNlik.003,train,0.2710280373831775
f5jPfJYvihA.000,train,0.4205607476635514
gWCgqVn3m3k.000,train,0.7570093457943924
HUHFlCs3YJ8.005,train,0.6074766355140186
EHPZNxP5mN8.000,train,0.6355140186915886
vE9XgQL7DGE.003,train,0.3644859813084112
qyzuaettjU8.004,train,0.514018691588785
FwjoTGcsFNg.003,train,0.7476635514018691
j-XUQ3Rmq6w.003,train,0.4112149532710279
t6-ljEWQjW8.000,train,0.3177570093457943
xeE08Vn-HXI.001,train,0.3644859813084112
A0braVJH3Pw.002,train,0.4112149532710279
7b9DirXrkHo.003,train,0.4859813084112149
y--uBBy7ebM.004,train,0.5327102803738317
bMY2DaFFwzU.000,train,0.3644859813084112
KIhpjwf5uAA.001,train,0.6542056074766355
mhvkJjOAjYI.004,train,0.6074766355140186
Fco1CMgOadI.003,train,0.822429906542056
M0U48Lm33A8.003,train,0.644859813084112
k4eeYoHtnnI.004,train,0.4766355140186915
3gKpBq-1yG4.003,train,0.4112149532710279
jVGTEDAYWZ8.003,train,0.5700934579439252
9J-KIPMQmqk.004,train,0.616822429906542
GyLjVOVPGKQ.004,train,0.4579439252336448
UipoC_HLOP0.004,train,0.6635514018691588
AR3UwbmgKuQ.004,train,0.1962616822429906
muLgzV1gGao.005,train,0.4672897196261681
Cl7vQ9QR0es.002,train,0.4953271028037382
E3z1D7CKoOA.000,train,0.308411214953271
mlsiYewUwO0.002,train,0.8878504672897195
ABWFQuPG1LA.004,train,0.439252336448598
lnawWqnGpMc.004,train,0.4953271028037382
l-WgXcGLdZk.005,train,0.5981308411214953
ga_XczsO4eY.005,train,0.5514018691588785
OmXuhT4yJpo.005,train,0.7570093457943924
AwNVGShHjvw.001,train,0.4205607476635514
U_QQ8EuuWPg.001,train,0.5327102803738317
e6YTvjDXEl0.001,train,0.6355140186915886
qtB-CogljAo.001,train,0.5233644859813084
OtGJDbI9qkM.005,train,0.7476635514018691
Zwu5Y5r3Lrs.001,train,0.4672897196261681
C2MEPH7x9m0.001,train,0.5233644859813084
3AyjQQYmqU4.000,train,0.5794392523364486
4JjpfL4y3XM.000,train,0.5794392523364486
iPblZBQpafs.002,train,0.3271028037383177
IHJn3UHXCMs.004,train,0.2523364485981308
EknEAPhAjdA.001,train,0.308411214953271
fecQUZ-ehKQ.002,train,0.7289719626168224
7QeVs-mXmcI.003,train,0.9719626168224298
PCmec_zcu_w.002,train,0.7289719626168224
6JfSPPVUgIg.005,train,0.3644859813084112
p5v75vAZ7F0.003,train,0.2990654205607476
Z9GzSxQHKSI.001,train,0.4672897196261681
pwvQaSwgso8.000,train,0.4205607476635514
7kO7jYYUVWg.004,train,0.5794392523364486
OhHg1lyxe4I.001,train,0.1121495327102803
SIpQm4G4DDg.000,train,0.3831775700934579
opyTSeVCYtE.002,train,0.4299065420560747
V1I40vVRk78.002,train,0.5420560747663551
f9GeYKAXgAQ.000,train,0.4859813084112149
7BgScfRre5M.001,train,0.5046728971962616
xLfLuyIQOJE.003,train,0.4205607476635514
8py6SksNsZQ.002,train,0.5233644859813084
ciWUq6iQTIE.000,train,0.3738317757009345
fSkQXqXR7D0.001,train,0.5420560747663551
TwWDFpN3occ.001,train,0.5794392523364486
JhdFmuwquHM.003,train,0.1962616822429906
voXr6-ykd1w.002,train,0.4205607476635514
cSyVbIYfwxA.004,train,0.6542056074766355
2TMl5EMrdVI.004,train,0.336448598130841
zeUC7e-4w1E.005,train,0.6915887850467289
DzqJmiQjsZ4.000,train,0.5327102803738317
I53JQFtiQxM.000,train,0.4485981308411215
WMp0lsXbOqM.003,train,0.7757009345794392
XOioICna1hc.005,train,0.439252336448598
dLltwqkvsNg.001,train,0.5607476635514018
JIYZTruMpiI.005,train,0.6542056074766355
mXgUV0o6a20.001,train,0.6074766355140186
yBlPsPBRv5E.002,train,0.644859813084112
CuGuiOZ48Ig.001,train,0.6635514018691588
Zvdh8ym1Yrg.001,train,0.4766355140186915
DxATjKPysfs.003,train,0.4112149532710279
1AMp8Y_0UGc.004,train,0.4299065420560747
YPMffqhP0C8.004,train,0.2149532710280373
XJj34u5IzU0.002,train,0.616822429906542
6EMgu2djYrU.001,train,0.4579439252336448
dLltwqkvsNg.002,train,0.4299065420560747
VM409fZmJE0.000,train,0.3644859813084112
qBG1mjC7Zgg.004,train,0.4205607476635514
KhMsmtSC5Lg.001,train,0.5514018691588785
H8h4fAGgV18.005,train,0.439252336448598
LBrmHHzyIiY.001,train,0.5607476635514018
2P1FbMJLUAs.003,train,0.4112149532710279
HT_8WpgGqjk.000,train,0.5514018691588785
2r5NVi3SZ2I.000,train,0.7663551401869158
3J7Cl3FXs1o.001,train,0.6728971962616823
YliKljQIX2o.003,train,0.719626168224299
sDWJMBZ1mVA.005,train,0.2149532710280373
aPTNxA43WHY.002,train,0.514018691588785
tNPLxKC38Xs.004,train,0.6074766355140186
dB2XYhvqUBU.003,train,0.5794392523364486
eRRCer7epnA.005,train,0.6261682242990654
Jf8lqSpAjZ8.001,train,0.5887850467289719
u0NIAbS0mDM.001,train,0.4205607476635514
3yU-7AXnFCM.003,train,0.4485981308411215
7pLYJKO75_c.001,train,0.514018691588785
B77ZCcCMrkM.005,train,0.7943925233644858
G7hYffrZ1Hc.005,train,0.3831775700934579
FSBBbxNi0iU.005,train,0.6074766355140186
zupxsNi2er8.005,train,0.5233644859813084
53QFyec0uN0.003,train,0.5700934579439252
mxLRr3YqgMU.000,train,0.4766355140186915
gCQT7zfS7sI.002,train,0.4205607476635514
FcR9VhCxBb0.002,train,0.616822429906542
C3knX70mzxQ.005,train,0.6822429906542056
iXaqqRE76lI.003,train,0.5700934579439252
Dq7Uep06KOQ.005,train,0.2710280373831775
4NzqG0XwOWg.004,train,0.7570093457943924
UOvgGSx9k_k.001,train,0.514018691588785
Bz3Jx4QL_6Q.001,train,0.644859813084112
P6g1mZ3f76U.001,train,0.5981308411214953
fwJykIyvS04.001,train,0.4112149532710279
KYkfjIZEScM.005,train,0.6822429906542056
6N02tjYPLh8.005,train,0.4112149532710279
Eh7WRYXVh9M.000,train,0.5887850467289719
LGPm8ok6kVo.001,train,0.6355140186915886
6-_1-vBNl_0.002,train,0.3831775700934579
mEQBB6XsJFk.005,train,0.6728971962616823
zJEnT19uoPY.004,train,0.6635514018691588
c5ZnKbaNCE8.005,train,0.4766355140186915
xyOq5SL0Evc.002,train,0.4859813084112149
c5ZnKbaNCE8.000,train,0.4112149532710279
VvSk5m90xOs.000,train,0.3738317757009345
g0PWBzU95sI.001,train,0.4859813084112149
PooFvZH6fK0.003,train,0.6355140186915886
eD4b8sM-Tpw.000,train,0.3271028037383177
naAGy30bnwA.005,train,0.336448598130841
Xfmu-7JuDGg.000,train,0.3551401869158878
19pTUX8KfYM.000,train,0.5046728971962616
PsHb4YHooKM.003,train,0.5514018691588785
TPRQyuiNYmI.002,train,0.6915887850467289
HUJt0I1UKzo.002,train,0.6728971962616823
LP5N5uPfTdA.004,train,0.5233644859813084
X1EjfXX3NTk.003,train,0.5607476635514018
btcCanysQsw.004,train,0.4018691588785046
N7oR6_oMBFk.000,train,0.6355140186915886
Wby2oMliGz0.000,train,0.5794392523364486
9UEBU_yiTPs.001,train,0.5420560747663551
xun35caJTQI.002,train,0.5046728971962616
mnRuiwFx_Z8.002,train,0.5233644859813084
HONL8ha-1BE.003,train,0.5981308411214953
5ghk5950BhU.004,train,0.4953271028037382
yIe7Rp54-bU.001,train,0.5233644859813084
rJgbslC72gw.003,train,0.3177570093457943
Nv0-x4K9YFI.000,train,0.2149532710280373
ZNymNgd5EuQ.004,train,0.719626168224299
Gl93Hw1A2kY.005,train,0.4205607476635514
XT4rTk6-Etc.000,train,0.6074766355140186
hK5lmI9pwck.003,train,0.7383177570093457
xzRYaxrhne8.003,train,0.5607476635514018
w4cZStXMUII.003,train,0.5327102803738317
tiVKJWLzmk4.001,train,0.6074766355140186
jmbAPNTJ3Vk.002,train,0.4112149532710279
EiXQ9RErt6c.002,train,0.4485981308411215
UKHSKkb0V1o.005,train,0.6261682242990654
hG0I7DLSSYg.002,train,0.616822429906542
m7zdWVDT-34.004,train,0.7009345794392522
kzDQXSGGomg.002,train,0.7009345794392522
ztyBhnjtrz0.001,train,0.6074766355140186
3Q3SB1dVAng.000,train,0.5233644859813084
-VTqcHNgH7M.004,train,0.4859813084112149
M39PNQ8Omhc.005,train,0.6074766355140186
EcOC7ZVRSg4.001,train,0.5420560747663551
OxaBanUE6KE.002,train,0.6728971962616823
vYVqhg_VGP8.000,train,0.4579439252336448
G-25EWOIGNs.005,train,0.5700934579439252
qkmEt0ofGq8.002,train,0.5046728971962616
cWZudzeJVXg.000,train,0.2429906542056074
TaL5JleXDP8.005,train,0.6542056074766355
MbufNmC0JL0.004,train,0.4579439252336448
Bk9Hxn7Drxw.003,train,0.5514018691588785
8XJCdulCPkM.004,train,0.6355140186915886
LtBYojIGYEc.001,train,0.6261682242990654
djsoQkroHpo.001,train,0.3644859813084112
TIRrlL71dEQ.000,train,0.3831775700934579
1hpZ2ecWqtI.005,train,0.5327102803738317
Os7L5C-i9Fw.003,train,0.3551401869158878
bt-ev53zZWE.001,train,0.4579439252336448
A6ZWTfKPLPE.003,train,0.5514018691588785
e3NaBdG-ZmM.000,train,0.336448598130841
mZ3vypXAfHg.000,train,0.5607476635514018
zF46tAI2PQc.004,train,0.7102803738317757
T1tJTwlGqOM.000,train,0.4018691588785046
upgv7xmOb1I.002,train,0.2710280373831775
Etfh8X-ECtY.001,train,0.3738317757009345
EeI8iXLDfc0.005,train,0.4205607476635514
zupxsNi2er8.002,train,0.4018691588785046
kSk-rf7a1Ig.003,train,0.3457943925233644
u9vOa9GdNcM.003,train,0.4485981308411215
EDshSjcCsoY.002,train,0.5700934579439252
C8xZ0vhrrFE.002,train,0.4018691588785046
II2KVV-uLNI.001,train,0.6355140186915886
EP0sdDWooSw.001,train,0.616822429906542
rIRBEkDhn6Q.005,train,0.4205607476635514
kUpkeJDcxaE.002,train,0.4579439252336448
tutTFKP_fdg.000,train,0.3925233644859813
vAEqpUwBMJQ.003,train,0.5233644859813084
2IwWILRuuNU.004,train,0.6635514018691588
zH9pTx5_ZwY.003,train,0.4672897196261681
Etfh8X-ECtY.002,train,0.3457943925233644
rTG9gtci67c.001,train,0.7383177570093457
dVwDf5N2NRA.004,train,0.5514018691588785
L_gmlaz-0s4.005,train,0.4579439252336448
AvuGsnkWjt8.002,train,0.5420560747663551
8XBprf4NyOg.005,train,0.233644859813084
m3z_a0l0FRk.002,train,0.3457943925233644
dJlEHhyij5k.001,train,0.4579439252336448
ZO5JoyVTat8.002,train,0.5233644859813084
oDOoG0vX-7U.005,train,0.2897196261682243
Rwsss8y1bf0.002,train,0.4205607476635514
uATtAHyVSMM.002,train,0.336448598130841
fSkQXqXR7D0.002,train,0.4766355140186915
0tse0Fsy_rg.001,train,0.2616822429906542
cNXnowQb7rs.003,train,0.5233644859813084
fSDA4eEyGHk.002,train,0.5607476635514018
DvmzcQI5cnM.004,train,0.2990654205607476
LqtBNNM2jIw.004,train,0.4953271028037382
YucM3Zzvekg.001,train,0.4299065420560747
rGTn2uaCAT0.002,train,0.6915887850467289
Rops7WYMCCY.001,train,0.4112149532710279
zyGz_H1UTnQ.003,train,0.4859813084112149
b2Y41GrCrPs.003,train,0.4953271028037382
sTUJhj154Sc.003,train,0.5887850467289719
oU7zAWm_01o.000,train,0.6261682242990654
EaBCJB8LXdI.004,train,0.7570093457943924
h7qbP1GS50U.003,train,0.6074766355140186
ana5C73n9bY.001,train,0.6542056074766355
oYiWW-Qc0rs.002,train,0.6635514018691588
nKx64KH7Xks.002,train,0.6261682242990654
geXpIfaFzF4.004,train,0.6355140186915886
r2HcJYjGK5s.004,train,0.5233644859813084
e07IozLUeKc.001,train,0.5046728971962616
RMA5HIyEsXc.000,train,0.5327102803738317
kppgmuWEv-A.005,train,0.3177570093457943
FPfgwGsy8dE.004,train,0.5981308411214953
uTluOTPA7e4.002,train,0.5420560747663551
SyaRn3MHEIE.003,train,0.5607476635514018
Egogv6acOd0.003,train,0.2149532710280373
GGiKj4OC2Jk.001,train,0.6355140186915886
iGlLSkRAsJc.003,train,0.4953271028037382
54TGLGvIm_8.004,train,0.6355140186915886
in-HuMgiDCE.002,train,0.644859813084112
O7h-kf7hPIU.005,train,0.7009345794392522
JO44XCaQGVY.000,train,0.6542056074766355
P9WDAY-MFzk.003,train,0.5233644859813084
Cvuu76B-bxA.003,train,0.6355140186915886
HONL8ha-1BE.005,train,0.719626168224299
me15sHPOjKo.002,train,0.4766355140186915
WyLqK6wzYLU.001,train,0.616822429906542
kcHvO5ins50.002,train,0.4672897196261681
L4Jlm0vGsvc.004,train,0.719626168224299
izqyworQEEM.002,train,0.4672897196261681
176vWywoq9E.004,train,0.514018691588785
iWyAQkMVNfM.003,train,0.3271028037383177
bFwtVtZodIg.002,train,0.7289719626168224
A1lbD_OCuj4.003,train,0.3925233644859813
bej-DbxTkWA.003,train,0.4953271028037382
qpwcdPnPeFM.004,train,0.4953271028037382
iYVJt41_q7M.002,train,0.4112149532710279
9AsxY-x-TjM.004,train,0.514018691588785
GR-P1m_Yvm0.000,train,0.439252336448598
mXaI17Dx7u0.003,train,0.2803738317757009
t3A2UMN3JeE.002,train,0.616822429906542
qRtKUGgULL8.005,train,0.4672897196261681
9cWmvIfAAn0.000,train,0.5981308411214953
U_QQ8EuuWPg.005,train,0.6635514018691588
DxATjKPysfs.000,train,0.5233644859813084
As93GgkTdt4.001,train,0.8037383177570093
xRhUBifOWiI.003,train,0.514018691588785
rWT8N_yjf60.005,train,0.7476635514018691
c672aEuUa-g.004,train,0.6542056074766355
aIh8DTa3RVg.001,train,0.4672897196261681
VxtZDXM0cuQ.005,train,0.6355140186915886
rwinPicu_aw.000,train,0.4672897196261681
2UqnC_rFcRQ.003,train,0.6355140186915886
VmyIItgMzpE.002,train,0.3644859813084112
LKBoLbWHJYI.003,train,0.5420560747663551
05l5bteT_qA.000,train,0.5794392523364486
g9zgIN56MnQ.005,train,0.5514018691588785
853IG69l2SE.000,train,0.439252336448598
0FVu7VKIg2s.000,train,0.3925233644859813
z54OqeICELg.000,train,0.6074766355140186
TNjEJGdqmH0.005,train,0.5607476635514018
BuKzIqR4eBU.001,train,0.3925233644859813
JKDEEwxZwrw.005,train,0.4485981308411215
gUyH1qvbOZA.005,train,0.616822429906542
2bAsXLQjlt8.004,train,0.5233644859813084
Hm5K_K0v718.003,train,0.6261682242990654
2bAsXLQjlt8.001,train,0.6635514018691588
PpJ4S8ZM8mQ.002,train,0.4672897196261681
RYG6XhdmPY0.002,train,0.3831775700934579
BONQpwyg9KQ.000,train,0.6915887850467289
qcq5oIRJFUI.004,train,0.3177570093457943
aQVGVhcMBtE.004,train,0.6074766355140186
1Kb5d-w3YJ8.002,train,0.2616822429906542
NWlCdMyKlE0.000,train,0.5981308411214953
vqLtOsoNPnU.002,train,0.5607476635514018
T-mK85acIOc.004,train,0.616822429906542
c4XnKouozXU.001,train,0.4299065420560747
_GFregyrwfo.004,train,0.5514018691588785
OMHlfDF99Mw.003,train,0.5514018691588785
g0Zlp-F6Z6E.003,train,0.6635514018691588
e6YTvjDXEl0.002,train,0.5327102803738317
ySEeioc339E.002,train,0.514018691588785
aFVFvJNnFt0.001,train,0.3925233644859813
DTZeyoKUPx4.005,train,0.0841121495327102
54TGLGvIm_8.002,train,0.6542056074766355
dkhnv1EBvKI.002,train,0.6542056074766355
yOzHZOg95Ug.003,train,0.2803738317757009
o1mTIo1vPas.000,train,0.3644859813084112
xZFZ0Mvjiuo.001,train,0.514018691588785
R6NTuhZtOks.003,train,0.5887850467289719
IwfA-squ7Oo.000,train,0.5794392523364486
CTWMisL_HlI.003,train,0.1495327102803738
y0UCXXk9tlM.005,train,0.6822429906542056
QqTw0lnrtBo.002,train,0.3177570093457943
r1v6EmZv7-o.001,train,0.5327102803738317
mqDv8688ztg.004,train,0.4299065420560747
CRLsCyMfskE.000,train,0.6635514018691588
_IS6GFmQYj4.004,train,0.5327102803738317
U-XrzfFzMkg.004,train,0.5420560747663551
5f6s8cwA7WQ.004,train,0.6542056074766355
PHUlL5ZzX5U.005,train,0.233644859813084
qLV1a_611kA.004,train,0.514018691588785
THO-md3eEkA.000,train,0.3738317757009345
txU8yE9d-4k.003,train,0.2710280373831775
LKc69Et2Jg8.004,train,0.5887850467289719
5Eez38v8TuU.000,train,0.4485981308411215
n4NkVZ1_dfk.004,train,0.6261682242990654
2OAA4slRc5M.004,train,0.4112149532710279
wxpXOLNwW1E.002,train,0.3551401869158878
Os7L5C-i9Fw.000,train,0.439252336448598
LuLUAwn0aWU.002,train,0.5514018691588785
_G3kw9HwCqY.005,train,0.336448598130841
Wby2oMliGz0.003,train,0.6355140186915886
eXtskPoi58A.001,train,0.2616822429906542
F0VbEO_0Ybc.001,train,0.4299065420560747
vAEqpUwBMJQ.001,train,0.6261682242990654
fkDqn2muw-A.002,train,0.6915887850467289
N7oR6_oMBFk.004,train,0.6355140186915886
dDi6vy-OZRg.003,train,0.6355140186915886
Iqbg3CwVpXA.004,train,0.3738317757009345
fv5lLeyRdd4.005,train,0.6074766355140186
pzG2VeUbefw.001,train,0.5514018691588785
tw6lY2ptkvo.002,train,0.5981308411214953
RWfY3Xk0XPQ.003,train,0.514018691588785
b39BQbVhOAg.003,train,0.4018691588785046
GwKmjEb3qN0.001,train,0.3177570093457943
DZfcVxy2ceI.000,train,0.4485981308411215
VForU0EmBr0.005,train,0.5233644859813084
OZaP2T74bLI.005,train,0.6542056074766355
NhyVkwcZbTA.004,train,0.5794392523364486
AvuGsnkWjt8.001,train,0.3831775700934579
521sm7CTyfg.004,train,0.4579439252336448
8OGiv7FetSQ.002,train,0.5887850467289719
ztyBhnjtrz0.002,train,0.3271028037383177
CfNbSToI21k.005,train,0.4859813084112149
xmaC2XOhPaE.003,train,0.336448598130841
V8JaJ2IVG9E.004,train,0.644859813084112
PKyqjYem0dY.003,train,0.4112149532710279
FxVUG2R1y0Q.000,train,0.6261682242990654
gfTTzlRNF8s.003,train,0.5514018691588785
Pc-oQQwkIv8.004,train,0.2710280373831775
WosLI6krxUg.001,train,0.4299065420560747
SxKLweLx_ZE.000,train,0.2710280373831775
pzfDth6nFQE.005,train,0.2897196261682243
9RfE2-aTvaM.000,train,0.6261682242990654
nQxTTYWy7pA.001,train,0.4766355140186915
xqGyF2T3pso.000,train,0.5700934579439252
2-LDYe7OXZU.001,train,0.4299065420560747
9kEyN8a76j4.004,train,0.2990654205607476
pOtWKOF07iU.003,train,0.5607476635514018
Lt89YrQHF_w.005,train,0.4112149532710279
cQRFb-xa4Vc.005,train,0.4766355140186915
o0zIPrIQY4o.005,train,0.4953271028037382
xe3l76e8yE4.001,train,0.2990654205607476
HhC2cGFFZeY.005,train,0.3831775700934579
wDvZdcb00Bg.001,train,0.5420560747663551
DvWzedL3QCk.004,train,0.5700934579439252
wK_ExIjn5Q8.002,train,0.4579439252336448
qmiBcHJpKR0.003,train,0.6261682242990654
LLP-oZfo8oE.003,train,0.6261682242990654
NTxMChSejQE.001,train,0.3551401869158878
wYixHjntI-4.002,train,0.6542056074766355
L9sG80PI1Gw.003,train,0.5700934579439252
VoPuhcQc_mg.000,train,0.2242990654205607
qsb1j9bEENs.000,train,0.3551401869158878
QsUj_OlGQ-0.005,train,0.6074766355140186
2fzLibPAtvI.005,train,0.4953271028037382
F4yC1_n6ApY.002,train,0.4766355140186915
9n8dNi-ERQ0.004,train,0.7102803738317757
taSAaWKcmTw.005,train,0.4299065420560747
P9WDAY-MFzk.000,train,0.5794392523364486
oWDh03tstic.002,train,0.5607476635514018
Gdv79afXNKE.005,train,0.5887850467289719
2hhqEWiv4eI.002,train,0.3738317757009345
nfN9qJSVank.002,train,0.3644859813084112
sOkGz6gEmGk.000,train,0.7102803738317757
6h6kk-tPzmE.000,train,0.644859813084112
X8RfXbeIQvo.001,train,0.2149532710280373
lnawWqnGpMc.000,train,0.4299065420560747
EfQUV-C-YrU.002,train,0.3551401869158878
VtYPH6UsVnU.002,train,0.5981308411214953
eqXrUXW4yHY.003,train,0.5046728971962616
Jn76eAPxjNA.002,train,0.4766355140186915
J8YpOUmN_aI.000,train,0.5607476635514018
mBJTwQsDC4M.002,train,0.5607476635514018
b2Y41GrCrPs.000,train,0.4018691588785046
-utrsarZeIY.004,train,0.4205607476635514
VTv4BAYgJpk.002,train,0.5514018691588785
ej0RpdM9kJA.001,train,0.5514018691588785
9pGJyf1MXLY.005,train,0.5327102803738317
En4aK_1gmlY.000,train,0.4018691588785046
7Wr-fwmpRfw.003,train,0.439252336448598
cxJ0u6r0-pU.005,train,0.5887850467289719
p1qyJ_mE-2U.002,train,0.439252336448598
3orJLMVqWYw.000,train,0.6074766355140186
4fN-DKUzgWQ.001,train,0.3925233644859813
jxt1W2WRNHQ.005,train,0.4299065420560747
A3StIKMjn4k.001,train,0.6355140186915886
MnARi5OWW9Q.000,train,0.336448598130841
cOirMOCpdo8.005,train,0.5233644859813084
uTluOTPA7e4.001,train,0.5794392523364486
mhF4kYTlVUE.004,train,0.308411214953271
E6OBPHKkm6U.002,train,0.3738317757009345
VugKq4gOi50.005,train,0.6822429906542056
rqfvIjzegpI.005,train,0.7476635514018691
JO44XCaQGVY.003,train,0.5046728971962616
KYvbRwTCtaU.002,train,0.3925233644859813
0G9vplL8ae8.001,train,0.2897196261682243
lLKwlPLdYig.000,train,0.2710280373831775
CdY1ZLrWTtg.000,train,0.4299065420560747
o_kTWEEjtyw.003,train,0.2429906542056074
uHrP02iwW1o.002,train,0.4672897196261681
w989xx44UQI.004,train,0.5607476635514018
YNlhBpVk1tw.002,train,0.3457943925233644
3wgZrRMosvY.003,train,0.5233644859813084
kDJigDGDJTo.000,train,0.644859813084112
r1v6EmZv7-o.002,train,0.4018691588785046
L_gmlaz-0s4.001,train,0.4766355140186915
ioaBnmfoHgo.000,train,0.8130841121495327
ODDGS0hTcUc.001,train,0.5046728971962616
voSLxKtKr0Q.005,train,0.4953271028037382
cOossY5pTrU.002,train,0.719626168224299
2oiXF5_gTyk.003,train,0.6635514018691588
DyZlhseSuec.002,train,0.4485981308411215
NoHext7JXYU.000,train,0.4953271028037382
4yogPbHFQ9o.005,train,0.4299065420560747
THO-md3eEkA.003,train,0.1962616822429906
vP6TUda99tc.005,train,0.4018691588785046
QlBgvZjbX30.000,train,0.6915887850467289
EMqrrHHbP3s.002,train,0.5327102803738317
l3MXBCviqE8.004,train,0.3925233644859813
n_4vw3RKaog.002,train,0.4859813084112149
lyznxF-Pj6g.001,train,0.5046728971962616
PyPFJWirPjs.000,train,0.2897196261682243
lKePJbjYiy0.002,train,0.897196261682243
Zi7QHI_5ipU.004,train,0.6822429906542056
ivcVlDXJCDo.000,train,0.5794392523364486
8toLcoDcGOY.001,train,0.4205607476635514
JiXJeI5_jGM.003,train,0.5514018691588785
o5eCmKiomvo.001,train,0.5046728971962616
-55DRRMTppE.000,train,0.616822429906542
XhgDsQlEnuU.000,train,0.5887850467289719
vHn6-GQAI_Y.004,train,0.3831775700934579
yIM5bal1VVs.004,train,0.5794392523364486
9Crw2RtrBcY.000,train,0.644859813084112
Agg7z10B_iY.002,train,0.6355140186915886
_bOOlidEWgY.001,train,0.8130841121495327
XkeSLRAftxA.005,train,0.7663551401869158
ng42eoHytOA.002,train,0.2429906542056074
9ZMIYSBYIh8.003,train,0.439252336448598
4nir0YtjHVs.001,train,0.6542056074766355
495hLlCEW64.003,train,0.6728971962616823
Hm5K_K0v718.000,train,0.6915887850467289
Wd0V4MNvqcg.001,train,0.4205607476635514
Y-YdRocu0os.001,train,0.3457943925233644
3zAyM2edy1g.004,train,0.1869158878504672
cP_dSXql7z8.001,train,0.5607476635514018
kppgmuWEv-A.000,train,0.5607476635514018
Qz_cjgCtDcM.001,train,0.6822429906542056
BjQ95T-Dw1U.002,train,0.3831775700934579
UjqpaK1HlKI.005,train,0.4859813084112149
mlsiYewUwO0.003,train,0.7383177570093457
6nv6D2moFQw.002,train,0.6542056074766355
J4GQm9j0JZ0.001,train,0.4205607476635514
8GFElKeREfQ.000,train,0.4485981308411215
VbiUhNAdzus.002,train,0.4672897196261681
jZDlFzVUZwY.001,train,0.616822429906542
fpyBDfh7qF0.004,train,0.7102803738317757
OXkDmd3nA94.002,train,0.4018691588785046
qRtKUGgULL8.000,train,0.4859813084112149
mq9NNKmKYdk.004,train,0.8598130841121494
hhdzTOyFIo8.001,train,0.336448598130841
r_cVo5qZ9n0.002,train,0.4299065420560747
_S_bWJwqsmM.004,train,0.2990654205607476
CwmjP27fivQ.005,train,0.7009345794392522
f39E4ct09Cc.005,train,0.6915887850467289
_ZAqTHlu2ts.001,train,0.1308411214953271
SCnQFpdklMg.002,train,0.7102803738317757
jDdRrqRcSzM.002,train,0.822429906542056
zY0J9qKEekE.004,train,0.6074766355140186
1jC4vsQsjwM.004,train,0.644859813084112
OuE91U_n04E.001,train,0.6728971962616823
iiW_nu6JITY.001,train,0.6261682242990654
Ea0UKBPCm3Q.001,train,0.3551401869158878
Z9GzSxQHKSI.004,train,0.6542056074766355
elSd0IyX6ys.002,train,0.5420560747663551
bJktioZ5Yxk.004,train,0.5887850467289719
8Z6PrQdqffA.005,train,0.644859813084112
fsCK8Xuzl1Y.003,train,0.4018691588785046
mkJjaOADfj4.001,train,0.719626168224299
EDXQLrsZctw.000,train,0.3925233644859813
shtirfEzWFA.000,train,0.2616822429906542
f1xAVtagIks.000,train,0.514018691588785
k2buv6xZ4_o.001,train,0.4579439252336448
yVSfQZGt1co.001,train,0.6822429906542056
USO-o9dHJ3U.004,train,0.4112149532710279
K-Z_mLE8nlo.004,train,0.6261682242990654
m0tNIKbEwHE.004,train,0.7102803738317757
Z6vQQvro86Y.002,train,0.514018691588785
xDjhf8wrNWQ.003,train,0.5981308411214953
JBdLI6AhJrw.001,train,0.5981308411214953
DiaibIBisuM.001,train,0.4112149532710279
KIhpjwf5uAA.002,train,0.719626168224299
CJjNcuBLjMM.001,train,0.3177570093457943
J9MfhPoJOaw.003,train,0.8411214953271028
WU2_ELn71Rw.000,train,0.3925233644859813
9a-3LrB7cDI.003,train,0.6822429906542056
pOBn7AuGIuI.002,train,0.5794392523364486
JTmq4k4uQCY.002,train,0.6542056074766355
keW8-eSiQ70.003,train,0.5233644859813084
F0VbEO_0Ybc.002,train,0.5607476635514018
M0U48Lm33A8.004,train,0.5514018691588785
NI-tZF3gfes.004,train,0.5887850467289719
IlbODduDCb4.001,train,0.2897196261682243
eq1_h17oue4.001,train,0.6728971962616823
r4BGKIXrD9c.005,train,0.4766355140186915
rqfvIjzegpI.000,train,0.8691588785046729
CdUYBux3Vn8.005,train,0.5981308411214953
ZCLfVue6xAg.001,train,0.4485981308411215
ZNymNgd5EuQ.000,train,0.6542056074766355
AS8snUf9eX0.003,train,0.719626168224299
DctPau1p7JM.002,train,0.4485981308411215
OLFhKCgexRU.000,train,0.9158878504672896
wJl7DbsbrDA.001,train,0.514018691588785
8XJCdulCPkM.003,train,0.644859813084112
oXRhk1PUPcQ.002,train,0.5046728971962616
N0QizgPLLbs.000,train,0.5700934579439252
WGP2HLnoma0.001,train,0.2710280373831775
fmue_KpW9Ro.004,train,0.4579439252336448
1Gn4GX8miWQ.003,train,0.7476635514018691
pkwzo1OkEmY.002,train,0.4018691588785046
NvJ4jRPUuS0.001,train,0.3644859813084112
FM5UaJS-bhg.004,train,0.4672897196261681
hOXvRgxjfik.000,train,0.2149532710280373
XQZ5M9oLkXw.005,train,0.616822429906542
xyOq5SL0Evc.004,train,0.719626168224299
qr1C43Ylavg.005,train,0.644859813084112
PWM-bKcs2p8.001,train,0.1121495327102803
NYlFsljF0VM.005,train,0.5046728971962616
KtY6C83o2rs.005,train,0.4953271028037382
upgv7xmOb1I.003,train,0.233644859813084
2x8GZaBY6TM.003,train,0.2803738317757009
ox-qZvCLtls.005,train,0.439252336448598
Sdqg-jn_tBk.004,train,0.6355140186915886
clMg72MI8rw.004,train,0.6635514018691588
GO6s-qDADuU.004,train,0.5514018691588785
TQHzCznQ14Y.003,train,0.4766355140186915
EffEoI1l1zE.001,train,0.514018691588785
II2KVV-uLNI.005,train,0.5327102803738317
KHQJhOzdrYo.004,train,0.4766355140186915
KM6Nc_VipyQ.005,train,0.6261682242990654
4TpJ1FT2w6Y.004,train,0.7850467289719626
XcEFSi3uaJM.005,train,0.5794392523364486
UA6UY69EVSI.004,train,0.3551401869158878
QKlawwZQK9M.001,train,0.5514018691588785
UipoC_HLOP0.003,train,0.6635514018691588
nIwFocnmRFY.000,train,0.4018691588785046
zT_s9X21gAE.005,train,0.6355140186915886
Gd08FYfFRtk.004,train,0.5887850467289719
0mym1CooiTE.003,train,0.7663551401869158
aMPe0uSKqF4.002,train,0.4299065420560747
SFxiMxHvJuo.005,train,0.514018691588785
RhSWpef2e6s.000,train,0.5981308411214953
hhdoeK8SsiI.001,train,0.5233644859813084
2mfmw63l88g.003,train,0.1869158878504672
X-i_eQ48DBw.000,train,0.6074766355140186
tNPLxKC38Xs.002,train,0.6542056074766355
bAxlTgobVHE.000,train,0.514018691588785
1cqwKxx6GF8.001,train,0.439252336448598
BLeDNfK2quI.005,train,0.6635514018691588
DQORBD8hINs.005,train,0.308411214953271
aqd4_4ga1fQ.004,train,0.2616822429906542
Wa-HX5jP3ew.003,train,0.1775700934579439
LXmwDq89LdA.000,train,0.514018691588785
a4bCX4P_5KI.000,train,0.5046728971962616
ana5C73n9bY.005,train,0.644859813084112
8PXQ_5tUv74.005,train,0.6635514018691588
cZ6xhB5yhfY.001,train,0.6355140186915886
xvLi31p57oA.004,train,0.5607476635514018
m536hegSuKI.004,train,0.4299065420560747
nBjBfN9SbpM.003,train,0.1962616822429906
XFpzukISe6s.005,train,0.4205607476635514
qCFFW1dM8V8.005,train,0.4018691588785046
WfZodMIIGR0.000,train,0.4205607476635514
5kaqMZ7SB9w.002,train,0.5794392523364486
J28DwJsK8Do.002,train,0.7476635514018691
FkuwzJcoRVI.004,train,0.3551401869158878
e07IozLUeKc.005,train,0.5887850467289719
I_ncZcYgFjw.000,train,0.5233644859813084
dB65He57Ki8.001,train,0.6261682242990654
vHIBCKwJLEY.003,train,0.7102803738317757
shAhNNV-zHA.001,train,0.5514018691588785
Wd0V4MNvqcg.002,train,0.5514018691588785
5VG1EgzvprE.000,train,0.5887850467289719
OZlpENU9h28.003,train,0.308411214953271
YEbaKrAxo5I.001,train,0.5233644859813084
F0_EI_X5JVk.005,train,0.5700934579439252
hT83GkLYIFs.001,train,0.3925233644859813
AZj2VoCcayA.001,train,0.5981308411214953
TPk6KiHuPag.000,train,0.8037383177570093
9ydyJKZBWiA.002,train,0.439252336448598
bzaOB8BoWPU.003,train,0.4859813084112149
ua5c716lu5s.005,train,0.4766355140186915
gWCgqVn3m3k.001,train,0.6728971962616823
0C6i34q2-f8.003,train,0.4766355140186915
3RhBqNzCMG8.001,train,0.6355140186915886
mK8ebTJyrCI.002,train,0.3644859813084112
FwjoTGcsFNg.002,train,0.616822429906542
lLWOcztaIBI.003,train,0.6261682242990654
LRU4jLhKaak.003,train,0.8037383177570093
zRiS2gIUc9s.001,train,0.4766355140186915
lnawWqnGpMc.005,train,0.1308411214953271
NXG4n1pr4Ok.002,train,0.5981308411214953
9UWCHrG5mys.004,train,0.3457943925233644
2PSGksTyrnI.003,train,0.2523364485981308
RtNylXap2qk.000,train,0.644859813084112
4V7doeEKsus.002,train,0.5046728971962616
DVh_7dO2cWY.003,train,0.8130841121495327
mIQnQ8Nmj-c.001,train,0.3457943925233644
OgPC4wnLJR0.005,train,0.1962616822429906
pPtzEnf5afw.003,train,0.5046728971962616
4LZJvOecyM8.005,train,0.3831775700934579
iPblZBQpafs.001,train,0.3925233644859813
odHogR_36Dc.002,train,0.5514018691588785
xDjhf8wrNWQ.001,train,0.6074766355140186
iiW_nu6JITY.004,train,0.616822429906542
81f9t2HMNas.002,train,0.1869158878504672
ga_XczsO4eY.004,train,0.4766355140186915
RlaaCqle7tY.003,train,0.308411214953271
zFVjcb45pjI.002,train,0.2803738317757009
Z3E1jkaNRKs.000,train,0.616822429906542
Z6vQQvro86Y.001,train,0.5514018691588785
qj-3b8snKho.002,train,0.336448598130841
kppgmuWEv-A.003,train,0.514018691588785
uwYQKM_STCw.005,train,0.4953271028037382
y--uBBy7ebM.002,train,0.5327102803738317
40rn4A64Bdk.001,train,0.336448598130841
XfUqFt2amrM.003,train,0.3738317757009345
G2D3qU6R_YA.001,train,0.7757009345794392
cP_dSXql7z8.005,train,0.6915887850467289
c_pyBvsSlCY.004,train,0.4018691588785046
rIRBEkDhn6Q.003,train,0.5700934579439252
V9roK_mLM-w.000,train,0.5420560747663551
OTXGM3Guxy4.004,train,0.4485981308411215
3P_D_bd-_NM.005,train,0.5514018691588785
9hqH1PJ6cG8.001,train,0.2803738317757009
3gKpBq-1yG4.001,train,0.4018691588785046
6JfSPPVUgIg.003,train,0.336448598130841
ouYYWCY__5A.000,train,0.5327102803738317
p6UMx8dwHZQ.003,train,0.3271028037383177
nKx64KH7Xks.004,train,0.5046728971962616
glgfB3vFewc.002,train,0.6635514018691588
cLaZxEf1nE4.002,train,0.5607476635514018
ZGox7tevC6A.004,train,0.6355140186915886
AheKnXrL0Wk.002,train,0.439252336448598
XOioICna1hc.004,train,0.3644859813084112
BlvmREgt2C0.002,train,0.7289719626168224
bcx6xr9Ja-8.001,train,0.4672897196261681
tepWDnvIuRg.005,train,0.4672897196261681
LRczShwIVbM.005,train,0.6822429906542056
vp9p1osOaLI.002,train,0.3457943925233644
ncmnmmmWEpU.005,train,0.6822429906542056
D4TU65xbF4g.001,train,0.5420560747663551
ncmnmmmWEpU.000,train,0.7383177570093457
x6Tluj4dJTU.002,train,0.514018691588785
NOrjfF0-pQ4.004,train,0.4859813084112149
B-OJ_xZILLg.001,train,0.4579439252336448
JFKZEGDhcRs.005,train,0.4766355140186915
MajYvFTkKnk.004,train,0.439252336448598
K7vBdKrcFKo.001,train,0.3177570093457943
7nJPNkWZDOY.003,train,0.6635514018691588
J0JrzUmZGcA.002,train,0.4299065420560747
haxhAfuccuE.000,train,0.6635514018691588
W8NkAXNboT0.000,train,0.6728971962616823
0mym1CooiTE.001,train,0.6822429906542056
UGp1GNK0GWg.000,train,0.336448598130841
F4UeAogUMMs.005,train,0.5327102803738317
19cplBTXyoY.002,train,0.6728971962616823
gq0yaEv6gSE.000,train,0.2710280373831775
3y3au0hVfm8.001,train,0.5327102803738317
vrMlwwTLWIE.005,train,0.3644859813084112
mnRuiwFx_Z8.005,train,0.3738317757009345
zxuPCshTSOs.002,train,0.4205607476635514
yVSfQZGt1co.004,train,0.4766355140186915
Y1LrgyCJtpU.003,train,0.3925233644859813
ADa9rkwF2uA.002,train,0.514018691588785
Lq4uvcHNiy8.003,train,0.3271028037383177
dLaqub4BEsA.003,train,0.7009345794392522
wzCdM6Fe_4A.001,train,0.6635514018691588
ZX3okNzASCs.000,train,0.7289719626168224
c672aEuUa-g.002,train,0.4859813084112149
cFGjJg-2zOk.001,train,0.5046728971962616
qW0TYVtzq5A.000,train,0.4205607476635514
3JzvXA-Zfbs.000,train,0.4485981308411215
QipgesEKSNA.004,train,0.4299065420560747
CQMH9Qguuao.003,train,0.5607476635514018
N0QizgPLLbs.005,train,0.5700934579439252
kY_4WyAXxrQ.000,train,0.5514018691588785
SUI6WNryjqw.002,train,0.6728971962616823
rCxlfusNJlY.001,train,0.5981308411214953
ZRl_k6DzTeI.000,train,0.4672897196261681
VA5XjOaBH0Y.000,train,0.719626168224299
fpyBDfh7qF0.001,train,0.644859813084112
jolhoLhAurM.004,train,0.7383177570093457
hIFNZ_ycngg.001,train,0.4579439252336448
KhMsmtSC5Lg.000,train,0.5046728971962616
8Z6PrQdqffA.001,train,0.4953271028037382
_0bg1TLPP-I.004,train,0.5981308411214953
mZQP06F94u8.003,train,0.5327102803738317
ev42vngXERU.000,train,0.5514018691588785
orlXEgAepGo.000,train,0.4485981308411215
gLtvOEy7m8Q.002,train,0.6728971962616823
qktahyrtrFs.001,train,0.3925233644859813
O2wMPdp2-Is.002,train,0.8691588785046729
kmV6Qtv0amA.001,train,0.6635514018691588
uf_sIIw4zxY.005,train,0.514018691588785
nLB29nx1Jp4.001,train,0.6635514018691588
JcNmLCtlKok.001,train,0.514018691588785
BLeDNfK2quI.000,train,0.7663551401869158
DvmzcQI5cnM.003,train,0.4112149532710279
fEC3lEDxRnc.005,train,0.4299065420560747
44rxmXiga90.004,train,0.5046728971962616
T8ibN-b3h7Y.001,train,0.644859813084112
opqoflph5ZE.004,train,0.5794392523364486
j3jdT1V-DeI.001,train,0.2803738317757009
jZhlaIUFMLc.003,train,0.7009345794392522
W0Ay5uul8j0.001,train,0.4859813084112149
izqyworQEEM.001,train,0.4205607476635514
EmGTj1DRMbo.000,train,0.6261682242990654
dVwDf5N2NRA.002,train,0.6542056074766355
BS0wgLXqFgc.001,train,0.4485981308411215
1mHjMNZZvFo.000,train,0.7102803738317757
xrxAyO8pKUo.003,train,0.8317757009345793
9CPKW0sqR3E.003,train,0.4953271028037382
JbXgnjVWEoM.002,train,0.3551401869158878
521sm7CTyfg.001,train,0.4859813084112149
UQeuBvZNusI.003,train,0.4018691588785046
7tlMys6MZ34.001,train,0.5327102803738317
jwPTGuWAnSI.004,train,0.6635514018691588
nex61B854Ms.003,train,0.4299065420560747
dkhnv1EBvKI.004,train,0.5700934579439252
Pn_LNsSsm58.001,train,0.308411214953271
8narByy2B5g.001,train,0.3644859813084112
48S9_KZvzVw.003,train,0.6822429906542056
Pb7aNc6Kd40.001,train,0.7009345794392522
2DZb5yIc6Fg.002,train,0.2149532710280373
9QOFKbaPX3M.001,train,0.308411214953271
T1_6sVNHG70.000,train,0.439252336448598
5CRqN54uejE.005,train,0.6635514018691588
xmD4FKMq2rk.005,train,0.4112149532710279
yj2Y1Y26rd4.001,train,0.4299065420560747
nskJh7v6v1U.005,train,0.6635514018691588
DfpKVl9Zpdg.004,train,0.3644859813084112
9Lbj3wpwk-c.003,train,0.4018691588785046
JoQRNgGQCgY.003,train,0.5514018691588785
UANQntvIqVk.003,train,0.6728971962616823
bzaOB8BoWPU.000,train,0.5233644859813084
BeyIfaH64xY.004,train,0.4299065420560747
K4UcCvZOxWo.001,train,0.4018691588785046
4CiR99jTzso.000,train,0.2897196261682243
hG0I7DLSSYg.003,train,0.6542056074766355
-R2SZu3SYgM.004,train,0.2710280373831775
XEpdSMQfEOs.003,train,0.5981308411214953
tepWDnvIuRg.003,train,0.6728971962616823
Jv2lyDcOmEM.003,train,0.1682242990654205
3WoXkI06zGk.001,train,0.3925233644859813
KAGTaM0Z9tA.004,train,0.6915887850467289
qoZwA4ESb7g.003,train,0.4953271028037382
RYG6XhdmPY0.005,train,0.3177570093457943
5hFRSHAis2E.003,train,0.514018691588785
HEHMW0uiFa4.000,train,0.3457943925233644
d-cZdeTp0jo.001,train,0.336448598130841
5PsD_NFMWpQ.000,train,0.4672897196261681
8XJCdulCPkM.005,train,0.6261682242990654
Ry5JJvTfP-8.004,train,0.4018691588785046
fLRRMLTFGMQ.000,train,0.4205607476635514
Q4z4GRUtccE.005,train,0.439252336448598
D4hPHPp1W-Q.000,train,0.4672897196261681
NvwD448H-40.001,train,0.4672897196261681
eT3BERfkCBE.003,train,0.6261682242990654
j-XUQ3Rmq6w.001,train,0.5700934579439252
wYixHjntI-4.004,train,0.5420560747663551
0zJcYnsh55g.003,train,0.5327102803738317
Lz3suTodXQM.002,train,0.5420560747663551
1mdMhaq5p4w.001,train,0.4299065420560747
FkzVX7SQ9wE.002,train,0.6542056074766355
O7ke1Wjb1ZM.003,train,0.4112149532710279
evrzg3Pzyc0.001,train,0.3177570093457943
ax1Fck6zMzk.003,train,0.4672897196261681
APqMkruLkoE.004,train,0.7757009345794392
2mfmw63l88g.001,train,0.2056074766355139
IFF47jVKMj8.004,train,0.514018691588785
n6JNJurop2U.000,train,0.5700934579439252
vNEs2yGe77s.000,train,0.4018691588785046
D4TU65xbF4g.002,train,0.5233644859813084
2pNKs0i3YkY.002,train,0.5233644859813084
XcEFSi3uaJM.000,train,0.5607476635514018
NTATNIs2sSc.001,train,0.3644859813084112
0C6i34q2-f8.000,train,0.3271028037383177
ZRrduU1CXqU.001,train,0.4579439252336448
9_6auSk_wkY.004,train,0.5981308411214953
Jhz5ssCKaug.003,train,0.5794392523364486
kUpkeJDcxaE.003,train,0.5046728971962616
dRP8ZaAryro.000,train,0.4953271028037382
VnUkBYQkJms.003,train,0.5046728971962616
UVMEzA3yHsM.001,train,0.3925233644859813
yHwuRYr5lxk.004,train,0.5700934579439252
I5x9T9ftW18.004,train,0.5887850467289719
ePQJMluhLjQ.001,train,0.5607476635514018
7UQt8QB3cQY.001,train,0.3925233644859813
KppCIwj0hC4.004,train,0.5233644859813084
OIRq4d8IyKc.002,train,0.2429906542056074
LCafv-LfC3Y.003,train,0.6261682242990654
8hGOOynn3ZU.005,train,0.3831775700934579
TCzYD74Xqe8.002,train,0.5046728971962616
RbX4q4KceVk.005,train,0.5607476635514018
ana5C73n9bY.000,train,0.5327102803738317
tCnfvBwWVKw.002,train,0.5981308411214953
nfN9qJSVank.004,train,0.3551401869158878
pvvff396Rqg.004,train,0.5794392523364486
DvmzcQI5cnM.005,train,0.4485981308411215
186c7kCyCHQ.005,train,0.4579439252336448
r9TaaVTo8Y8.003,train,0.5327102803738317
ZNRfeL8nPfw.004,train,0.6728971962616823
sTUJhj154Sc.005,train,0.4485981308411215
dvCKoyBG1pE.004,train,0.1308411214953271
jwcSbw4NDn0.004,train,0.4112149532710279
AFvUxDwJB84.002,train,0.4672897196261681
nOCSTnpB_F4.001,train,0.514018691588785
PHv6CzBIC5E.004,train,0.0186915887850466
YuoLr4xDvbE.000,train,0.6915887850467289
9mAw0B-mEPQ.001,train,0.5700934579439252
PpJ4S8ZM8mQ.000,train,0.6355140186915886
wsBrLt5coeM.000,train,0.4485981308411215
IyBCZySg-c4.003,train,0.3831775700934579
eB6ZlBG6OeA.002,train,0.4112149532710279
sSR1a5XW7n4.001,train,0.5514018691588785
k1eXxMAfnIY.005,train,0.616822429906542
Gk94xrcmFts.002,train,0.2056074766355139
X9AEEGzWSU8.002,train,0.4859813084112149
gggp205gPMI.003,train,0.644859813084112
JIR4aPcyrn8.001,train,0.308411214953271
8waTw8jF1Ys.000,train,0.439252336448598
pJGLxS81YBc.004,train,0.2056074766355139
y7MEVu2nyes.003,train,0.6074766355140186
iJGHwoJKEpA.003,train,0.3177570093457943
mXaI17Dx7u0.000,train,0.2990654205607476
F0kidNe_RSo.002,train,0.5514018691588785
kDXYolv-8p8.003,train,0.5794392523364486
Z_STuUHKQTg.004,train,0.4672897196261681
yOzHZOg95Ug.004,train,0.1682242990654205
t899haDGi38.005,train,0.6261682242990654
m4-vvEeWP8s.002,train,0.719626168224299
Cvuu76B-bxA.002,train,0.4766355140186915
84emxO86qa8.005,train,1.0
FlAGm93fJa0.004,train,0.3551401869158878
E3z1D7CKoOA.003,train,0.5233644859813084
0ObEtA6Q8vU.005,train,0.5514018691588785
NG8qWulkRM4.002,train,0.1869158878504672
g1TMjzZH8bw.004,train,0.308411214953271
k2buv6xZ4_o.005,train,0.5327102803738317
cvHqtadNJDo.000,train,0.5233644859813084
rTG9gtci67c.005,train,0.4953271028037382
taSAaWKcmTw.002,train,0.5700934579439252
lCWWjATDrRM.003,train,0.5981308411214953
TNtcyfM9jak.002,train,0.1214953271028037
jxoOEkSq0uM.001,train,0.6915887850467289
YZp79VcnY0w.004,train,0.2990654205607476
a84s1DYag-I.001,train,0.4953271028037382
2kqPuht5jTg.002,train,0.7663551401869158
4lH5nLSwmoM.003,train,0.6355140186915886
5Mc-mjLvvGU.000,train,0.1869158878504672
KD9rExmTXcE.005,train,0.6261682242990654
kN9cs2nFhM4.004,train,0.4112149532710279
Cl5jhuLQ9Dg.005,train,0.6355140186915886
tvKUJujTUEo.001,train,0.6542056074766355
PWAe9M2SxT8.004,train,0.4112149532710279
CUiG7UZ9A3k.002,train,0.5700934579439252
Zvdh8ym1Yrg.003,train,0.6728971962616823
vJnjjy5DZN4.001,train,0.5887850467289719
EgolOPjkkg8.004,train,0.2710280373831775
h9jIdLBaMEo.000,train,0.7102803738317757
MrYEK0nvnAo.003,train,0.4953271028037382
U9NlCSah83U.001,train,0.4112149532710279
J30sMEMrKjA.001,train,0.5887850467289719
xmD4FKMq2rk.001,train,0.4299065420560747
r2BoxB3kgYk.000,train,0.4953271028037382
LKqO2BhfAvM.002,train,0.2990654205607476
-utrsarZeIY.001,train,0.5514018691588785
176vWywoq9E.000,train,0.3738317757009345
TTx4lC7LLcI.001,train,0.4205607476635514
sntohi33U5s.004,train,0.5700934579439252
VuadgOz6T7s.002,train,0.1682242990654205
EknEAPhAjdA.004,train,0.2149532710280373
fbjDmltKVOM.000,train,0.6261682242990654
jpyU48DzGTY.005,train,0.2710280373831775
vHc0pnY9BoI.002,train,0.5514018691588785
PuVy3akfzNI.000,train,0.4766355140186915
IveGfOJ86wY.004,train,0.439252336448598
Rw_ZLT9vZTI.003,train,0.6542056074766355
MZkDsB04kt8.004,train,0.6261682242990654
lLObIVKYDUI.004,train,0.2803738317757009
CV930dFsubs.003,train,0.4018691588785046
3HA2W1s4oP8.001,train,0.3738317757009345
ce7t2PgzMGw.000,train,0.514018691588785
SYlV95nPTPs.001,train,0.4018691588785046
sf29orxf4X0.002,train,0.3271028037383177
13XlKeC_p3U.000,train,0.7850467289719626
m4KKYcD6CZw.002,train,0.5046728971962616
GMwEmLo-gfc.002,train,0.6074766355140186
XvV4YdhpC2w.002,train,0.5887850467289719
cQRFb-xa4Vc.002,train,0.3457943925233644
CRLsCyMfskE.003,train,0.5514018691588785
6LKbPUX03sY.003,train,0.4205607476635514
0uCqd5hZcyI.000,train,0.4205607476635514
7Y4cUPFEt-4.005,train,0.5233644859813084
WATt9OOVZh8.001,train,0.8037383177570093
--Ymqszjv54.003,train,0.3925233644859813
jZhlaIUFMLc.000,train,0.6542056074766355
gipWTZy9mjI.000,train,0.2523364485981308
x57nEfACdXA.001,train,0.5981308411214953
_GFregyrwfo.005,train,0.7663551401869158
jvHDFrgu9PA.005,train,0.7476635514018691
rGNeR3p1jKU.001,train,0.308411214953271
eXtskPoi58A.003,train,0.2429906542056074
VZ6jhnbk-5g.001,train,0.7757009345794392
AR3UwbmgKuQ.001,train,0.3925233644859813
CpmR-91GxmY.000,train,0.8691588785046729
b39BQbVhOAg.005,train,0.5327102803738317
9Crw2RtrBcY.002,train,0.8691588785046729
sPMNhG1Sehc.004,train,0.4205607476635514
9sfpnlBRCl0.000,train,0.5700934579439252
PYYC0Jiwfdg.004,train,0.7476635514018691
GocSYjCaMlA.005,train,0.3457943925233644
IveGfOJ86wY.000,train,0.4859813084112149
iOv0_RdVPCM.000,train,0.6728971962616823
SR1Q5M2urxY.003,train,0.4299065420560747
cxJ0u6r0-pU.003,train,0.6822429906542056
C_NtwmmF2Ys.003,train,0.1028037383177569
U-XrzfFzMkg.005,train,0.3925233644859813
AvuWv3LLmrA.005,train,0.4672897196261681
gj3-xvhPeWg.005,train,0.6074766355140186
DTZeyoKUPx4.003,train,0.1962616822429906
W0FCCk0a0tg.003,train,0.2523364485981308
v0jtovM6Ajg.003,train,0.6822429906542056
6ePyEPQp77Q.004,train,0.5046728971962616
8eeZjC_bmtc.001,train,0.2990654205607476
ztyBhnjtrz0.003,train,0.4299065420560747
hZIGQXercNA.001,train,0.719626168224299
PoF3lxFDggQ.000,train,0.5233644859813084
AuaQ0rtedRk.001,train,0.308411214953271
PoF3lxFDggQ.005,train,0.439252336448598
35-2f1y0guA.000,train,0.6635514018691588
0ObEtA6Q8vU.003,train,0.6635514018691588
-5riMLK-PgU.001,train,0.3738317757009345
wm94g-5Cg5s.002,train,0.644859813084112
l1V-DuJ-WgU.002,train,0.4205607476635514
dRP8ZaAryro.003,train,0.6542056074766355
3S72dDIm1fM.001,train,0.7009345794392522
wDvZdcb00Bg.002,train,0.5514018691588785
Etw3iulV5Eg.003,train,0.7009345794392522
gOS-CneQsxI.003,train,0.5327102803738317
OZaP2T74bLI.004,train,0.7757009345794392
7nhJXn9PI0I.004,train,0.6728971962616823
osqQpQsJNPQ.001,train,0.4766355140186915
shAhNNV-zHA.005,train,0.5981308411214953
Or2_bP4lWYI.005,train,0.7383177570093457
1W7XLdNpEgc.005,train,0.5794392523364486
oHudDVcT5Lg.002,train,0.644859813084112
90p68AEmNMA.000,train,0.1869158878504672
pzG2VeUbefw.005,train,0.6542056074766355
cBR5cDwwdno.004,train,0.7009345794392522
bZAKBS9q0ZI.002,train,0.5981308411214953
65xWDhgq1OE.004,train,0.7383177570093457
mlsiYewUwO0.005,train,0.8130841121495327
Bije9nsMl7M.003,train,0.5794392523364486
g_UeE-1ghtQ.001,train,0.6635514018691588
X9AEEGzWSU8.001,train,0.5233644859813084
yFZ3eUD6Pqs.003,train,0.5046728971962616
DCROfrHI1MU.001,train,0.4953271028037382
cOirMOCpdo8.001,train,0.3831775700934579
EA8BEYAZqAA.001,train,0.7943925233644858
0RLFM1ehSFM.000,train,0.6355140186915886
wr4dP9MuHME.004,train,0.5420560747663551
YLKPVl-M3Ck.000,train,0.5981308411214953
3df_Uk9EmwU.000,train,0.3831775700934579
KJ643kfjqLY.003,train,0.5794392523364486
ZT7cEiaYGp8.000,train,0.7009345794392522
Os7L5C-i9Fw.004,train,0.5514018691588785
Qu81v9Aybv4.004,train,0.616822429906542
X5aKCrWf6a4.003,train,0.4485981308411215
f7E26XfU8rw.005,train,0.4672897196261681
4vJ69g7gAH4.001,train,0.5327102803738317
oqXx6ipHfUE.005,train,0.3551401869158878
6TkMavTyimI.000,train,0.5887850467289719
nghDz0el8iI.001,train,0.7850467289719626
grhDDOLsBho.002,train,0.4485981308411215
HT_8WpgGqjk.003,train,0.6261682242990654
sOkGz6gEmGk.001,train,0.4205607476635514
wuhoIm_jPc0.002,train,0.3738317757009345
OTXGM3Guxy4.003,train,0.4205607476635514
gAWA-fcIa_M.003,train,0.3925233644859813
Znixev2a1AI.001,train,0.5046728971962616
z_W8_j7CB2A.001,train,0.2429906542056074
qtB-CogljAo.002,train,0.6355140186915886
KYvbRwTCtaU.000,train,0.4485981308411215
ZeGT9pSG734.002,train,0.4953271028037382
BJpWi1qGp1A.000,train,0.4485981308411215
Qz_cjgCtDcM.003,train,0.514018691588785
XbsA_lCKQLs.002,train,0.4859813084112149
Q4z4GRUtccE.000,train,0.4485981308411215
b6eoqD1J_qU.004,train,0.7757009345794392
JciLbidX1Q8.003,train,0.7850467289719626
Rops7WYMCCY.003,train,0.3177570093457943
Q6We7dJplls.005,train,0.5794392523364486
B77ZCcCMrkM.004,train,0.6074766355140186
OTXGM3Guxy4.000,train,0.4299065420560747
2AYq7CdNXNo.000,train,0.616822429906542
3DURnr95fMg.000,train,0.2523364485981308
AP0aklGHino.003,train,0.2710280373831775
ZRrduU1CXqU.004,train,0.5607476635514018
LGgx7RVdL2Y.002,train,0.3177570093457943
p7-JUvStF4w.005,train,0.308411214953271
ask-ZFRztf8.005,train,0.3644859813084112
QiPb8vlGDFo.002,train,0.4299065420560747
VugKq4gOi50.004,train,0.7383177570093457
nDsTSmE73M0.005,train,0.4579439252336448
eFzN_frNW8g.003,train,0.514018691588785
5BPGRteF64Y.005,train,0.514018691588785
mflgXFsGU9w.000,train,0.4299065420560747
KXUERmhPyr8.002,train,0.3644859813084112
5Eez38v8TuU.003,train,0.2523364485981308
4QUgf0dHnKk.005,train,0.5607476635514018
mkJjaOADfj4.003,train,0.7102803738317757
PWM-bKcs2p8.004,train,0.2242990654205607
84emxO86qa8.001,train,0.8411214953271028
YJ5CINQ8v_E.001,train,0.5887850467289719
Bo-mrL28d8M.004,train,0.2523364485981308
hrat_RJczFM.004,train,0.3738317757009345
LeQKH1vAVpg.001,train,0.6542056074766355
xotlPVnG05U.000,train,0.4579439252336448
t30ERiF6b50.000,train,0.6915887850467289
300gK3CnzW0.004,train,0.4766355140186915
DVh_7dO2cWY.005,train,0.644859813084112
cgp1OzTOq1o.004,train,0.7383177570093457
aPTNxA43WHY.000,train,0.7289719626168224
Vy-Lr_iM5qo.000,train,0.5327102803738317
0gv5Z0qt2jc.005,train,0.2242990654205607
8aLr0vNobr4.000,train,0.2429906542056074
t899haDGi38.004,train,0.6728971962616823
H6yu96w7tUc.005,train,0.5046728971962616
UtVo107m5lg.002,train,0.3457943925233644
4TpJ1FT2w6Y.001,train,0.7102803738317757
13KtmgntgQw.002,train,0.6635514018691588
lNaZ4aJaiBU.000,train,0.5420560747663551
YuoLr4xDvbE.004,train,0.6915887850467289
qoztP0w5-Vo.005,train,0.4485981308411215
cnsvc0alWOA.000,train,0.5514018691588785
Cl7vQ9QR0es.000,train,0.3738317757009345
s0pgZM5G6ds.003,train,0.4205607476635514
Cl7vQ9QR0es.005,train,0.3271028037383177
G2D3qU6R_YA.004,train,0.5887850467289719
iXaqqRE76lI.001,train,0.3271028037383177
fDw_PAgW07o.001,train,0.2803738317757009
xRhUBifOWiI.001,train,0.5981308411214953
cgp1OzTOq1o.000,train,0.5046728971962616
m7zdWVDT-34.001,train,0.6635514018691588
DLuwObrDhtc.000,train,0.2897196261682243
yEWy_vXTTJU.005,train,0.439252336448598
ygUEI08LgcM.002,train,0.233644859813084
Kq-c6lqGNlo.001,train,0.7009345794392522
SsoZjq7x4MA.004,train,0.5046728971962616
XN5vpJU3ifw.004,train,0.3271028037383177
6NHEp_CF2jE.000,train,0.7850467289719626
BjQ95T-Dw1U.004,train,0.4205607476635514
isqmQc9AfBc.003,train,0.4953271028037382
dNXqs5HNijI.004,train,0.7289719626168224
8bn3HZY76xU.001,train,0.3457943925233644
rG8D-A2F8xg.004,train,0.4485981308411215
evrzg3Pzyc0.002,train,0.4859813084112149
7IegDaeNlik.002,train,0.2803738317757009
F-Dy1EFm_Mw.005,train,0.8691588785046729
m0iznoJi8hw.001,train,0.6542056074766355
UOvgGSx9k_k.002,train,0.514018691588785
m0tNIKbEwHE.003,train,0.8037383177570093
9cj8rrj1wSk.004,train,0.7850467289719626
USO-o9dHJ3U.001,train,0.3644859813084112
SxRNdq2nGN0.001,train,0.4112149532710279
-OXMbG7ZwRk.005,train,0.3738317757009345
VGoAtKcKIe8.005,train,0.644859813084112
vtOEl_Mg0Io.000,train,0.5887850467289719
1tPH6PNeOSk.004,train,0.7570093457943924
a5-PJqy9QmU.002,train,0.439252336448598
Psahy1Vju4A.000,train,0.7009345794392522
wFZJ3gTKwwM.002,train,0.2616822429906542
nClvfVFYzbM.000,train,0.6822429906542056
VIhStXxpAr0.004,train,0.514018691588785
Tg8a_iNEamM.000,train,0.1588785046728971
AR3UwbmgKuQ.005,train,0.336448598130841
J4GQm9j0JZ0.005,train,0.4953271028037382
1yIGI42lzak.002,train,0.3457943925233644
3GylAjrajHs.004,train,0.3644859813084112
9rF3BEXetOo.000,train,0.4953271028037382
rT0TqakPrAI.000,train,0.5700934579439252
ld7mBR4v3yU.002,train,0.5327102803738317
7qGYGbIg45c.002,train,0.4859813084112149
xpSCu7PgJts.000,train,0.3644859813084112
Rp_gyvKE4hI.000,train,0.6355140186915886
RrvG7JlKoXM.004,train,0.4299065420560747
YC3X1DcnUrk.000,train,0.1775700934579439
2PSGksTyrnI.004,train,0.2523364485981308
EP2rMX4AQis.000,train,0.4766355140186915
jolhoLhAurM.002,train,0.644859813084112
8n6G3V3-Tk8.005,train,0.5607476635514018
TNtcyfM9jak.001,train,0.3738317757009345
ya8Ec_yTai8.003,train,0.5794392523364486
FM5UaJS-bhg.002,train,0.3271028037383177
j3jdT1V-DeI.004,train,0.1682242990654205
4JjpfL4y3XM.001,train,0.616822429906542
mBJTwQsDC4M.003,train,0.4953271028037382
hM96SfN5_F4.004,train,0.5046728971962616
A6ZWTfKPLPE.004,train,0.6074766355140186
CqQavmWSLrI.003,train,0.2056074766355139
pkwzo1OkEmY.005,train,0.4579439252336448
bzIxJ-gtvUw.005,train,0.6355140186915886
RTJK4Duuxsc.003,train,0.616822429906542
f9GeYKAXgAQ.005,train,0.4766355140186915
gipWTZy9mjI.005,train,0.5233644859813084
MOobNUpfWiY.004,train,0.2616822429906542
m2uxFfpb5xU.001,train,0.514018691588785
qr1C43Ylavg.001,train,0.5046728971962616
foj4bqLSmF8.002,train,0.5046728971962616
HCkDd0UnUgo.000,train,0.5607476635514018
VvVigAr4hZc.003,train,0.7943925233644858
M0U48Lm33A8.002,train,0.4859813084112149
fPLd_NLF43M.002,train,0.4672897196261681
kUv0BJQmKq0.003,train,0.7383177570093457
US4PxgfKDeA.000,train,0.1869158878504672
3gKpBq-1yG4.002,train,0.2242990654205607
o6JCQlOC3oE.002,train,0.2429906542056074
3nxH1f6IQjQ.000,train,0.5607476635514018
QiPb8vlGDFo.001,train,0.3551401869158878
LGdzP-r_G3U.004,train,0.6915887850467289
TWKKCoT4FTc.001,train,0.6261682242990654
2x8GZaBY6TM.002,train,0.2429906542056074
ABWFQuPG1LA.005,train,0.5514018691588785
nR0h3WFbPfA.003,train,0.6355140186915886
dmOKZLeFKCM.004,train,0.6822429906542056
4NzqG0XwOWg.002,train,0.7009345794392522
VIKk25Ozx40.000,train,0.5233644859813084
LBKbubsgpE8.001,train,0.5981308411214953
iOB65zCiOFM.003,train,0.6542056074766355
lK1HFH7j93c.000,train,0.719626168224299
YliKljQIX2o.002,train,0.6822429906542056
7LHmNEH65Pk.000,train,0.6635514018691588
5ghk5950BhU.002,train,0.719626168224299
frsDpQjmC5k.003,train,0.7850467289719626
upgv7xmOb1I.005,train,0.2149532710280373
ZqbJIM7rmO8.001,train,0.7570093457943924
LGgx7RVdL2Y.000,train,0.336448598130841
TiQF5QduRNE.003,train,0.1962616822429906
II2KVV-uLNI.003,train,0.7476635514018691
CcVuoHZqp6k.004,train,0.5514018691588785
3taD1fEPfC8.001,train,0.3738317757009345
CCe1J5grs8U.005,train,0.7102803738317757
mxLRr3YqgMU.001,train,0.439252336448598
ztyBhnjtrz0.004,train,0.5981308411214953
fSDA4eEyGHk.000,train,0.644859813084112
3Sj-GZ3YXWs.002,train,0.4485981308411215
Agg7z10B_iY.001,train,0.5794392523364486
WfCSCxADlrg.005,train,0.2149532710280373
6zm71IHOCZA.001,train,0.4205607476635514
LWO2ZhalAEY.005,train,0.4205607476635514
1mODTfLRGdI.003,train,0.514018691588785
f4rQJiW6oSk.004,train,0.7570093457943924
YXz6s1XNOLs.002,train,0.4299065420560747
xZFZ0Mvjiuo.000,train,0.5233644859813084
Jv2lyDcOmEM.005,train,0.1869158878504672
bLOSPQ8MAC8.004,train,0.5233644859813084
G_VQne_BXWE.002,train,0.6728971962616823
Cl5jhuLQ9Dg.003,train,0.5046728971962616
geji1U2YAvg.002,train,0.6822429906542056
iGlLSkRAsJc.000,train,0.5233644859813084
xtDw9TlWiww.002,train,0.4953271028037382
Gd08FYfFRtk.005,train,0.4953271028037382
JFKZEGDhcRs.002,train,0.4859813084112149
wzCdM6Fe_4A.004,train,0.4579439252336448
Ahiq4zhmYco.002,train,0.514018691588785
VIhStXxpAr0.000,train,0.439252336448598
Vy-Lr_iM5qo.003,train,0.3925233644859813
qVrXROy4Ais.001,train,0.5794392523364486
BLc_GvsbI1U.000,train,0.6635514018691588
aMPe0uSKqF4.003,train,0.5046728971962616
RZgTERiRDjA.001,train,0.7757009345794392
MnARi5OWW9Q.002,train,0.2710280373831775
xsLvl2qGrxU.003,train,0.5233644859813084
RWhyKkFI3zw.004,train,0.3831775700934579
jgyDXrhO3n4.000,train,0.1869158878504672
_IS6GFmQYj4.002,train,0.719626168224299
TeNC9wOhlXM.000,train,0.6355140186915886
ask-ZFRztf8.001,train,0.4766355140186915
Jog1-pYOSD0.000,train,0.4299065420560747
JEualxMkaE4.004,train,0.5046728971962616
jolhoLhAurM.001,train,0.7102803738317757
F0_EI_X5JVk.002,train,0.7850467289719626
59Smv7wl--w.002,train,0.6542056074766355
QdafN9Y_j-Y.001,train,0.5514018691588785
o-fNF5QVMNo.005,train,0.3271028037383177
TPk6KiHuPag.004,train,0.6355140186915886
okdZnQbLnf8.004,train,0.4766355140186915
Bk9Hxn7Drxw.004,train,0.308411214953271
XFpzukISe6s.004,train,0.4766355140186915
qJ6_xSx9kCM.002,train,0.4953271028037382
EL1Q7x_1a74.000,train,0.6074766355140186
cT3oyHhUznw.003,train,0.3831775700934579
_zs9K5Gtkwo.002,train,0.2990654205607476
OD3cfWeJaOY.003,train,0.6635514018691588
S-e9-bW4seo.004,train,0.4766355140186915
SgzOYog1pH4.003,train,0.5420560747663551
TzW_VxrCR30.002,train,0.308411214953271
9xJ0rFCU-OM.004,train,0.439252336448598
2KSBoJZMcMU.004,train,0.4205607476635514
eI_7SimPnnQ.000,train,0.719626168224299
m7zdWVDT-34.005,train,0.6074766355140186
4yogPbHFQ9o.002,train,0.4205607476635514
UA6UY69EVSI.000,train,0.3551401869158878
OD_gyCYpR8U.002,train,0.5327102803738317
LXmwDq89LdA.002,train,0.2897196261682243
-RhPxhfpg4U.003,train,0.616822429906542
dB2XYhvqUBU.004,train,0.6355140186915886
-9BZ8A9U7TE.000,train,0.2523364485981308
kAjPHyfol4w.001,train,0.5700934579439252
9uMpKla2OQM.001,train,0.4485981308411215
FSBBbxNi0iU.004,train,0.5981308411214953
4lj66h4CXI8.005,train,0.6261682242990654
jKHaHWuaU14.001,train,0.2803738317757009
MFGGMnNE6Q0.000,train,0.616822429906542
hG-pwa191bw.000,train,0.4672897196261681
vCV-5LypZCs.005,train,0.644859813084112
78zauTEQ-k8.000,train,0.5233644859813084
NWlCdMyKlE0.003,train,0.6635514018691588
CbNAOLHByZQ.004,train,0.5420560747663551
-zNyDPzId4E.001,train,0.2523364485981308
kV7MFI2_ddo.002,train,0.5420560747663551
117jrwvl2Nc.004,train,0.6915887850467289
Znixev2a1AI.004,train,0.6822429906542056
5xA8-Y5qgT0.000,train,0.6261682242990654
ABWFQuPG1LA.003,train,0.5887850467289719
6V92xyqy0q4.001,train,0.644859813084112
1-GgVRmAEoo.004,train,0.6074766355140186
n2BuwHbdilY.002,train,0.6355140186915886
Jf8lqSpAjZ8.002,train,0.5327102803738317
EgolOPjkkg8.000,train,0.5514018691588785
XbsA_lCKQLs.004,train,0.850467289719626
CqQavmWSLrI.000,train,0.4672897196261681
WuHLxhCSnGs.003,train,0.5700934579439252
VAZLQqJa9rQ.002,train,0.3177570093457943
FNHMXPaHll0.004,train,0.7383177570093457
On2c_8sU8Vw.004,train,0.7476635514018691
xLfLuyIQOJE.004,train,0.5233644859813084
4JYmE9a21aI.004,train,0.5981308411214953
QMRAbwZCTfI.005,train,0.4112149532710279
OTXGM3Guxy4.005,train,0.2429906542056074
K-iwJMxjyx4.004,train,0.4579439252336448
81f9t2HMNas.003,train,0.1962616822429906
HrddpXxWFns.002,train,0.5981308411214953
foj4bqLSmF8.001,train,0.2803738317757009
Eb-2m44jTEs.000,train,0.3457943925233644
kDXYolv-8p8.005,train,0.6355140186915886
4kIHxR6s1L4.001,train,0.6635514018691588
KfurkMyjD-c.004,train,0.5607476635514018
Bije9nsMl7M.005,train,0.2897196261682243
RrvG7JlKoXM.005,train,0.5327102803738317
nKLhatlbqEw.000,train,0.5794392523364486
xVJDjbiIjTo.001,train,0.4766355140186915
Vimaz7NzPIg.001,train,0.6635514018691588
F5kL7RWS_f0.004,train,0.3831775700934579
shEsu57CYnA.004,train,0.6822429906542056
L-rmZZP_wj8.004,train,0.3925233644859813
PKtzsEqLGx4.001,train,0.4953271028037382
TmpP2fXeVtk.003,train,0.4579439252336448
k2buv6xZ4_o.003,train,0.5233644859813084
2q8orkMs2Jg.005,train,0.6915887850467289
Q-cZz-M17PE.000,train,0.5981308411214953
yIM5bal1VVs.003,train,0.439252336448598
C5qRszPK9HY.003,train,0.5233644859813084
xun35caJTQI.003,train,0.514018691588785
0VnZngec8sc.001,train,0.7476635514018691
3gKpBq-1yG4.000,train,0.4485981308411215
RvoxbgEP49Q.005,train,0.4579439252336448
YbxdeEd7wq4.001,train,0.7009345794392522
UEYKBC_SuzU.001,train,0.3551401869158878
N0s2M3bJkUk.003,train,0.7757009345794392
GG9WPQLI_rg.000,train,0.6635514018691588
Qzu9b49qvKo.003,train,0.4672897196261681
kFak4VnRnRM.004,train,0.5233644859813084
alucqviYJFE.001,train,0.5981308411214953
UWVOT3YPQH4.001,train,0.822429906542056
QsUj_OlGQ-0.004,train,0.5514018691588785
fEix0DPOWtg.005,train,0.336448598130841
UWVOT3YPQH4.004,train,0.6074766355140186
PtA7yAu9-VE.005,train,0.5046728971962616
ZNJFmNiWC4I.003,train,0.6728971962616823
SsoZjq7x4MA.000,train,0.308411214953271
LBrmHHzyIiY.003,train,0.6355140186915886
F4UeAogUMMs.003,train,0.5046728971962616
d5ujzxBlvwY.001,train,0.4672897196261681
cFGjJg-2zOk.000,train,0.5794392523364486
nskJh7v6v1U.002,train,0.6542056074766355
Cng72emlXAM.005,train,0.4579439252336448
pEYFpmjwKC0.003,train,0.6261682242990654
QyVTG0sGKg0.001,train,0.3831775700934579
J0JrzUmZGcA.003,train,0.5794392523364486
bMY2DaFFwzU.005,train,0.1588785046728971
ADa9rkwF2uA.003,train,0.616822429906542
iQvoDdxt06M.000,train,0.6355140186915886
0kg6pmbSN6A.001,train,0.2429906542056074
OdwK_oMdfSU.005,train,0.4766355140186915
UKHSKkb0V1o.003,train,0.5233644859813084
hhdzTOyFIo8.002,train,0.336448598130841
Kpto8K_B-5A.005,train,0.4112149532710279
pOtWKOF07iU.000,train,0.5233644859813084
4ICb270oLpE.000,train,0.6355140186915886
_fJcW5234bY.004,train,0.6542056074766355
og8vtyRh_bc.000,train,0.4766355140186915
R_LJX7wszPY.000,train,0.4299065420560747
Z6vQQvro86Y.005,train,0.4859813084112149
p9l1MBw-5ic.002,train,0.3271028037383177
tZiRqu8joX8.003,train,0.719626168224299
38fE5B4ghw0.003,train,0.616822429906542
AwNVGShHjvw.004,train,0.3738317757009345
LNM1i-a9q_A.002,train,0.6074766355140186
SPD5fXHVyIk.002,train,0.6261682242990654
Z5S5uGXkNuc.004,train,0.719626168224299
datcFOBWYxc.001,train,0.5046728971962616
xZFZ0Mvjiuo.003,train,0.3831775700934579
vUo6wnBOBpo.002,train,0.5046728971962616
SUI6WNryjqw.003,train,0.514018691588785
fiVkE3iDWY4.004,train,0.2242990654205607
ahqyOhg6D7c.003,train,0.4485981308411215
fTpemcfElxI.005,train,0.3831775700934579
9RfE2-aTvaM.003,train,0.5233644859813084
rCxlfusNJlY.000,train,0.7102803738317757
5gJsrcXQvrk.002,train,0.4953271028037382
1m67onLoRwY.000,train,0.3738317757009345
Xauhek9-iKA.001,train,0.6728971962616823
iGBVrJMr62U.003,train,0.4579439252336448
B4ducm9sydg.005,train,0.4766355140186915
YocrYFLm4CM.002,train,0.514018691588785
ArMkA9R1QxY.000,train,0.4579439252336448
PKYh4sungwI.002,train,0.6542056074766355
nR0h3WFbPfA.001,train,0.4859813084112149
M_OpMKBEOyU.003,train,0.3271028037383177
ZX3okNzASCs.002,train,0.7476635514018691
54K75EhiTEk.002,train,0.3738317757009345
q6au1xn_wIE.001,train,0.4579439252336448
in-HuMgiDCE.004,train,0.5794392523364486
dkhnv1EBvKI.005,train,0.5046728971962616
p-OcwNFQB0U.002,train,0.5794392523364486
p6jjj6jn2fM.003,train,0.4672897196261681
vCY4uvfrWXA.003,train,0.6074766355140186
AZ2HyBOmliQ.005,train,0.3738317757009345
EvZ0esZgPK4.001,train,0.3738317757009345
qsb1j9bEENs.002,train,0.336448598130841
VQMizni7nY0.001,train,0.2803738317757009
IL5VgGakSNw.003,train,0.616822429906542
HUJt0I1UKzo.000,train,0.6542056074766355
Qkao4XiSflU.003,train,0.5981308411214953
qfL0ml0f84g.003,train,0.616822429906542
Rwsss8y1bf0.004,train,0.4205607476635514
hDqsuyVeWmw.000,train,0.6728971962616823
r1YAW67aevY.003,train,0.3177570093457943
zvX4fNj0uxk.003,train,0.5327102803738317
Or2_bP4lWYI.000,train,0.6728971962616823
WUNXs4r_xCU.004,train,0.514018691588785
7GRC7XjGzX8.001,train,0.7009345794392522
uwYQKM_STCw.002,train,0.3177570093457943
2mgj9ncREyA.000,train,0.5981308411214953
gAWA-fcIa_M.004,train,0.5514018691588785
t6-ljEWQjW8.002,train,0.3271028037383177
EelHLfeSJfM.004,train,0.2710280373831775
Y6iogSmj6FQ.003,train,0.4953271028037382
WTzDOt2GO1M.002,train,0.3644859813084112
Ya9Szm73LfE.003,train,0.3831775700934579
kK534gUcRF4.004,train,0.5420560747663551
26ZnknvfdNM.003,train,0.4859813084112149
rzKtAeWgZH0.003,train,0.7289719626168224
3WPXm_5f4Lw.002,train,0.4299065420560747
Vd9biSOZ5CI.004,train,0.4766355140186915
YP7N98ECZaI.002,train,0.4299065420560747
CV930dFsubs.000,train,0.2990654205607476
jz9kgvYbBYA.005,train,0.5887850467289719
zqpXz9h41jg.005,train,0.6635514018691588
hPguTv1Zvg8.002,train,0.644859813084112
CO7vZjYF6Zk.002,train,0.7383177570093457
cWZudzeJVXg.003,train,0.4205607476635514
struoSVUsUg.002,train,0.6074766355140186
BJpWi1qGp1A.004,train,0.5514018691588785
xgwiqo2AsCA.001,train,0.2710280373831775
KahSwziq8F0.004,train,0.336448598130841
OckL7z_nBGg.003,train,0.616822429906542
T-mK85acIOc.005,train,0.3738317757009345
7tlMys6MZ34.005,train,0.514018691588785
t3A2UMN3JeE.003,train,0.5046728971962616
0_xOGmydDN0.001,train,0.6261682242990654
VRjJxTqOJyo.001,train,0.2616822429906542
_X6_C_Oy9VA.000,train,0.4953271028037382
Dgo98-sCd1w.002,train,0.5887850467289719
UMMhvyjgRnM.004,train,0.5420560747663551
CTWMisL_HlI.004,train,0.2803738317757009
FJPqNQPXp5c.005,train,0.5981308411214953
2kqPuht5jTg.005,train,0.6822429906542056
-IK--4uz5ZY.000,train,0.6355140186915886
OeT6Skotv7g.004,train,0.3457943925233644
GTmHSF6vNWc.001,train,0.6542056074766355
jpyU48DzGTY.002,train,0.4299065420560747
3DURnr95fMg.002,train,0.3457943925233644
kSk-rf7a1Ig.001,train,0.5700934579439252
v68FyWS-Q9s.003,train,0.5887850467289719
xQHmbJ_lPjY.005,train,0.514018691588785
0C6i34q2-f8.001,train,0.4205607476635514
04oq2yrBwMg.001,train,0.3738317757009345
836kYlEs9GI.003,train,0.308411214953271
p9tAC-RqZPI.002,train,0.4112149532710279
ivcVlDXJCDo.002,train,0.719626168224299
KppCIwj0hC4.002,train,0.6635514018691588
nBjBfN9SbpM.004,train,0.3457943925233644
shV5Fbzn9pw.003,train,0.4953271028037382
jpyU48DzGTY.001,train,0.3644859813084112
LsPKxJgefks.003,train,0.4766355140186915
atH8mnvu-sE.005,train,0.6822429906542056
WQg0-M4Yn3s.000,train,0.3925233644859813
CFk4v2Kd5Ns.002,train,0.5700934579439252
zJEnT19uoPY.001,train,0.5700934579439252
RYG6XhdmPY0.001,train,0.2523364485981308
wuhoIm_jPc0.004,train,0.5233644859813084
vQEZ5KF9I4E.004,train,0.6635514018691588
qjU3GX3jgSY.003,train,0.6728971962616823
XLKNGnpTO9k.001,train,0.5887850467289719
7UQt8QB3cQY.002,train,0.1962616822429906
uRY3aJAaogw.005,train,0.4953271028037382
L5kpy0SA7os.005,train,0.4672897196261681
jPpZkVzQywk.003,train,0.514018691588785
Lq4uvcHNiy8.002,train,0.439252336448598
ZhPQrqxo2mw.004,train,0.6074766355140186
pZxqWp0e-Ik.005,train,0.5046728971962616
btcCanysQsw.001,train,0.308411214953271
UD-8YYU7GZs.000,train,0.3551401869158878
IMCEXoAkZv4.002,train,0.7289719626168224
USicjVA1trA.004,train,0.616822429906542
hspeWl-Bip0.002,train,0.6542056074766355
jFx6AEw6viQ.002,train,0.3271028037383177
U3UaF1aFek4.001,train,0.5887850467289719
GMwEmLo-gfc.004,train,0.719626168224299
hPguTv1Zvg8.004,train,0.5327102803738317
jaWY130zc1U.001,train,0.6728971962616823
Cvuu76B-bxA.000,train,0.6261682242990654
0ZK5jQAvhFo.004,train,0.4299065420560747
RCr48dXuZYE.002,train,0.3457943925233644
y6sy0HBe-Zs.005,train,0.4579439252336448
C0UMWrEJ2x0.005,train,0.6074766355140186
H6yu96w7tUc.000,train,0.439252336448598
EyX8QI5nPTY.001,train,0.8130841121495327
y--uBBy7ebM.000,train,0.4112149532710279
io0aNQE8En8.002,train,0.2616822429906542
djsoQkroHpo.000,train,0.4485981308411215
RWhyKkFI3zw.001,train,0.4018691588785046
NFAlff6GUpA.000,train,0.5046728971962616
xcMwMi4fdis.001,train,0.308411214953271
C0uc-2KrnnQ.002,train,0.4299065420560747
jlDYn537Pd0.002,train,0.4766355140186915
Wx_oe0SxD9w.002,train,0.6728971962616823
6IOtQTOyQRU.001,train,0.5327102803738317
BWAEpai6FK0.003,train,0.6728971962616823
_G3kw9HwCqY.002,train,0.3831775700934579
y4Ej1YSEQf0.002,train,0.8411214953271028
-OXMbG7ZwRk.004,train,0.4766355140186915
9o10YrQykMk.002,train,0.5046728971962616
lvae9lRUugE.003,train,0.514018691588785
vMtF0akNUK4.000,train,0.5981308411214953
JIR4aPcyrn8.000,train,0.2710280373831775
b39BQbVhOAg.002,train,0.5420560747663551
As93GgkTdt4.003,train,0.5981308411214953
oHudDVcT5Lg.005,train,0.5514018691588785
V9aMA9YLa2k.001,train,0.5046728971962616
3zAyM2edy1g.000,train,0.5420560747663551
cgT-3CHBmKs.003,train,0.2429906542056074
9Lbj3wpwk-c.000,train,0.439252336448598
xzRYaxrhne8.004,train,0.439252336448598
NhyVkwcZbTA.005,train,0.7009345794392522
KahSwziq8F0.002,train,0.6355140186915886
5Eez38v8TuU.005,train,0.4953271028037382
FhCOvzMrNs8.000,train,0.3177570093457943
8qG1sMihtPA.000,train,0.4205607476635514
rwinPicu_aw.002,train,0.616822429906542
dLaqub4BEsA.001,train,0.4859813084112149
9pGJyf1MXLY.000,train,0.616822429906542
s6gN_358tk4.001,train,0.5794392523364486
_YYBXI2mXv4.000,train,0.5700934579439252
SkNO4x-LSgE.004,train,0.439252336448598
d_POf1pikX0.005,train,0.4766355140186915
kUv0BJQmKq0.002,train,0.7289719626168224
EgolOPjkkg8.005,train,0.3831775700934579
C_NtwmmF2Ys.004,train,0.2056074766355139
T0drx76OLAc.000,train,0.4205607476635514
4VwcU0ROy5k.002,train,0.7289719626168224
P63CUj9KnSw.001,train,0.3644859813084112
jpbz8CA4RvI.000,train,0.4579439252336448
yrToGVRf27U.004,train,0.6074766355140186
wYZJ2HXfvmQ.003,train,0.4018691588785046
oVSMxtPpQ0M.003,train,0.5233644859813084
XvV4YdhpC2w.004,train,0.6074766355140186
t0AupkXkkZw.005,train,0.616822429906542
pzfDth6nFQE.004,train,0.3271028037383177
1izSTcQI7H4.000,train,0.5607476635514018
jQRFHBVs0dA.004,train,0.5887850467289719
2oEUp9sGRGk.001,train,0.5981308411214953
kAbMWBsPKR4.002,train,0.7383177570093457
EknEAPhAjdA.002,train,0.233644859813084
hqe-8SMJGmc.003,train,0.6261682242990654
oe6q_ZByIxQ.000,train,0.3457943925233644
_X6_C_Oy9VA.003,train,0.6822429906542056
H6s9aFAQP3M.000,train,0.7850467289719626
m4KKYcD6CZw.003,train,0.3644859813084112
7PYAn9njCHI.004,train,0.616822429906542
VuS938tAv-0.003,train,0.5233644859813084
U_QQ8EuuWPg.000,train,0.4859813084112149
vHn6-GQAI_Y.003,train,0.4205607476635514
b6eoqD1J_qU.003,train,0.6728971962616823
s85T4B1ONWE.005,train,0.616822429906542
jZhlaIUFMLc.001,train,0.8130841121495327
idsEawKW4X8.004,train,0.7102803738317757
B3zFJhrmqwg.001,train,0.1401869158878504
ssxo35zmKWQ.001,train,0.6261682242990654
dNXqs5HNijI.002,train,0.719626168224299
OXkDmd3nA94.004,train,0.2242990654205607
KM6Nc_VipyQ.001,train,0.6728971962616823
sIfHl2N8Hkg.004,train,0.2990654205607476
Gg4OMtVe7lk.000,train,0.5327102803738317
ga_XczsO4eY.000,train,0.4112149532710279
0LqfKzp11kg.000,train,0.439252336448598
MDoZUDTSayc.000,train,0.7383177570093457
GWOtluILlk4.003,train,0.5887850467289719
ju7N5w4XZ4A.000,train,0.6261682242990654
9Crw2RtrBcY.003,train,0.6915887850467289
CRLsCyMfskE.002,train,0.5607476635514018
ZIk7N-xHvF4.002,train,0.0654205607476635
BSkTPW_Qsio.001,train,0.6915887850467289
twO6ceVTuII.005,train,0.3177570093457943
Ap2KC1yKDdA.002,train,0.7289719626168224
EjhDyc8Oc6k.004,train,0.4953271028037382
b39BQbVhOAg.004,train,0.4672897196261681
mpXOSY5dW7c.004,train,0.5700934579439252
bLrrDM1Opu0.003,train,0.5514018691588785
rrdSLfnU2pg.003,train,0.3925233644859813
sNPK8f4FSfo.001,train,0.5981308411214953
YyHOKFYDZ5Y.002,train,0.2990654205607476
mf0LqiLJYr0.001,train,0.308411214953271
HP8f3oqJwz0.001,train,0.5887850467289719
ABWFQuPG1LA.000,train,0.4112149532710279
HNKnvSmTkC4.001,train,0.5327102803738317
fkDqn2muw-A.000,train,0.5981308411214953
dvMeqVbpKW8.002,train,0.822429906542056
V4ibYU1O-YI.005,train,0.1495327102803738
hhdoeK8SsiI.003,train,0.616822429906542
dRP8ZaAryro.004,train,0.4766355140186915
_S_bWJwqsmM.005,train,0.3271028037383177
8pM3X-xsD4s.001,train,0.7289719626168224
7TvOygqwNuE.000,train,0.5700934579439252
jPpZkVzQywk.000,train,0.4018691588785046
lLKwlPLdYig.001,train,0.3177570093457943
grhDDOLsBho.005,train,0.3551401869158878
Arsrkqma4i4.000,train,0.5420560747663551
2hhqEWiv4eI.004,train,0.3738317757009345
JEualxMkaE4.003,train,0.4579439252336448
mKsGK9nCTxw.001,train,0.4859813084112149
jxt1W2WRNHQ.002,train,0.7009345794392522
SRjhmQTPOmA.005,train,0.5607476635514018
3K16KyiAZHw.004,train,0.5233644859813084
BLeDNfK2quI.003,train,0.6074766355140186
9QOFKbaPX3M.002,train,0.336448598130841
omQ5CGXJKS8.002,train,0.719626168224299
6tBnFWDqvJE.003,train,0.6728971962616823
NhyVkwcZbTA.003,train,0.5981308411214953
0fMw9o1v2tY.002,train,0.3271028037383177
lxnV9X8T2Zc.000,train,0.7570093457943924
xgRqkTXmZko.000,train,0.7102803738317757
Fco1CMgOadI.005,train,0.5887850467289719
QipgesEKSNA.000,train,0.4766355140186915
FwjoTGcsFNg.001,train,0.6355140186915886
ZRl_k6DzTeI.004,train,0.4859813084112149
PQBGDxYGaXU.001,train,0.4953271028037382
wDvZdcb00Bg.003,train,0.4953271028037382
mZ2CHgzwDt0.002,train,0.6822429906542056
ItkIHtgVhIk.004,train,0.514018691588785
6uqXoPJSoPg.000,train,0.6542056074766355
UD-8YYU7GZs.003,train,0.3177570093457943
Q0C0OU-j4DA.005,train,0.439252336448598
0mym1CooiTE.004,train,0.7102803738317757
lKePJbjYiy0.000,train,0.7102803738317757
kJLeYUobR0M.001,train,0.5420560747663551
u_qvbRpm88k.005,train,0.3551401869158878
DzqJmiQjsZ4.004,train,0.5887850467289719
cx8IycWgMVs.005,train,0.5233644859813084
1Wh2mIFrGvk.001,train,0.5327102803738317
TursJyaFzqY.003,train,0.336448598130841
vr5FWHUkYRM.000,train,0.5327102803738317
cTbfp7nkX8c.002,train,0.5327102803738317
8AnIttmflwI.002,train,0.4859813084112149
DogbMnh5k0o.002,train,0.644859813084112
fBcc1UMtZME.005,train,0.4299065420560747
lmz3nj1VLzY.003,train,0.4579439252336448
oCb9DK3M1DU.005,train,0.5420560747663551
J4GQm9j0JZ0.000,train,0.3644859813084112
jlDYn537Pd0.001,train,0.5700934579439252
3df_Uk9EmwU.001,train,0.4485981308411215
t0_DAgeU4nM.003,train,0.4299065420560747
FU1ak530DDo.003,train,0.6074766355140186
zqpXz9h41jg.000,train,0.3925233644859813
Jhz5ssCKaug.001,train,0.4018691588785046
PKtzsEqLGx4.005,train,0.3831775700934579
IzKWDY_QNTU.000,train,0.8317757009345793
OWZ-qVZG14A.000,train,0.3177570093457943
B9NSU6gQdRw.005,train,0.850467289719626
GYku69XEoxc.004,train,0.5420560747663551
OWZ-qVZG14A.005,train,0.3644859813084112
CDTo7WVyf5s.001,train,0.3551401869158878
Tad9Q9OFjJw.003,train,0.5327102803738317
9a-3LrB7cDI.005,train,0.5420560747663551
Yj36y7ELRZE.001,train,0.2056074766355139
h_kjgcJ_bqU.004,train,0.5794392523364486
W0LRjSS9pVM.001,train,0.6542056074766355
shEsu57CYnA.003,train,0.3925233644859813
40rn4A64Bdk.003,train,0.4766355140186915
G2D3qU6R_YA.002,train,0.4766355140186915
4TpJ1FT2w6Y.005,train,0.6915887850467289
nGe8dIc-ecc.000,train,0.514018691588785
lLWOcztaIBI.000,train,0.6542056074766355
xUdaVBK1b8w.001,train,0.514018691588785
53srfuqv9LM.001,train,0.4859813084112149
o_kTWEEjtyw.001,train,0.4018691588785046
IzsP0TRzFbo.002,train,0.5420560747663551
f39E4ct09Cc.000,train,0.5794392523364486
B8kzwm6ZaUo.001,train,0.5887850467289719
KiM9P_FJVHg.004,train,0.5981308411214953
kdPRPO3wgg0.000,train,0.7289719626168224
TUaOp5eIU2c.001,train,0.6915887850467289
MDoZUDTSayc.003,train,0.6074766355140186
QiPb8vlGDFo.004,train,0.308411214953271
6TkMavTyimI.004,train,0.7289719626168224
FrOxqNe6sAU.000,train,0.5794392523364486
tS6bRcIIjDc.000,train,0.3925233644859813
41NNb7cucVo.003,train,0.4953271028037382
jpyU48DzGTY.004,train,0.3644859813084112
AV7aKrAs-kM.005,train,0.4579439252336448
V9OuGDPnqHI.000,train,0.5794392523364486
VIhStXxpAr0.003,train,0.3738317757009345
vIW7gDmhYMk.001,train,0.4672897196261681
JZNMxa3OKHY.005,train,0.514018691588785
T1_6sVNHG70.005,train,0.4205607476635514
9ydyJKZBWiA.000,train,0.4205607476635514
lvae9lRUugE.000,train,0.4018691588785046
BLKXsX7-WIg.001,train,0.4112149532710279
4bDOetaLvZs.001,train,0.233644859813084
9ydyJKZBWiA.005,train,0.4859813084112149
PTV5TBVRHxo.000,train,0.5981308411214953
U9cidDFDTQE.004,train,0.514018691588785
wJl7DbsbrDA.000,train,0.4485981308411215
EMqrrHHbP3s.000,train,0.5887850467289719
3JzvXA-Zfbs.003,train,0.3177570093457943
ly_0m16694Q.000,train,0.2242990654205607
70FJFG-MISQ.004,train,0.4112149532710279
CpmR-91GxmY.004,train,0.644859813084112
98fnGDVky00.005,train,0.3644859813084112
1-GgVRmAEoo.002,train,0.6822429906542056
Jf8lqSpAjZ8.004,train,0.6074766355140186
IyBCZySg-c4.000,train,0.4859813084112149
NpiglwrZzsA.002,train,0.3644859813084112
N4tuu9aCXkw.004,train,0.4299065420560747
dh6iOU2RtTA.001,train,0.7289719626168224
eHcRre1YsNA.002,train,0.4953271028037382
czImT1Wn1og.002,train,0.439252336448598
DVh_7dO2cWY.004,train,0.616822429906542
FM5UaJS-bhg.005,train,0.5420560747663551
CqQavmWSLrI.005,train,0.3644859813084112
0gv5Z0qt2jc.004,train,0.1869158878504672
okl467xvgOw.001,train,0.2990654205607476
yFZ3eUD6Pqs.004,train,0.7943925233644858
KpTHRBaYny8.001,train,0.7009345794392522
pOtWKOF07iU.004,train,0.6074766355140186
PgpMUHH8lEI.004,train,0.5607476635514018
OXkDmd3nA94.000,train,0.3551401869158878
sf29orxf4X0.000,train,0.3177570093457943
GCkOL2jLSQA.000,train,0.5607476635514018
niWi1hcuSmo.005,train,0.5046728971962616
8BE-2l-RBjA.003,train,0.2710280373831775
EjhDyc8Oc6k.001,train,0.616822429906542
UOvgGSx9k_k.003,train,0.6355140186915886
9cj8rrj1wSk.000,train,0.7663551401869158
WuHLxhCSnGs.005,train,0.4205607476635514
datcFOBWYxc.005,train,0.5794392523364486
orlXEgAepGo.002,train,0.3925233644859813
XN5vpJU3ifw.005,train,0.4672897196261681
HEHMW0uiFa4.002,train,0.2616822429906542
fsaslN7xV-w.000,train,0.1588785046728971
1eOvtoZCie8.004,train,0.5420560747663551
Psahy1Vju4A.002,train,0.5233644859813084
XLV7teADu3c.000,train,0.5327102803738317
kFak4VnRnRM.001,train,0.616822429906542
YPMffqhP0C8.002,train,0.3457943925233644
HekcZ0Em60E.002,train,0.3831775700934579
AotbiNsU85A.001,train,0.3551401869158878
WuIKjBb7s4Q.005,train,0.3925233644859813
DvmzcQI5cnM.001,train,0.5327102803738317
XYt6WL-l7do.005,train,0.5233644859813084
QTtTAFqT-no.004,train,0.4018691588785046
TursJyaFzqY.000,train,0.4672897196261681
2hhqEWiv4eI.001,train,0.3925233644859813
HTF8k56_Oxo.005,train,0.616822429906542
DChmTb-c9uM.005,train,0.7570093457943924
6NjuNY4LfQc.004,train,0.439252336448598
w989xx44UQI.001,train,0.6915887850467289
Jn76eAPxjNA.003,train,0.336448598130841
JTmq4k4uQCY.000,train,0.7383177570093457
rrdSLfnU2pg.000,train,0.2990654205607476
OD3cfWeJaOY.004,train,0.644859813084112
lAJWoIcgXlU.000,train,0.5514018691588785
RgZTZIf8K8g.001,train,0.4672897196261681
sOkGz6gEmGk.002,train,0.4018691588785046
oGa05H9UXxU.002,train,0.3831775700934579
bSeTNdOtK7I.000,train,0.6728971962616823
2TbU3Eg2i4A.003,train,0.1495327102803738
WRz1F6DqmRQ.004,train,0.2990654205607476
75XbCb7G8kw.002,train,0.4485981308411215
KnbEca4Ibwk.000,train,0.3925233644859813
hquzfo9MVDo.003,train,0.1588785046728971
ItkIHtgVhIk.001,train,0.4859813084112149
ZgFh3JPMs3Q.003,train,0.5327102803738317
9mM_0vrO3wc.003,train,0.719626168224299
3HA2W1s4oP8.002,train,0.514018691588785
cTbfp7nkX8c.000,train,0.4205607476635514
FvjIziLzffo.004,train,0.6074766355140186
UhNyHUwo1SY.003,train,0.7476635514018691
huIQlWsIEvY.004,train,0.616822429906542
yftfxiDNXko.002,train,0.439252336448598
OACoHiwOdXQ.003,train,0.3738317757009345
bmj4khBLUOs.001,train,0.5981308411214953
3Vr5-zedeWk.004,train,0.4953271028037382
C23rns4ZCy8.004,train,0.4672897196261681
OZlpENU9h28.002,train,0.4953271028037382
RZOimXPTG0s.000,train,0.6542056074766355
EAnvsNi8O-M.002,train,0.6542056074766355
vp9p1osOaLI.003,train,0.5046728971962616
1pm5uoU85FI.001,train,0.4205607476635514
UtVo107m5lg.005,train,0.6261682242990654
2IwWILRuuNU.003,train,0.5607476635514018
J28DwJsK8Do.004,train,0.5981308411214953
EeI8iXLDfc0.001,train,0.4766355140186915
vAV6ovUKPDg.005,train,0.8411214953271028
4lIbWq27O84.001,train,0.4953271028037382
GR-P1m_Yvm0.005,train,0.644859813084112
Jh7Wk5fYeMk.001,train,0.3271028037383177
8HqEniErmmE.000,train,0.6542056074766355
XRoSKIIFp9c.003,train,0.336448598130841
3zAyM2edy1g.001,train,0.2616822429906542
mZQP06F94u8.004,train,0.3644859813084112
6KKNrufnL80.000,train,0.7757009345794392
upgv7xmOb1I.001,train,0.1588785046728971
_g3M_MoFIvA.005,train,0.4672897196261681
TPk6KiHuPag.003,train,0.7289719626168224
PmJw3uI1qBE.000,train,0.4112149532710279
mZ2CHgzwDt0.001,train,0.719626168224299
cT3oyHhUznw.004,train,0.3551401869158878
TQHzCznQ14Y.000,train,0.3551401869158878
m4-vvEeWP8s.001,train,0.6261682242990654
WUNXs4r_xCU.001,train,0.3551401869158878
MkVsl0hdphE.003,train,0.6355140186915886
KahSwziq8F0.001,train,0.5887850467289719
LuLUAwn0aWU.005,train,0.4299065420560747
kzDQXSGGomg.005,train,0.6915887850467289
QQzeQOoqO20.001,train,0.6728971962616823
-fqiCqZtgYs.003,train,0.2149532710280373
Kga18VO9VwY.002,train,0.4018691588785046
De4i7-FX9Og.001,train,0.4953271028037382
voSLxKtKr0Q.002,train,0.5233644859813084
AJIphVRpYrg.004,train,0.7289719626168224
b-qfeGqPd04.005,train,0.4205607476635514
kPJzHs5jclg.001,train,0.4672897196261681
m7zdWVDT-34.002,train,0.7570093457943924
Se3Gts4u1vs.000,train,0.4299065420560747
og8vtyRh_bc.003,train,0.4672897196261681
VxtZDXM0cuQ.001,train,0.616822429906542
UipoC_HLOP0.001,train,0.6915887850467289
SEELGB_-uWU.002,train,0.4299065420560747
yUESJPS0wS8.004,train,0.6635514018691588
uCJNAX_b9mc.002,train,0.6261682242990654
ng42eoHytOA.003,train,0.3271028037383177
f8f00b0IgvA.001,train,0.439252336448598
1q-N_zbsAg0.004,train,0.5420560747663551
8AyIkT2Dg14.003,train,0.6074766355140186
HUxtuDE-YNE.003,train,0.5514018691588785
TaL5JleXDP8.003,train,0.7009345794392522
p6UMx8dwHZQ.002,train,0.2616822429906542
Wa-HX5jP3ew.001,train,0.2897196261682243
QovE6L-C9VY.000,train,0.3925233644859813
HekcZ0Em60E.004,train,0.5046728971962616
TNjEJGdqmH0.003,train,0.5794392523364486
WYXRdYT4F0Q.003,train,0.8130841121495327
RgZTZIf8K8g.002,train,0.4766355140186915
I01_ubtktEQ.001,train,0.3551401869158878
XPV4pavXh94.005,train,0.7289719626168224
qtB-CogljAo.005,train,0.6822429906542056
pEr7WTIPW64.000,train,0.4112149532710279
QNVsr2mGwGs.004,train,0.2429906542056074
6nv6D2moFQw.003,train,0.7009345794392522
qVrXROy4Ais.000,train,0.7383177570093457
5Bgd2zgiT0Q.004,train,0.719626168224299
ciWUq6iQTIE.002,train,0.3551401869158878
m04e9ylCoK0.003,train,0.3177570093457943
Jv2lyDcOmEM.004,train,0.2242990654205607
0u56Q_QmxIM.002,train,0.616822429906542
UzgW75Fd4jU.001,train,0.2242990654205607
Gs-AdRcYSPo.001,train,0.5607476635514018
NOrjfF0-pQ4.005,train,0.5327102803738317
Y-_JeJoCjUo.001,train,0.6915887850467289
eA_JaE8X3mI.000,train,0.1308411214953271
fk_ggmC872E.001,train,0.6261682242990654
e3Y7na4SBh4.002,train,0.7102803738317757
LaxnVuOM6kE.002,train,0.439252336448598
dLltwqkvsNg.003,train,0.4299065420560747
u50B6bIkN9g.000,train,0.3831775700934579
2KSBoJZMcMU.003,train,0.5233644859813084
fSkQXqXR7D0.004,train,0.5420560747663551
B4ducm9sydg.002,train,0.308411214953271
-8asrRvfJWA.004,train,0.7289719626168224
OeGMd58Wgsk.003,train,0.439252336448598
0gv5Z0qt2jc.001,train,0.2056074766355139
xBiI0Oo1vBw.005,train,0.4485981308411215
eZwGkhUa0TQ.004,train,0.6074766355140186
d9_YDJdF-7I.000,train,0.5514018691588785
38fE5B4ghw0.004,train,0.5700934579439252
t1PKNXE-IiM.001,train,0.5794392523364486
me5UoRny6NU.005,train,0.4299065420560747
5wpoKhbt28c.004,train,0.6074766355140186
SM0i7RkOjPk.005,train,0.4205607476635514
K-fMyzPB7FI.005,train,0.6728971962616823
4vdJGgZpj4k.004,train,0.5233644859813084
cA43Gfcg0QA.001,train,0.233644859813084
JJs_HTelie4.002,train,0.4018691588785046
nCc8XfmSvf8.001,train,0.4672897196261681
xfMOELCuN94.003,train,0.514018691588785
T1_6sVNHG70.001,train,0.4672897196261681
gsleSGEZHAs.001,train,0.6635514018691588
UCKiPkp4ZkA.000,train,0.4859813084112149
jolhoLhAurM.005,train,0.7570093457943924
3Q3SB1dVAng.003,train,0.6074766355140186
bDjqDn6susQ.000,train,0.6915887850467289
2uAJJH7B5aw.003,train,0.6355140186915886
AFtQfwBA_gI.000,train,0.5607476635514018
Jog1-pYOSD0.002,train,0.4112149532710279
omeHsKF7InA.000,train,0.2990654205607476
VAZLQqJa9rQ.001,train,0.1682242990654205
w2FKw8IhbFw.001,train,0.514018691588785
r2HcJYjGK5s.003,train,0.4579439252336448
KYvbRwTCtaU.001,train,0.5046728971962616
ZNJFmNiWC4I.005,train,0.5327102803738317
C_NtwmmF2Ys.000,train,0.233644859813084
Y1LXjxAQihQ.004,train,0.5794392523364486
gZblxCs4EV4.001,train,0.4672897196261681
lLWOcztaIBI.004,train,0.719626168224299
p1ORMiJ0fPU.002,train,0.7383177570093457
yftfxiDNXko.001,train,0.3831775700934579
ZgFh3JPMs3Q.002,train,0.6355140186915886
1hpZ2ecWqtI.003,train,0.6074766355140186
VForU0EmBr0.001,train,0.3831775700934579
44rxmXiga90.005,train,0.5794392523364486
i1gouUmZumY.003,train,0.6261682242990654
Fi1ILrwQpSY.002,train,0.4579439252336448
nZz1hK90gwA.002,train,0.2242990654205607
T_X16g5ExgE.005,train,0.5514018691588785
9AsxY-x-TjM.002,train,0.5327102803738317
x57nEfACdXA.003,train,0.5046728971962616
I8jMoBAMtVA.000,train,0.4859813084112149
9CPKW0sqR3E.002,train,0.4299065420560747
shEsu57CYnA.005,train,0.4766355140186915
iqs7mZbg5UI.005,train,0.3925233644859813
a-nUsP7oETI.005,train,0.514018691588785
7tlMys6MZ34.000,train,0.4766355140186915
VOeVhXWK7-8.005,train,0.4953271028037382
KfurkMyjD-c.002,train,0.5981308411214953
kDInh1O8p5w.005,train,0.5700934579439252
OZlpENU9h28.000,train,0.3738317757009345
KTdbKiGFzJY.003,train,0.3738317757009345
p7aNK5GKwEc.000,train,0.4672897196261681
2DZb5yIc6Fg.003,train,0.1121495327102803
kp3c66Igyr8.004,train,0.644859813084112
VtYPH6UsVnU.005,train,0.5233644859813084
ZO5JoyVTat8.004,train,0.5607476635514018
YZp79VcnY0w.001,train,0.4766355140186915
ZO5JoyVTat8.001,train,0.3457943925233644
vYkHHVeNK_M.001,train,0.233644859813084
p6UMx8dwHZQ.004,train,0.3271028037383177
5xA8-Y5qgT0.004,train,0.5420560747663551
T1tJTwlGqOM.005,train,0.4579439252336448
K3-YXXLR0Ho.000,train,0.4766355140186915
aKLadP_Wev8.000,train,0.1775700934579439
6EMgu2djYrU.004,train,0.7102803738317757
B-OJ_xZILLg.003,train,0.2616822429906542
5Wfa94_5Psg.002,train,0.5700934579439252
1DCnIad1Y0w.002,train,0.1588785046728971
8RVJqjILSD0.001,train,0.5327102803738317
BeyIfaH64xY.003,train,0.4579439252336448
cx8IycWgMVs.003,train,0.5607476635514018
nmZRXxKPPuQ.002,train,0.6822429906542056
VPFrKx72gvo.002,train,0.308411214953271
mRfkHyx__4w.000,train,0.439252336448598
j7VLzb0qw8Q.004,train,0.5607476635514018
0_xOGmydDN0.004,train,0.5327102803738317
5VG1EgzvprE.005,train,0.5981308411214953
7wsksuXYoMY.005,train,0.4672897196261681
EelHLfeSJfM.002,train,0.233644859813084
ADa9rkwF2uA.001,train,0.616822429906542
KAGTaM0Z9tA.005,train,0.5607476635514018
dqVPzqpGX-w.000,train,0.4299065420560747
RYG6XhdmPY0.004,train,0.4112149532710279
oYiWW-Qc0rs.000,train,0.7383177570093457
ssxo35zmKWQ.004,train,0.5420560747663551
Lq4uvcHNiy8.001,train,0.514018691588785
g0Zlp-F6Z6E.004,train,0.5887850467289719
oLO05QNhhGg.005,train,0.3271028037383177
IlbODduDCb4.002,train,0.4018691588785046
dy9EqbKLDP0.002,train,0.5420560747663551
A3StIKMjn4k.005,train,0.719626168224299
ymrFbEMNBME.001,train,0.4299065420560747
79xbT95IyKI.001,train,0.7476635514018691
VugKq4gOi50.000,train,0.5233644859813084
tiVKJWLzmk4.004,train,0.5700934579439252
a97PXgrKSxo.005,train,0.8037383177570093
nKLhatlbqEw.002,train,0.6542056074766355
PHv6CzBIC5E.001,train,0.0934579439252336
og8vtyRh_bc.001,train,0.5233644859813084
LHV4HNK35pM.001,train,0.5607476635514018
EMNcIRgaDMg.000,train,0.6355140186915886
V1TjmLtgNm0.005,train,0.5046728971962616
r1YAW67aevY.005,train,0.1962616822429906
kDJigDGDJTo.005,train,0.7289719626168224
12Hbl_oZF9c.003,train,0.4859813084112149
tvKUJujTUEo.003,train,0.7383177570093457
2d6btbaNdfo.004,train,0.5233644859813084
176vWywoq9E.002,train,0.3738317757009345
PHZQmf82HvA.002,train,0.5887850467289719
ZiKxJbVI5_g.004,train,0.5794392523364486
mY1ZTvNVkSA.003,train,0.5233644859813084
mMNjlGNWsZA.001,train,0.2056074766355139
c3SQSM9OIsA.001,train,0.5887850467289719
f8f00b0IgvA.002,train,0.5794392523364486
7gyJdWaLpmE.004,train,0.5046728971962616
j-XUQ3Rmq6w.002,train,0.3457943925233644
Etfh8X-ECtY.003,train,0.4112149532710279
TEGJrmNFvXY.001,train,0.4766355140186915
owRKOW0ymCM.003,train,0.4485981308411215
LglT6Gp5oQg.003,train,0.2056074766355139
txU8yE9d-4k.005,train,0.2056074766355139
4xdT0Uedsro.002,train,0.514018691588785
QKcx5msA7iA.004,train,0.8130841121495327
7LHmNEH65Pk.004,train,0.4953271028037382
C8xZ0vhrrFE.000,train,0.2056074766355139
nClvfVFYzbM.003,train,0.4205607476635514
jwcSbw4NDn0.002,train,0.5327102803738317
fv5lLeyRdd4.002,train,0.7009345794392522
FaBTYkzhuK4.005,train,0.6542056074766355
bMY2DaFFwzU.003,train,0.4205607476635514
zMXIf66PPhU.001,train,0.3177570093457943
fmjILOLc3eg.001,train,0.4672897196261681
OIRq4d8IyKc.003,train,0.3925233644859813
2ceHmUmguzk.000,train,0.5607476635514018
tCnfvBwWVKw.003,train,0.5420560747663551
521sm7CTyfg.003,train,0.4766355140186915
44rxmXiga90.003,train,0.5514018691588785
3tPq9fNOXZQ.002,train,0.5327102803738317
eYASh3sKY3k.000,train,0.4018691588785046
jSw-grsJCnE.000,train,0.7570093457943924
-6otZ7M-Mro.000,train,0.644859813084112
-Osv5l1vrNU.001,train,0.5794392523364486
W2AB3UUyvwI.003,train,0.5514018691588785
1mODTfLRGdI.001,train,0.1682242990654205
t6-ljEWQjW8.005,train,0.3551401869158878
AwNVGShHjvw.000,train,0.439252336448598
gAWA-fcIa_M.001,train,0.5420560747663551
It0-yCwOc5k.000,train,0.3831775700934579
ai-RZb0ZpKI.002,train,0.5420560747663551
R_6hhFo7M3o.002,train,0.6261682242990654
DGCGeNlA-Ww.005,train,0.3831775700934579
OeGMd58Wgsk.000,train,0.4859813084112149
QKluS-uQIaM.002,train,0.3831775700934579
odRqijkG28U.000,train,0.5887850467289719
GTmHSF6vNWc.005,train,0.7102803738317757
SCnQFpdklMg.005,train,0.4485981308411215
iPblZBQpafs.003,train,0.4579439252336448
ZRl_k6DzTeI.001,train,0.3831775700934579
Z-CIdOjWcKc.001,train,0.5514018691588785
kDXYolv-8p8.002,train,0.514018691588785
z54OqeICELg.005,train,0.6728971962616823
PYYC0Jiwfdg.002,train,0.4766355140186915
-8asrRvfJWA.003,train,0.3457943925233644
odRqijkG28U.001,train,0.6635514018691588
lyZZSU1ziCQ.003,train,0.5233644859813084
Egogv6acOd0.001,train,0.2523364485981308
Bt5zyk-Xf9Q.000,train,0.616822429906542
fhUGU2uiS1U.001,train,0.6728971962616823
dNXqs5HNijI.001,train,0.6355140186915886
PsqpkFKX8co.002,train,0.6542056074766355
KGRUaRe3r7I.005,train,0.6915887850467289
KNOHhnRMpSw.003,train,0.1588785046728971
Ng2E0E5tiZQ.005,train,0.4953271028037382
ihA8DzHWyiU.001,train,0.5794392523364486
OugdInDyt9s.003,train,0.5981308411214953
8hW6WfYBP18.001,train,0.2710280373831775
t30ERiF6b50.003,train,0.4579439252336448
AotbiNsU85A.002,train,0.4579439252336448
54JawR1x0II.002,train,0.4953271028037382
xsLvl2qGrxU.001,train,0.5794392523364486
DhqfB9chceo.003,train,0.3925233644859813
teRgvZ63_2I.001,train,0.616822429906542
-aU2FN5pkWA.001,train,0.7570093457943924
9eNHxfOV2Kg.004,train,0.4766355140186915
Pc-oQQwkIv8.003,train,0.2523364485981308
teRgvZ63_2I.003,train,0.6074766355140186
VZ6jhnbk-5g.004,train,0.850467289719626
VsY6jAlvb9o.000,train,0.7476635514018691
OovRk5U9_GY.004,train,0.4953271028037382
zF3Uk2OAJAE.001,train,0.719626168224299
zvX4fNj0uxk.001,train,0.5327102803738317
kN9cs2nFhM4.005,train,0.4953271028037382
2AV8m02PjdU.003,train,0.2897196261682243
K4UcCvZOxWo.004,train,0.439252336448598
f70aaYsxPHY.002,train,0.2242990654205607
VPFrKx72gvo.001,train,0.2990654205607476
ZNRfeL8nPfw.003,train,0.8037383177570093
QyVTG0sGKg0.002,train,0.336448598130841
Kq-c6lqGNlo.002,train,0.6074766355140186
pwvQaSwgso8.001,train,0.4672897196261681
8gvBbE6iZNo.001,train,0.7102803738317757
DiaibIBisuM.005,train,0.3925233644859813
usG6pVxbQkw.000,train,0.4018691588785046
UVMEzA3yHsM.003,train,0.233644859813084
ZiKxJbVI5_g.002,train,0.6261682242990654
EL1Q7x_1a74.002,train,0.3925233644859813
dRr2JtdzUpU.004,train,0.5700934579439252
8OGiv7FetSQ.004,train,0.5420560747663551
2TXrDZgbDHE.001,train,0.3644859813084112
OLFhKCgexRU.004,train,0.6355140186915886
EYbPGTIcnjs.005,train,0.6635514018691588
8OGiv7FetSQ.001,train,0.6542056074766355
HCkDd0UnUgo.004,train,0.4859813084112149
4VwcU0ROy5k.004,train,0.5700934579439252
GG9WPQLI_rg.004,train,0.644859813084112
P6g1mZ3f76U.002,train,0.5981308411214953
-Gl98Jn45Fs.000,train,0.4953271028037382
1mHjMNZZvFo.005,train,0.8037383177570093
jZl3Rq1MRQg.000,train,0.5420560747663551
mXgUV0o6a20.000,train,0.6261682242990654
djsoQkroHpo.003,train,0.5046728971962616
erJNMcO69Eo.005,train,0.2897196261682243
2WuhWF4fAOQ.003,train,0.3177570093457943
opEoJBrcmbI.002,train,0.4859813084112149
fDw_PAgW07o.002,train,0.2242990654205607
m_9aygJNij8.004,train,0.3925233644859813
R-qB2FX7ZbE.004,train,0.3551401869158878
FksSYDfLH04.002,train,0.5887850467289719
SUI6WNryjqw.000,train,0.5981308411214953
K5WDz2jxtuI.000,train,0.439252336448598
4lIbWq27O84.002,train,0.4953271028037382
U-PRay-woXU.004,train,0.5420560747663551
yRVvI1x2DBI.002,train,0.5514018691588785
ELvGOVb8L5I.000,train,0.7102803738317757
c2LeNguVNrI.002,train,0.514018691588785
ya8Ec_yTai8.002,train,0.6542056074766355
y0UCXXk9tlM.004,train,0.6822429906542056
5kwoq4EZixQ.005,train,0.4953271028037382
QBZieJiOl1w.003,train,0.5700934579439252
xHb5_bc1JOA.001,train,0.4672897196261681
0iQIfGnKflc.001,train,0.4579439252336448
Etfh8X-ECtY.000,train,0.4018691588785046
yHwuRYr5lxk.005,train,0.4299065420560747
1OGu_7IljCo.004,train,0.2149532710280373
KB09jENVJ_0.002,train,0.4299065420560747
KB09jENVJ_0.004,train,0.5981308411214953
pZxqWp0e-Ik.004,train,0.4672897196261681
p1ORMiJ0fPU.003,train,0.514018691588785
MrfJ1qDJAwo.002,train,0.5327102803738317
jdli4DDP7XM.003,train,0.7476635514018691
3WoXkI06zGk.002,train,0.2149532710280373
Pc3NjyhtVd0.003,train,0.616822429906542
T3v3-2tvV0s.000,train,0.308411214953271
sDWJMBZ1mVA.002,train,0.1308411214953271
48S9_KZvzVw.004,train,0.8411214953271028
83cmR2fkyy8.005,train,0.616822429906542
5wpoKhbt28c.001,train,0.5981308411214953
oC-qxnrmJws.002,train,0.7009345794392522
rxYWgXYTATs.001,train,0.6074766355140186
fEC3lEDxRnc.002,train,0.3551401869158878
ibawV2tqKug.001,train,0.4579439252336448
T1--98_78ns.003,train,0.514018691588785
btcCanysQsw.005,train,0.1962616822429906
sNs4yCA11wk.000,train,0.719626168224299
LmA23EIaXqg.005,train,0.2429906542056074
QlkTEWrSCBs.000,train,0.3457943925233644
JN_LH6fs868.005,train,0.5046728971962616
xzRYaxrhne8.002,train,0.6915887850467289
z-CV743owek.003,train,0.5514018691588785
Wx_oe0SxD9w.003,train,0.5607476635514018
XT4rTk6-Etc.001,train,0.644859813084112
fGAcEyZXFTo.003,train,0.4859813084112149
5bi_PM3XMEQ.005,train,0.514018691588785
MvWDky9ZaWU.005,train,0.7757009345794392
Bi3XVSF4rac.000,train,0.4766355140186915
KAGTaM0Z9tA.001,train,0.4485981308411215
sBHv1jYmZQE.000,train,0.3457943925233644
WRz1F6DqmRQ.000,train,0.1775700934579439
GyLjVOVPGKQ.003,train,0.2710280373831775
ztyBhnjtrz0.000,train,0.4859813084112149
eAkWSjU-JyY.002,train,0.644859813084112
BZ3FEf_KKso.001,train,0.336448598130841
oU7zAWm_01o.002,train,0.5514018691588785
jmbAPNTJ3Vk.003,train,0.6355140186915886
hDqsuyVeWmw.004,train,0.4859813084112149
hIxLNK_x_QA.002,train,0.4112149532710279
vAEqpUwBMJQ.005,train,0.5233644859813084
x6Tluj4dJTU.004,train,0.2990654205607476
g8rjtlzAQ6k.003,train,0.6355140186915886
simc6hmrUOE.000,train,0.4766355140186915
s0pgZM5G6ds.004,train,0.2616822429906542
Egogv6acOd0.002,train,0.1588785046728971
zMXIf66PPhU.004,train,0.4485981308411215
FxVUG2R1y0Q.004,train,0.8317757009345793
8i7H-uSCQcc.004,train,0.4112149532710279
PHmkN1cPl10.005,train,0.4018691588785046
YdxS3f4HXaA.005,train,0.308411214953271
LtBYojIGYEc.000,train,0.6822429906542056
vE9XgQL7DGE.001,train,0.2990654205607476
datcFOBWYxc.003,train,0.5327102803738317
LKqN07ryM5I.004,train,0.5700934579439252
CFk4v2Kd5Ns.005,train,0.3925233644859813
4bDOetaLvZs.005,train,0.1869158878504672
8RObWRnyuG0.001,train,0.5420560747663551
RthpiC1KtSg.000,train,0.5233644859813084
T1tJTwlGqOM.001,train,0.5514018691588785
VjYqagJ4xt8.001,train,0.7943925233644858
0iXXdsO95O0.000,train,0.6261682242990654
b8GPFr11adA.005,train,0.5887850467289719
Q0C0OU-j4DA.003,train,0.3457943925233644
Pn_LNsSsm58.005,train,0.4953271028037382
Pc-oQQwkIv8.000,train,0.1962616822429906
36NZ0sHWQFg.001,train,0.233644859813084
dNXqs5HNijI.003,train,0.5700934579439252
YLKPVl-M3Ck.001,train,0.4672897196261681
dd0z9mErfSo.002,train,0.7009345794392522
nR0h3WFbPfA.000,train,0.7102803738317757
9_6auSk_wkY.005,train,0.6542056074766355
TursJyaFzqY.005,train,0.4766355140186915
2AV8m02PjdU.000,train,0.3457943925233644
gktkLqLHMGs.001,train,0.2710280373831775
dJlEHhyij5k.000,train,0.5514018691588785
r4BGKIXrD9c.003,train,0.5233644859813084
SFxiMxHvJuo.000,train,0.3738317757009345
K9ZTOb6PbfQ.000,train,0.7009345794392522
wuhoIm_jPc0.003,train,0.5420560747663551
VtYPH6UsVnU.000,train,0.514018691588785
VTv4BAYgJpk.005,train,0.5794392523364486
i4IVTm3uvoM.002,train,0.5233644859813084
3hKgh9AB3tk.001,train,0.3644859813084112
Rops7WYMCCY.000,train,0.4579439252336448
zNmuwZkaeVg.001,train,0.3831775700934579
sf8TXpaKnt4.001,train,0.2056074766355139
hmTY4CubpiE.002,train,0.5514018691588785
IveGfOJ86wY.002,train,0.4766355140186915
lkdQjIunxSE.003,train,0.5514018691588785
b6eoqD1J_qU.005,train,0.5981308411214953
ibawV2tqKug.004,train,0.5981308411214953
L5PkZA1ErYY.005,train,0.439252336448598
cY3nHc5fDYE.003,train,0.4018691588785046
1yIGI42lzak.005,train,0.3644859813084112
fecQUZ-ehKQ.000,train,0.5607476635514018
OACoHiwOdXQ.005,train,0.4672897196261681
3OoQBXWTGfE.002,train,0.1869158878504672
HP8f3oqJwz0.000,train,0.4672897196261681
Arsrkqma4i4.001,train,0.4112149532710279
3Vr5-zedeWk.002,train,0.3177570093457943
qmiBcHJpKR0.000,train,0.6355140186915886
grhDDOLsBho.004,train,0.5514018691588785
CdUYBux3Vn8.002,train,0.3551401869158878
WZnLayQeIZ0.005,train,0.6915887850467289
fmue_KpW9Ro.003,train,0.3925233644859813
3JAFkk42zPs.005,train,0.2056074766355139
uTluOTPA7e4.003,train,0.4112149532710279
ZlcINjtdkQQ.001,train,0.3925233644859813
in-HuMgiDCE.003,train,0.4859813084112149
cY3nHc5fDYE.000,train,0.5700934579439252
hX2TVefa5bQ.002,train,0.5420560747663551
ywefrPdzz0U.000,train,0.7570093457943924
VUgKH9DIs-8.003,train,0.1775700934579439
jjFzwsootdM.000,train,0.9065420560747662
Kbcvurfuvhk.000,train,0.5420560747663551
YuoLr4xDvbE.002,train,0.5794392523364486
iAgu-wDe2MQ.000,train,0.4766355140186915
5BPGRteF64Y.002,train,0.439252336448598
TEGJrmNFvXY.004,train,0.514018691588785
KNOHhnRMpSw.000,train,0.2803738317757009
0MB91ku0eEw.003,train,0.6074766355140186
RDOngWykAQU.000,train,0.7383177570093457
YNlhBpVk1tw.000,train,0.336448598130841
qLbOPbx33dk.001,train,0.4112149532710279
Tr3A7WODEuM.001,train,0.5233644859813084
mmTbHy5iftA.002,train,0.6822429906542056
aMPe0uSKqF4.005,train,0.3831775700934579
FQMmM3TL5rE.004,train,0.5607476635514018
LuLUAwn0aWU.000,train,0.5420560747663551
P7poMmhYnM0.001,train,0.3738317757009345
YiX6thczM1w.005,train,0.6355140186915886
CO7vZjYF6Zk.000,train,0.4672897196261681
9QGTbcqb2tM.002,train,0.514018691588785
_ZAqTHlu2ts.004,train,0.3831775700934579
2oiXF5_gTyk.001,train,0.5887850467289719
1wWMWbl6ILg.004,train,0.4953271028037382
_ztmNiy8D3c.000,train,0.1962616822429906
E3z1D7CKoOA.001,train,0.3738317757009345
dB-kMg4t-V8.002,train,0.4672897196261681
2Lgd2Ye-1L8.000,train,0.5327102803738317
mhvkJjOAjYI.005,train,0.4953271028037382
2ceHmUmguzk.002,train,0.7476635514018691
8ZHpqRJ39HA.003,train,0.5794392523364486
QipgesEKSNA.001,train,0.4018691588785046
nFP7EEgz0Xg.002,train,0.3271028037383177
05l5bteT_qA.001,train,0.5420560747663551
LKBoLbWHJYI.002,train,0.5607476635514018
b69IYs1G1zc.000,train,0.5233644859813084
qPzzmcuf-VI.000,train,0.6915887850467289
PTV5TBVRHxo.002,train,0.7009345794392522
keGXYAcUXmA.001,train,0.7476635514018691
PReOtefm17s.002,train,0.6074766355140186
tepWDnvIuRg.001,train,0.6355140186915886
gsleSGEZHAs.005,train,0.5794392523364486
z54OqeICELg.001,train,0.6822429906542056
wVpjBxCirAQ.004,train,0.5887850467289719
sDWJMBZ1mVA.001,train,0.1495327102803738
DnTtbAR_Qyw.002,train,0.6542056074766355
OtGJDbI9qkM.004,train,0.5607476635514018
J9WyswA0vow.002,train,0.3925233644859813
p_kPnCD7WzU.002,train,0.439252336448598
1RMdiCbNNh4.005,train,0.1775700934579439
nndDX4RgU1w.000,train,0.4672897196261681
cP_dSXql7z8.003,train,0.5327102803738317
vLAHfIjmRMc.001,train,0.644859813084112
39BJkEXJpgc.003,train,0.5327102803738317
JKDEEwxZwrw.001,train,0.439252336448598
NWlCdMyKlE0.001,train,0.7663551401869158
w7O2QJu2Wl4.004,train,0.6261682242990654
RsjDkkvJirs.005,train,0.4766355140186915
qtB-CogljAo.000,train,0.7383177570093457
nGe8dIc-ecc.002,train,0.5981308411214953
Jp-Hu7yxqR8.000,train,0.2710280373831775
qRtKUGgULL8.002,train,0.3644859813084112
TmpP2fXeVtk.000,train,0.3551401869158878
6zm71IHOCZA.000,train,0.336448598130841
Q4z4GRUtccE.002,train,0.514018691588785
RHEkTC8UfME.003,train,0.6355140186915886
U2RemWUyjts.000,train,0.4579439252336448
XOioICna1hc.001,train,0.3551401869158878
cFGjJg-2zOk.005,train,0.4953271028037382
Gdrgw7Z6tLg.003,train,0.5700934579439252
modNfUPt3F4.000,train,0.616822429906542
xGo_wImhwkQ.003,train,0.6915887850467289
mY1ZTvNVkSA.005,train,0.514018691588785
QiPb8vlGDFo.000,train,0.3551401869158878
Tad9Q9OFjJw.002,train,0.4299065420560747
8py6SksNsZQ.003,train,0.5981308411214953
50gokPvvMs8.002,train,0.6261682242990654
3LAaFUSGvsU.003,train,0.5981308411214953
6ePyEPQp77Q.001,train,0.5700934579439252
Rsz-26AaL2o.001,train,0.5046728971962616
CRLsCyMfskE.001,train,0.5700934579439252
YPMffqhP0C8.000,train,0.3925233644859813
98fnGDVky00.003,train,0.3831775700934579
ZNJFmNiWC4I.000,train,0.7102803738317757
wJl7DbsbrDA.005,train,0.3925233644859813
wK_ExIjn5Q8.005,train,0.3271028037383177
zMXfMcqpPwQ.002,train,0.4953271028037382
n4NkVZ1_dfk.005,train,0.3738317757009345
C5qRszPK9HY.001,train,0.4579439252336448
MuYYY3XaJ7Q.004,train,0.644859813084112
sHVXhr7_EOs.003,train,0.3177570093457943
8-OKP1nf19E.005,train,0.7289719626168224
eAkWSjU-JyY.001,train,0.5981308411214953
bRoIrXBO9DU.005,train,0.5700934579439252
WwGca41TJVU.003,train,0.3925233644859813
vo-Y5kgSBa8.003,train,0.4672897196261681
RlaaCqle7tY.005,train,0.3925233644859813
kX-o1qmgWvc.004,train,0.6635514018691588
521sm7CTyfg.005,train,0.7383177570093457
pHCPbKprJGY.003,train,0.5327102803738317
Lu9UNCSpQZM.003,train,0.5794392523364486
dDi6vy-OZRg.002,train,0.4672897196261681
pPtzEnf5afw.005,train,0.6542056074766355
vJnjjy5DZN4.002,train,0.6261682242990654
2mgj9ncREyA.005,train,0.5420560747663551
8QtlG5ujHyc.001,train,0.616822429906542
tS6bRcIIjDc.001,train,0.3738317757009345
PgpMUHH8lEI.002,train,0.4579439252336448
MD9yyz-OSRs.002,train,0.6074766355140186
tNPLxKC38Xs.000,train,0.719626168224299
5h5Pajjc_xM.001,train,0.5233644859813084
qBG1mjC7Zgg.005,train,0.3644859813084112
qBG1mjC7Zgg.000,train,0.4205607476635514
53QFyec0uN0.002,train,0.7943925233644858
fyXiORXmWHs.003,train,0.514018691588785
CPtaCNonKlE.004,train,0.336448598130841
rUGAiuYHNgE.004,train,0.3925233644859813
wYixHjntI-4.001,train,0.7009345794392522
1q-N_zbsAg0.001,train,0.4112149532710279
6SiutTvCDUw.000,train,0.4859813084112149
ZYrFfvp7_Mo.000,train,0.6728971962616823
ZFOb9zsgLLY.003,train,0.5887850467289719
6e5BsNaQmTo.003,train,0.4859813084112149
bkzgccBFztM.001,train,0.5887850467289719
bYXRyimxh7A.002,train,0.5794392523364486
pOtWKOF07iU.002,train,0.5607476635514018
JBiq9X_-r84.002,train,0.4953271028037382
9kEyN8a76j4.005,train,0.3177570093457943
wTpb1CfMnVM.005,train,0.4859813084112149
opyTSeVCYtE.005,train,0.4672897196261681
J0JrzUmZGcA.005,train,0.514018691588785
g0PWBzU95sI.000,train,0.7102803738317757
frsDpQjmC5k.002,train,0.5607476635514018
_VsE38xSmdM.001,train,0.7663551401869158
j7VLzb0qw8Q.001,train,0.3644859813084112
hrat_RJczFM.002,train,0.336448598130841
1q-N_zbsAg0.003,train,0.5046728971962616
2x8GZaBY6TM.001,train,0.2616822429906542
-NwfYYf5xLo.005,train,0.7476635514018691
n8IiQJyqjiE.001,train,0.5794392523364486
R-vly7LKotQ.003,train,0.3177570093457943
kdPRPO3wgg0.004,train,0.7570093457943924
Q2AI4XpApFs.001,train,0.3925233644859813
AGYoSGlq-ck.002,train,0.4766355140186915
HWuh0biZQ_c.002,train,0.2897196261682243
tomb22yfjTc.001,train,0.4299065420560747
GCkOL2jLSQA.001,train,0.4766355140186915
0tse0Fsy_rg.004,train,0.2056074766355139
1AMp8Y_0UGc.002,train,0.4299065420560747
RthpiC1KtSg.004,train,0.5514018691588785
ZIk7N-xHvF4.000,train,0.2523364485981308
RW4a2ERzTO8.000,train,0.616822429906542
t1PKNXE-IiM.000,train,0.6074766355140186
ZiKxJbVI5_g.001,train,0.6728971962616823
tvKUJujTUEo.004,train,0.7570093457943924
UQeuBvZNusI.001,train,0.4018691588785046
ana5C73n9bY.004,train,0.5420560747663551
esjSS0xsHFA.003,train,0.4018691588785046
Z3E1jkaNRKs.003,train,0.4766355140186915
dvCKoyBG1pE.001,train,0.6074766355140186
YP7N98ECZaI.005,train,0.3551401869158878
Pb7aNc6Kd40.003,train,0.616822429906542
ixkHBIX84SE.000,train,0.4579439252336448
LBrmHHzyIiY.000,train,0.4766355140186915
FcR9VhCxBb0.004,train,0.5981308411214953
hquzfo9MVDo.002,train,0.1869158878504672
P_wDFLJnW-o.001,train,0.4859813084112149
NCm736FngNo.000,train,0.2056074766355139
AJIphVRpYrg.002,train,0.5514018691588785
YliKljQIX2o.004,train,0.5420560747663551
9FN1KxoTMtQ.000,train,0.2990654205607476
E3z1D7CKoOA.002,train,0.4766355140186915
HQZD4j8_FR8.003,train,0.4112149532710279
GkPz3-y6Les.001,train,0.5046728971962616
a97PXgrKSxo.000,train,0.6261682242990654
0D7W2pR4RpQ.004,train,0.4953271028037382
FM5UaJS-bhg.001,train,0.4299065420560747
_ZjEr8ybbFM.000,train,0.3925233644859813
GQczMGrVgbc.001,train,0.5981308411214953
fLRRMLTFGMQ.004,train,0.336448598130841
y1e8xPAaL9k.000,train,0.6261682242990654
fEC3lEDxRnc.001,train,0.3177570093457943
M39PNQ8Omhc.001,train,0.5514018691588785
w7wPDiQkiA4.004,train,0.5046728971962616
Gd08FYfFRtk.000,train,0.6728971962616823
G7QTNbKbu_4.003,train,0.5607476635514018
DWVJXufR7gE.000,train,0.5607476635514018
iGBVrJMr62U.005,train,0.4953271028037382
j-XUQ3Rmq6w.004,train,0.5887850467289719
13kjwEtSyXc.002,train,0.3925233644859813
yftfxiDNXko.004,train,0.3831775700934579
LsqAIHhFpLE.002,train,0.4579439252336448
nex61B854Ms.004,train,0.3738317757009345
FkuwzJcoRVI.001,train,0.4299065420560747
OwI3Q-qUqDw.002,train,0.2149532710280373
3wgZrRMosvY.002,train,0.5607476635514018
xgwiqo2AsCA.002,train,0.3644859813084112
lsVwEApsljU.003,train,0.4299065420560747
TNtcyfM9jak.005,train,0.3457943925233644
mZ2CHgzwDt0.000,train,0.7850467289719626
y2UF49ddapI.003,train,0.6261682242990654
AlEqtGWa43g.005,train,0.5233644859813084
9_6auSk_wkY.000,train,0.7476635514018691
TmyDT-HC3qI.002,train,0.2149532710280373
_zs9K5Gtkwo.003,train,0.439252336448598
LKqN07ryM5I.001,train,0.5233644859813084
-IK--4uz5ZY.003,train,0.7102803738317757
rxYWgXYTATs.005,train,0.3925233644859813
p7-JUvStF4w.002,train,0.7009345794392522
Zy9Xg3TdZJk.001,train,0.4579439252336448
d8skGb2ycio.003,train,0.5794392523364486
WfCSCxADlrg.002,train,0.2149532710280373
mFz5Fbs97QA.002,train,0.4018691588785046
8XBprf4NyOg.004,train,0.3177570093457943
6-O-HJf6OZI.004,train,0.2710280373831775
7LHmNEH65Pk.002,train,0.5700934579439252
5xA8-Y5qgT0.001,train,0.4205607476635514
BCPoSirpmEw.005,train,0.6822429906542056
Z3FdUfZLHyw.001,train,0.2897196261682243
khCsAN1Bk_I.000,train,0.4485981308411215
836kYlEs9GI.001,train,0.3551401869158878
ivcVlDXJCDo.001,train,0.6074766355140186
Eb-2m44jTEs.004,train,0.4859813084112149
4kIHxR6s1L4.005,train,0.7383177570093457
pru5ut4lxkQ.004,train,0.4953271028037382
odHogR_36Dc.000,train,0.5607476635514018
kY_4WyAXxrQ.003,train,0.5420560747663551
sBHv1jYmZQE.003,train,0.4859813084112149
aqd4_4ga1fQ.001,train,0.2710280373831775
6ePyEPQp77Q.002,train,0.4205607476635514
TaTMtWvSmu4.004,train,0.7570093457943924
QfU5JsVMjfI.000,train,0.4953271028037382
gZzB49daFfA.005,train,0.5794392523364486
fDw_PAgW07o.005,train,0.233644859813084
a5tVPpLsaGc.002,train,0.5327102803738317
l7U3YDIOE_s.000,train,0.3271028037383177
ay4cdKr1I0o.001,train,0.644859813084112
bZAKBS9q0ZI.004,train,0.616822429906542
OdwK_oMdfSU.000,train,0.5233644859813084
A4zSLp-1gps.002,train,0.616822429906542
NBacfF-K2eQ.001,train,0.3271028037383177
rMFJmA5dRFQ.000,train,0.4299065420560747
RvoxbgEP49Q.003,train,0.4672897196261681
MvWDky9ZaWU.003,train,0.6261682242990654
_kK9tGN883Y.000,train,0.1588785046728971
xtDw9TlWiww.000,train,0.6542056074766355
W2AB3UUyvwI.005,train,0.5327102803738317
isaP2l3rlBQ.001,train,0.4579439252336448
AWZLchLstio.003,train,0.7289719626168224
aMPe0uSKqF4.001,train,0.336448598130841
kmV6Qtv0amA.005,train,0.4766355140186915
mq9NNKmKYdk.005,train,0.7757009345794392
26ZnknvfdNM.001,train,0.2897196261682243
26ZnknvfdNM.004,train,0.5046728971962616
WyLqK6wzYLU.000,train,0.336448598130841
NFAlff6GUpA.003,train,0.616822429906542
5uFZ-2kYGO0.000,train,0.3457943925233644
jlHKgXrxCu8.000,train,0.3644859813084112
QQzeQOoqO20.005,train,0.5514018691588785
Alox0G4xUfM.000,train,0.514018691588785
iPblZBQpafs.005,train,0.2990654205607476
Y6iogSmj6FQ.005,train,0.5420560747663551
W0Ay5uul8j0.002,train,0.5700934579439252
Wbd7QufjK_E.002,train,0.6261682242990654
HONL8ha-1BE.004,train,0.5233644859813084
bnoPmV0_aIc.004,train,0.5981308411214953
IQdz0Pd-L2Y.005,train,0.3551401869158878
vMtF0akNUK4.002,train,0.7850467289719626
jSw-grsJCnE.003,train,0.8317757009345793
tS6bRcIIjDc.004,train,0.4579439252336448
7wsksuXYoMY.002,train,0.5794392523364486
mRKGI6hq4UU.004,train,0.616822429906542
eT3BERfkCBE.005,train,0.6261682242990654
sntohi33U5s.000,train,0.5981308411214953
xRhUBifOWiI.000,train,0.6542056074766355
r2BoxB3kgYk.001,train,0.4112149532710279
3taD1fEPfC8.004,train,0.514018691588785
DTZeyoKUPx4.004,train,0.1028037383177569
rwinPicu_aw.001,train,0.5981308411214953
VnUkBYQkJms.004,train,0.5514018691588785
s3m8DgUi6GM.004,train,0.439252336448598
r9TaaVTo8Y8.004,train,0.6542056074766355
YbdJd16c3eo.004,train,0.6728971962616823
NG8qWulkRM4.000,train,0.2616822429906542
gq0yaEv6gSE.002,train,0.4766355140186915
L4Jlm0vGsvc.000,train,0.7476635514018691
eI_7SimPnnQ.002,train,0.6542056074766355
L5kpy0SA7os.003,train,0.4485981308411215
TNjEJGdqmH0.001,train,0.3644859813084112
zrbcY4TMVyc.000,train,0.1962616822429906
MCr6FmFAhak.001,train,0.7476635514018691
F4UeAogUMMs.000,train,0.5327102803738317
-RhPxhfpg4U.001,train,0.5887850467289719
45SH4ohAH3M.005,train,0.2429906542056074
Rp_gyvKE4hI.004,train,0.4953271028037382
gChqk1izWkc.002,train,0.4579439252336448
V4ibYU1O-YI.000,train,0.233644859813084
EaBCJB8LXdI.002,train,0.6542056074766355
7tlMys6MZ34.004,train,0.3644859813084112
XbsA_lCKQLs.003,train,0.7476635514018691
y7MEVu2nyes.004,train,0.4953271028037382
LsPKxJgefks.004,train,0.5327102803738317
nDsTSmE73M0.000,train,0.5887850467289719
vIW7gDmhYMk.003,train,0.3457943925233644
iQvoDdxt06M.003,train,0.4579439252336448
TaTMtWvSmu4.001,train,0.6261682242990654
M20gRMBy-4I.000,train,0.4859813084112149
3P_D_bd-_NM.000,train,0.5233644859813084
bSeTNdOtK7I.004,train,0.6915887850467289
kUv0BJQmKq0.001,train,0.644859813084112
I01_ubtktEQ.005,train,0.4299065420560747
jFx6AEw6viQ.005,train,0.2710280373831775
c4XnKouozXU.000,train,0.4299065420560747
dS2XOB8kmr4.001,train,0.439252336448598
m5kTITzj1bY.001,train,0.5327102803738317
WuoQDp7pU24.001,train,0.6635514018691588
rvB9DYAKHpk.002,train,0.4018691588785046
nI6qUE8N8hk.000,train,0.3738317757009345
qr1C43Ylavg.004,train,0.6542056074766355
VOeVhXWK7-8.004,train,0.4766355140186915
SEELGB_-uWU.005,train,0.3831775700934579
cOossY5pTrU.003,train,0.5700934579439252
Nv0-x4K9YFI.001,train,0.3738317757009345
J9MfhPoJOaw.004,train,0.6542056074766355
IwfA-squ7Oo.004,train,0.6261682242990654
eFzN_frNW8g.004,train,0.719626168224299
9n8dNi-ERQ0.003,train,0.5794392523364486
V8w2Lo5wxl8.001,train,0.4859813084112149
5TYuLy7JLj4.000,train,0.439252336448598
xsDABUrvs6w.002,train,0.2616822429906542
hOXvRgxjfik.001,train,0.4112149532710279
encC96iqr9Y.002,train,0.5700934579439252
fUIWjaZCYwM.001,train,0.2056074766355139
oQOvtrP52As.002,train,0.5233644859813084
l8weBJSCHbA.000,train,0.3738317757009345
iWyAQkMVNfM.004,train,0.1401869158878504
CUiG7UZ9A3k.005,train,0.5794392523364486
NoHext7JXYU.003,train,0.5794392523364486
YN0Xd70SqEo.004,train,0.4953271028037382
rBxWZzkEncE.002,train,0.5607476635514018
J8YpOUmN_aI.005,train,0.4859813084112149
E6rptSS3kP4.000,train,0.822429906542056
Tad9Q9OFjJw.004,train,0.4672897196261681
rhKVPhhWHko.002,train,0.3551401869158878
MrfJ1qDJAwo.005,train,0.5420560747663551
fv5lLeyRdd4.004,train,0.5420560747663551
mKWscEow1U8.000,train,0.3271028037383177
zT_s9X21gAE.004,train,0.6728971962616823
dQOeQYWIgm8.004,train,0.5981308411214953
Zvdh8ym1Yrg.005,train,0.4579439252336448
fL8VYpOTLSM.002,train,0.3831775700934579
hhdoeK8SsiI.000,train,0.7757009345794392
QuwVzi2tQrQ.005,train,0.7663551401869158
Or2_bP4lWYI.001,train,0.5887850467289719
6waL_gUxtAM.000,train,0.5794392523364486
CTWMisL_HlI.000,train,0.2897196261682243
i1gouUmZumY.001,train,0.4672897196261681
Ui1ajQU5Ib8.005,train,0.336448598130841
PHv6CzBIC5E.002,train,0.1682242990654205
cgGCyBMdGrA.003,train,0.336448598130841
oG84VxrGfj0.001,train,0.439252336448598
15yOT2ZolPE.002,train,0.4579439252336448
7wsksuXYoMY.004,train,0.6355140186915886
HNKnvSmTkC4.002,train,0.3177570093457943
-Gl98Jn45Fs.003,train,0.6355140186915886
3ySH8eJQRCI.004,train,0.5514018691588785
J0JrzUmZGcA.001,train,0.4112149532710279
Fe9_SVPd_5I.005,train,0.6822429906542056
qCFFW1dM8V8.004,train,0.5514018691588785
Lt89YrQHF_w.004,train,0.4299065420560747
dOFnHXRLEdM.001,train,0.7102803738317757
LvpUVPQKWcQ.005,train,0.7383177570093457
uStuc1OX0f0.000,train,0.7009345794392522
YwsVpkumbJc.002,train,0.6261682242990654
mhF4kYTlVUE.000,train,0.2616822429906542
ldq15dfuaLg.001,train,0.7383177570093457
nQxTTYWy7pA.002,train,0.2803738317757009
-R2SZu3SYgM.000,train,0.2149532710280373
yRVvI1x2DBI.005,train,0.5794392523364486
zrdxHERn628.003,train,0.5046728971962616
yrToGVRf27U.003,train,0.7102803738317757
--Ymqszjv54.005,train,0.2803738317757009
_01AyUz9J9I.005,train,0.6542056074766355
KVepk_9iPEU.002,train,0.6074766355140186
Ps55vHez10c.000,train,0.5607476635514018
bYXRyimxh7A.004,train,0.4485981308411215
qP8YzH6LT9c.001,train,0.4953271028037382
F9mZ6De_6Ko.004,train,0.6635514018691588
99OBSlFjLXI.000,train,0.4766355140186915
gUyH1qvbOZA.004,train,0.7383177570093457
c4XnKouozXU.004,train,0.4018691588785046
T4eZ81aJwJI.004,train,0.5233644859813084
rCxlfusNJlY.002,train,0.5794392523364486
TPk6KiHuPag.001,train,0.644859813084112
rJgbslC72gw.001,train,0.3738317757009345
taSAaWKcmTw.004,train,0.4579439252336448
AZj2VoCcayA.000,train,0.3551401869158878
CwYNQlRTvPc.000,train,0.6355140186915886
3VTL2kFt17M.004,train,0.4485981308411215
rD6NViDdyOU.002,train,0.4766355140186915
oLO05QNhhGg.001,train,0.5233644859813084
EmGTj1DRMbo.004,train,0.5233644859813084
PVm7Om88BSw.001,train,0.5327102803738317
w_ExyXsnw2A.003,train,0.4672897196261681
Af_F0IzHK6o.000,train,0.514018691588785
HhC2cGFFZeY.001,train,0.1869158878504672
sqnW6xXYTKg.000,train,0.4112149532710279
bviHajVIie0.005,train,0.6822429906542056
ihEFzP5S57g.003,train,0.4672897196261681
luH2RoZW-eY.003,train,0.308411214953271
1mdMhaq5p4w.005,train,0.4579439252336448
dvMeqVbpKW8.004,train,0.719626168224299
qoztP0w5-Vo.000,train,0.6074766355140186
mM6QbrCrdLo.000,train,0.6915887850467289
s6N1pv5lzrU.003,train,0.5233644859813084
lvae9lRUugE.005,train,0.6074766355140186
0dIqLMMn4jY.000,train,0.1495327102803738
4ZlcaXadwlo.005,train,0.6261682242990654
2fzLibPAtvI.004,train,0.6261682242990654
Pkgi4--hwfo.005,train,0.5607476635514018
MBgwyWKYWVM.002,train,0.1962616822429906
nUazOUcW_AM.005,train,0.6635514018691588
MRquWhqw4Jw.000,train,0.4953271028037382
btcCanysQsw.000,train,0.3644859813084112
MI_GQLbnoew.000,train,0.6074766355140186
3orJLMVqWYw.004,train,0.4766355140186915
tNPLxKC38Xs.003,train,0.6822429906542056
8c4_VDh2r5s.001,train,0.6728971962616823
xcVy0l2nfV0.001,train,0.5514018691588785
n5Jeeqfj2_U.000,train,0.644859813084112
p_Z4QGqu4Qo.004,train,0.5607476635514018
glgfB3vFewc.003,train,0.6542056074766355
knpgk7LAMb0.002,train,0.2897196261682243
K9ZTOb6PbfQ.004,train,0.4766355140186915
8g5jPiQ6XdA.003,train,0.5327102803738317
Gk94xrcmFts.005,train,0.0747663551401869
k3iu-fhIkeI.003,train,0.4672897196261681
jrhvXPaXo-0.000,train,0.3177570093457943
M5_x5J-H2I0.003,train,0.3551401869158878
wm94g-5Cg5s.005,train,0.5887850467289719
z3DO3tdrsnQ.000,train,0.7102803738317757
9o10YrQykMk.003,train,0.5887850467289719
k3iu-fhIkeI.000,train,0.4859813084112149
fSkQXqXR7D0.000,train,0.4299065420560747
MkVsl0hdphE.000,train,0.4205607476635514
bAxlTgobVHE.001,train,0.7476635514018691
_hmiW83i0GY.000,train,0.6074766355140186
NDC375coN1o.005,train,0.3551401869158878
hhdoeK8SsiI.005,train,0.5233644859813084
Q2AI4XpApFs.005,train,0.616822429906542
yozI_jvMrTw.004,train,0.3457943925233644
53srfuqv9LM.002,train,0.4018691588785046
c4XnKouozXU.003,train,0.4579439252336448
PyPFJWirPjs.001,train,0.4112149532710279
xEmwNv4OxGE.001,train,0.5607476635514018
8ZHpqRJ39HA.005,train,0.3925233644859813
MajYvFTkKnk.005,train,0.4112149532710279
cBR5cDwwdno.003,train,0.6822429906542056
JiXJeI5_jGM.002,train,0.6074766355140186
7RQbn7LM10I.000,train,0.514018691588785
laPGbkC87us.004,train,0.5887850467289719
1tPH6PNeOSk.002,train,0.5887850467289719
3g6Ab-BIbR4.001,train,0.4018691588785046
gj3-xvhPeWg.003,train,0.5514018691588785
TNtcyfM9jak.000,train,0.1962616822429906
2mfmw63l88g.005,train,0.1775700934579439
wBCSJVBr4ZE.004,train,0.5420560747663551
qjU3GX3jgSY.004,train,0.5514018691588785
aFVFvJNnFt0.005,train,0.3644859813084112
K-iwJMxjyx4.003,train,0.5327102803738317
pDt0F4zFfBs.005,train,0.5233644859813084
wYZJ2HXfvmQ.002,train,0.233644859813084
BmDClgdWlH4.004,train,0.7757009345794392
OmXuhT4yJpo.000,train,0.7850467289719626
jmbAPNTJ3Vk.005,train,0.5420560747663551
M0U48Lm33A8.005,train,0.4485981308411215
5kwoq4EZixQ.003,train,0.6074766355140186
wy1szFSVpEI.002,train,0.5981308411214953
t0AupkXkkZw.004,train,0.4485981308411215
fEZrAGQoh_g.001,train,0.4859813084112149
C-48U5oDuvw.003,train,0.5046728971962616
DhqfB9chceo.001,train,0.3644859813084112
Fgq5I4bkq2s.001,train,0.3831775700934579
j6d-KRDXnUI.001,train,0.3925233644859813
j3jdT1V-DeI.000,train,0.2242990654205607
Bo-mrL28d8M.003,train,0.2616822429906542
1RMdiCbNNh4.003,train,0.1682242990654205
bLOSPQ8MAC8.001,train,0.5887850467289719
-Gl98Jn45Fs.001,train,0.5887850467289719
fTpemcfElxI.004,train,0.4953271028037382
84Lz5a9yRZg.002,train,0.7757009345794392
UjqpaK1HlKI.004,train,0.5233644859813084
UcyjGGEBn30.001,train,0.7289719626168224
V7_h3URfSFY.005,train,0.1962616822429906
mpXOSY5dW7c.000,train,0.4672897196261681
0gv5Z0qt2jc.002,train,0.1962616822429906
fBMKlYUjA9E.000,train,0.6915887850467289
g0PWBzU95sI.004,train,0.6542056074766355
m2uxFfpb5xU.005,train,0.5233644859813084
H6yu96w7tUc.002,train,0.5607476635514018
Pr-RpZ4gYCM.001,train,0.439252336448598
7IegDaeNlik.000,train,0.2803738317757009
d4cPiUXpGbc.002,train,0.5514018691588785
7PYAn9njCHI.001,train,0.4766355140186915
BStHNKV820Q.001,train,0.4579439252336448
RhFPotjd0hM.002,train,0.3457943925233644
n4NkVZ1_dfk.003,train,0.4112149532710279
AR3UwbmgKuQ.003,train,0.3831775700934579
Oe7ItP7gS4w.000,train,0.5700934579439252
ApPnsnIZozw.004,train,0.3831775700934579
xHsh2Rg5ANU.000,train,0.2616822429906542
xHb5_bc1JOA.000,train,0.5233644859813084
1sjXuXtx9-E.000,train,0.5981308411214953
JmAQlC-FEV8.003,train,0.1214953271028037
y7MEVu2nyes.000,train,0.7102803738317757
8narByy2B5g.000,train,0.4205607476635514
wzCdM6Fe_4A.003,train,0.4579439252336448
ykm4JTvlOCQ.000,train,0.644859813084112
THO-md3eEkA.004,train,0.2803738317757009
ic_LECbCm5M.002,train,0.439252336448598
6TkMavTyimI.003,train,0.514018691588785
1dOaM7zWPo8.000,train,0.439252336448598
T9xSEBSaL7Q.003,train,0.4579439252336448
8-OKP1nf19E.000,train,0.7757009345794392
4lj66h4CXI8.002,train,0.719626168224299
naAGy30bnwA.000,train,0.3644859813084112
DTZeyoKUPx4.001,train,0.2897196261682243
tg0i-zxvQXk.000,train,0.3925233644859813
WUNXs4r_xCU.000,train,0.3457943925233644
qVrXROy4Ais.004,train,0.7102803738317757
qAisk1lgv2I.003,train,0.2897196261682243
1cqwKxx6GF8.005,train,0.5327102803738317
opyTSeVCYtE.003,train,0.7383177570093457
ZgFh3JPMs3Q.001,train,0.4953271028037382
tiVKJWLzmk4.000,train,0.5046728971962616
kQ8HhrysfaA.003,train,0.439252336448598
ZeGT9pSG734.004,train,0.4485981308411215
T4eZ81aJwJI.005,train,0.4112149532710279
ZNRfeL8nPfw.005,train,0.6822429906542056
gFEntQ_UKvk.003,train,0.5420560747663551
SRjhmQTPOmA.002,train,0.5514018691588785
Rp_gyvKE4hI.002,train,0.4766355140186915
ihEFzP5S57g.000,train,0.0934579439252336
X-i_eQ48DBw.001,train,0.439252336448598
9pGJyf1MXLY.002,train,0.5981308411214953
D_FGBb-1B1o.001,train,0.616822429906542
J0I8JzMR4IE.005,train,0.644859813084112
1Gn4GX8miWQ.002,train,0.6728971962616823
BmDClgdWlH4.002,train,0.9065420560747662
d1eh3dHNi1Y.001,train,0.4859813084112149
pEr7WTIPW64.005,train,0.4579439252336448
AP0aklGHino.005,train,0.336448598130841
AP0aklGHino.000,train,0.4953271028037382
MLCIfM5jYlI.000,train,0.5046728971962616
FwjoTGcsFNg.000,train,0.6074766355140186
iGlLSkRAsJc.004,train,0.644859813084112
US4PxgfKDeA.004,train,0.3551401869158878
R42dmIPCXwo.001,train,0.3177570093457943
5z4G0biL9B4.003,train,0.7102803738317757
okdZnQbLnf8.001,train,0.6915887850467289
VTrqCDYHVqU.001,train,0.2149532710280373
2UqnC_rFcRQ.002,train,0.3551401869158878
vHIBCKwJLEY.001,train,0.514018691588785
jZDlFzVUZwY.003,train,0.5327102803738317
do8FmnQbI5I.001,train,0.719626168224299
TJJJfJfj46M.001,train,0.308411214953271
kAbMWBsPKR4.000,train,0.5887850467289719
oC-qxnrmJws.000,train,0.7570093457943924
txU8yE9d-4k.001,train,0.1308411214953271
KXUERmhPyr8.004,train,0.4018691588785046
vYkHHVeNK_M.002,train,0.1775700934579439
Q0C0OU-j4DA.002,train,0.1869158878504672
JxxF9y61ujA.003,train,0.6074766355140186
pDt0F4zFfBs.003,train,0.5794392523364486
kAjvzIWWrWA.002,train,0.6074766355140186
vUKex2msIEU.004,train,0.4299065420560747
I8jMoBAMtVA.005,train,0.5607476635514018
-IK--4uz5ZY.004,train,0.7850467289719626
fmue_KpW9Ro.005,train,0.6635514018691588
9cHxDnk6SUs.001,train,0.4485981308411215
zeUC7e-4w1E.003,train,0.7102803738317757
sduFj_uaZ-w.000,train,0.4953271028037382
UANQntvIqVk.004,train,0.5981308411214953
QKlawwZQK9M.000,train,0.2897196261682243
KDwpjQiIfjY.003,train,0.5981308411214953
TwWDFpN3occ.002,train,0.4018691588785046
DzqJmiQjsZ4.005,train,0.616822429906542
e3Y7na4SBh4.005,train,0.4766355140186915
XQZ5M9oLkXw.001,train,0.6542056074766355
YGrCXe2-fVk.001,train,0.616822429906542
rG8D-A2F8xg.003,train,0.4953271028037382
WRz1F6DqmRQ.002,train,0.4859813084112149
dmycfNpiWCE.005,train,0.6261682242990654
A3StIKMjn4k.004,train,0.644859813084112
3hKgh9AB3tk.002,train,0.3644859813084112
YyHOKFYDZ5Y.005,train,0.2710280373831775
AJIphVRpYrg.005,train,0.644859813084112
r9TaaVTo8Y8.002,train,0.5420560747663551
BS0wgLXqFgc.003,train,0.7009345794392522
YzcZY1mUZfc.005,train,0.7943925233644858
Qu81v9Aybv4.003,train,0.6915887850467289
P63CUj9KnSw.004,train,0.3738317757009345
SFxiMxHvJuo.001,train,0.514018691588785
HP8f3oqJwz0.002,train,0.5514018691588785
ibawV2tqKug.005,train,0.4299065420560747
gkKHdsF6du4.000,train,0.6915887850467289
3GylAjrajHs.003,train,0.3271028037383177
I01_ubtktEQ.003,train,0.233644859813084
uxTxqewSuxg.000,train,0.5607476635514018
h_kjgcJ_bqU.005,train,0.6542056074766355
8PXQ_5tUv74.004,train,0.5887850467289719
uRY3aJAaogw.001,train,0.644859813084112
jwcSbw4NDn0.005,train,0.4859813084112149
PYL8BGJKu20.001,train,0.3551401869158878
ZCLfVue6xAg.003,train,0.4205607476635514
iqs7mZbg5UI.001,train,0.5046728971962616
kDXYolv-8p8.000,train,0.4953271028037382
9KAqOrdiZ4I.002,train,0.308411214953271
VUgKH9DIs-8.000,train,0.1775700934579439
853IG69l2SE.003,train,0.439252336448598
nOCSTnpB_F4.002,train,0.5607476635514018
Wa-HX5jP3ew.002,train,0.2149532710280373
EcOC7ZVRSg4.004,train,0.5700934579439252
iOv0_RdVPCM.003,train,0.5700934579439252
xRhUBifOWiI.004,train,0.5981308411214953
Y9WX7ucPP-o.002,train,0.4953271028037382
KNOHhnRMpSw.001,train,0.1775700934579439
ouYYWCY__5A.001,train,0.5607476635514018
WWdCfiraNQk.003,train,0.5981308411214953
rIRBEkDhn6Q.004,train,0.616822429906542
DXYRJ8PReoE.000,train,0.5046728971962616
geXpIfaFzF4.001,train,0.5420560747663551
a-nUsP7oETI.000,train,0.4859813084112149
Af_F0IzHK6o.004,train,0.4579439252336448
uE2U_Y7QrIw.000,train,0.4112149532710279
utv9RBNcL5w.000,train,0.7757009345794392
C0uc-2KrnnQ.001,train,0.4672897196261681
IFXaH_E54iA.004,train,0.5420560747663551
ly_0m16694Q.003,train,0.3831775700934579
l-WgXcGLdZk.003,train,0.5420560747663551
mflgXFsGU9w.004,train,0.4766355140186915
OgPC4wnLJR0.002,train,0.2990654205607476
1eOvtoZCie8.005,train,0.616822429906542
wTo1uZns2X8.001,train,0.5420560747663551
eT3BERfkCBE.001,train,0.7102803738317757
io0aNQE8En8.000,train,0.4205607476635514
SOxdUtjGmAo.003,train,0.5981308411214953
hhdzTOyFIo8.003,train,0.3271028037383177
IwfA-squ7Oo.001,train,0.5794392523364486
98fnGDVky00.004,train,0.4112149532710279
FvjIziLzffo.003,train,0.616822429906542
mpk5Ubw2fj8.000,train,0.3831775700934579
hF3yR5rmga8.001,train,0.7757009345794392
Y8gv_ZK3w4A.004,train,0.5887850467289719
1-GgVRmAEoo.003,train,0.5046728971962616
sTUJhj154Sc.002,train,0.3177570093457943
ld7mBR4v3yU.001,train,0.5981308411214953
W0FCCk0a0tg.001,train,0.4672897196261681
dB2XYhvqUBU.001,train,0.4953271028037382
dLaqub4BEsA.004,train,0.644859813084112
h_GDQ9_H1es.002,train,0.6261682242990654
bcRPLKygrNk.003,train,0.439252336448598
4TpJ1FT2w6Y.003,train,0.9158878504672896
rTG9gtci67c.004,train,0.5420560747663551
jTkEWnuDnbA.001,train,0.6261682242990654
AFQz-qy0FkY.001,train,0.8691588785046729
12Ezy1y1cWY.001,train,0.3831775700934579
gZzB49daFfA.003,train,0.6822429906542056
merppcmY6y0.002,train,0.2990654205607476
jjFzwsootdM.004,train,0.8130841121495327
aqA6oI5L1RQ.005,train,0.5514018691588785
iiW_nu6JITY.005,train,0.7102803738317757
UcyjGGEBn30.004,train,0.7383177570093457
wVpjBxCirAQ.005,train,0.3177570093457943
lAJWoIcgXlU.001,train,0.6635514018691588
-Wqk9eex6bQ.002,train,0.4672897196261681
F4UeAogUMMs.004,train,0.3551401869158878
cA43Gfcg0QA.003,train,0.3271028037383177
PgpMUHH8lEI.005,train,0.6355140186915886
tEQEKN07KgQ.003,train,0.2803738317757009
EAMHqNxa9yY.001,train,0.3457943925233644
zqpXz9h41jg.002,train,0.7102803738317757
sntohi33U5s.005,train,0.616822429906542
V1TjmLtgNm0.000,train,0.616822429906542
CwFH8J7smjE.005,train,0.6822429906542056
nkmYbzMmrYw.003,train,0.5420560747663551
lLObIVKYDUI.005,train,0.4205607476635514
HUxtuDE-YNE.004,train,0.5233644859813084
bt-ev53zZWE.004,train,0.3177570093457943
KTdbKiGFzJY.000,train,0.4205607476635514
7ZnijRlK5-E.003,train,0.4205607476635514
57RdMTGegww.000,train,0.4672897196261681
XfUqFt2amrM.002,train,0.4579439252336448
m0iznoJi8hw.003,train,0.6074766355140186
XNWN7ScxVIA.002,train,0.8411214953271028
54TGLGvIm_8.001,train,0.6542056074766355
-fqiCqZtgYs.002,train,0.2429906542056074
Kmrd1MsZKmQ.002,train,0.4205607476635514
CFK8ib0aWe8.000,train,0.4953271028037382
s3m8DgUi6GM.001,train,0.439252336448598
MuYYY3XaJ7Q.002,train,0.7009345794392522
L-C1blPD_ec.001,train,0.5794392523364486
h_kjgcJ_bqU.003,train,0.6261682242990654
xQHmbJ_lPjY.003,train,0.5607476635514018
O14mSiNfYDo.002,train,0.5981308411214953
9CPKW0sqR3E.001,train,0.5046728971962616
vJDx6TCX32M.001,train,0.514018691588785
Sb1b8JMVhLs.000,train,0.7289719626168224
pwvQaSwgso8.002,train,0.3738317757009345
X5aKCrWf6a4.001,train,0.4205607476635514
ZkypeQdzgvQ.003,train,0.1962616822429906
fsLf6Xv_Gbk.001,train,0.6915887850467289
bnM9Ow52x3o.005,train,0.7383177570093457
OgPC4wnLJR0.003,train,0.1962616822429906
98fnGDVky00.002,train,0.4018691588785046
xP6i_WO1LCM.000,train,0.514018691588785
qW0TYVtzq5A.001,train,0.5887850467289719
MVwxnf6L8po.004,train,0.4766355140186915
IveGfOJ86wY.001,train,0.5046728971962616
2T3oK1Gse2g.000,train,0.4766355140186915
3JzvXA-Zfbs.001,train,0.4299065420560747
3Vr5-zedeWk.005,train,0.439252336448598
JFKZEGDhcRs.004,train,0.5794392523364486
NzCflfxgvwo.003,train,0.1775700934579439
HNKnvSmTkC4.005,train,0.6074766355140186
JFKZEGDhcRs.001,train,0.4766355140186915
Z3FdUfZLHyw.004,train,0.233644859813084
squHxV3QXlQ.002,train,0.5514018691588785
BeyIfaH64xY.000,train,0.4299065420560747
4Qr1BjZhnpg.003,train,0.2616822429906542
iQvoDdxt06M.005,train,0.5607476635514018
3S8QUGYVf_w.000,train,0.644859813084112
fyXiORXmWHs.002,train,0.3738317757009345
glgfB3vFewc.000,train,0.897196261682243
bEXDNfLBy1I.004,train,0.5233644859813084
A0braVJH3Pw.004,train,0.3831775700934579
sHVXhr7_EOs.002,train,0.4018691588785046
_fFmEyvWgfA.004,train,0.4299065420560747
odRqijkG28U.004,train,0.6355140186915886
jxt1W2WRNHQ.003,train,0.4766355140186915
vo-Y5kgSBa8.002,train,0.6261682242990654
dIa0U29hVvU.005,train,0.2056074766355139
PgpMUHH8lEI.003,train,0.6355140186915886
pDih4zWqYQw.001,train,0.6355140186915886
eFzN_frNW8g.001,train,0.6355140186915886
NBacfF-K2eQ.004,train,0.1401869158878504
Z5S5uGXkNuc.001,train,0.644859813084112
fTpemcfElxI.001,train,0.5981308411214953
kare8QF7vrE.000,train,0.6635514018691588
2NNYN1ZCJhw.003,train,0.6355140186915886
M0U48Lm33A8.000,train,0.4205607476635514
lsXw8u4QXIU.001,train,0.4672897196261681
kV7MFI2_ddo.005,train,0.4299065420560747
uE2U_Y7QrIw.003,train,0.4485981308411215
04oq2yrBwMg.004,train,0.2803738317757009
EwMMNKLjO9w.002,train,0.439252336448598
BLeDNfK2quI.001,train,0.7476635514018691
HUHFlCs3YJ8.000,train,0.3738317757009345
Ie2y_yOeKpo.004,train,0.5794392523364486
r93dLeVRk3U.003,train,0.3551401869158878
XB81sertsYU.000,train,0.5514018691588785
qsd4GdeN_eY.001,train,0.6635514018691588
GCkOL2jLSQA.002,train,0.5420560747663551
qFYgMFMal_s.005,train,0.4018691588785046
Xfmu-7JuDGg.004,train,0.3738317757009345
qktahyrtrFs.000,train,0.616822429906542
fsaslN7xV-w.002,train,0.336448598130841
rBxWZzkEncE.004,train,0.5887850467289719
O2J_3ScUCUQ.004,train,0.4205607476635514
5U0xeSXEZOU.005,train,0.439252336448598
F5kL7RWS_f0.003,train,0.514018691588785
CFK8ib0aWe8.003,train,0.4018691588785046
mkWfG-4vvGc.003,train,0.7850467289719626
Pb7aNc6Kd40.005,train,0.644859813084112
mFz5Fbs97QA.003,train,0.2803738317757009
UrOamWOcOwQ.002,train,0.4485981308411215
K63T9l1xY7U.000,train,0.4766355140186915
KahSwziq8F0.000,train,0.6822429906542056
ZRrduU1CXqU.005,train,0.4112149532710279
nZC82V87Pm0.005,train,0.4112149532710279
WpEZOSrENL0.002,train,0.5046728971962616
3Sj-GZ3YXWs.000,train,0.4485981308411215
L7HDCG2PsII.001,train,0.4579439252336448
KJ643kfjqLY.002,train,0.5514018691588785
0u56Q_QmxIM.004,train,0.5887850467289719
9QOFKbaPX3M.000,train,0.4205607476635514
esjSS0xsHFA.002,train,0.5420560747663551
TNjEJGdqmH0.002,train,0.5514018691588785
m6JOFpKvkE0.001,train,0.5046728971962616
0axZSeaUbfs.002,train,0.3271028037383177
_ztmNiy8D3c.003,train,0.308411214953271
X-i_eQ48DBw.004,train,0.3925233644859813
_fJcW5234bY.002,train,0.6542056074766355
VuadgOz6T7s.001,train,0.336448598130841
BOOMkDl8JwA.005,train,0.3925233644859813
-VTqcHNgH7M.002,train,0.5046728971962616
Jog1-pYOSD0.003,train,0.5233644859813084
3Sj-GZ3YXWs.004,train,0.4485981308411215
5Wfa94_5Psg.004,train,0.5233644859813084
ZqbJIM7rmO8.003,train,0.5700934579439252
qW0TYVtzq5A.002,train,0.5420560747663551
tepWDnvIuRg.002,train,0.4485981308411215
qPzzmcuf-VI.004,train,0.7663551401869158
kp3c66Igyr8.001,train,0.6635514018691588
xZFZ0Mvjiuo.005,train,0.6822429906542056
io0aNQE8En8.005,train,0.2803738317757009
Gd08FYfFRtk.001,train,0.3551401869158878
do8FmnQbI5I.004,train,0.6542056074766355
yftfxiDNXko.000,train,0.4859813084112149
pvvff396Rqg.005,train,0.5420560747663551
5U0xeSXEZOU.001,train,0.616822429906542
DXw4lVoiiWY.000,train,0.3177570093457943
bBqZyG-9ksM.005,train,0.6355140186915886
IlbODduDCb4.003,train,0.308411214953271
vIW7gDmhYMk.004,train,0.5420560747663551
A1lbD_OCuj4.005,train,0.2242990654205607
FkuwzJcoRVI.000,train,0.3457943925233644
7BgScfRre5M.004,train,0.6261682242990654
B4ducm9sydg.003,train,0.4299065420560747
BjzSIV3dutk.000,train,0.7383177570093457
3OoQBXWTGfE.000,train,0.1869158878504672
D4hPHPp1W-Q.004,train,0.5514018691588785
aMmEPRJGocM.000,train,0.644859813084112
Vk3scj5vhd4.004,train,0.514018691588785
PsqpkFKX8co.001,train,0.6728971962616823
evrzg3Pzyc0.000,train,0.4953271028037382
KLY518hfGhU.004,train,0.4485981308411215
rxYWgXYTATs.002,train,0.6074766355140186
JzXnxQDnwWE.002,train,0.5700934579439252
yFZ3eUD6Pqs.001,train,0.5327102803738317
S0QIXcQGG-g.000,train,0.6355140186915886
vUKex2msIEU.002,train,0.5514018691588785
lLWOcztaIBI.002,train,0.4953271028037382
cNXnowQb7rs.005,train,0.7383177570093457
PHZQmf82HvA.005,train,0.6915887850467289
2_OOIcYfLV0.003,train,0.308411214953271
-IK--4uz5ZY.002,train,0.6074766355140186
f70aaYsxPHY.001,train,0.233644859813084
htH89DBizno.003,train,0.5233644859813084
tHYxFw-7po8.001,train,0.5607476635514018
DWVJXufR7gE.001,train,0.5233644859813084
SgzOYog1pH4.001,train,0.7289719626168224
j-XUQ3Rmq6w.005,train,0.5514018691588785
pOBn7AuGIuI.005,train,0.514018691588785
nex61B854Ms.005,train,0.4485981308411215
nCWEEoJfjgE.004,train,0.5887850467289719
OugdInDyt9s.005,train,0.6542056074766355
rjS0PIwS47M.001,train,0.5420560747663551
aaDlp62qn60.002,train,0.308411214953271
PuVy3akfzNI.002,train,0.4485981308411215
eIfiusZtXzE.000,train,0.4579439252336448
8aLr0vNobr4.001,train,0.336448598130841
BLwgxAWf7cg.003,train,0.1962616822429906
LmA23EIaXqg.000,train,0.2429906542056074
YuoLr4xDvbE.005,train,0.6822429906542056
EgolOPjkkg8.001,train,0.4579439252336448
2GHz8LYflE0.000,train,0.4299065420560747
YzcZY1mUZfc.002,train,0.6822429906542056
zMXfMcqpPwQ.001,train,0.6074766355140186
AobPtpyKat8.001,train,0.616822429906542
YP7N98ECZaI.001,train,0.3177570093457943
OdwK_oMdfSU.003,train,0.644859813084112
hG-pwa191bw.002,train,0.4112149532710279
fDw_PAgW07o.000,train,0.3271028037383177
kp3c66Igyr8.002,train,0.5981308411214953
VForU0EmBr0.000,train,0.3644859813084112
kAjPHyfol4w.004,train,0.4953271028037382
Kq-c6lqGNlo.000,train,0.6355140186915886
VnUkBYQkJms.002,train,0.514018691588785
75XbCb7G8kw.001,train,0.4018691588785046
i1gouUmZumY.002,train,0.644859813084112
6-O-HJf6OZI.005,train,0.4018691588785046
8aPfoJiDeBY.004,train,0.8317757009345793
1eOvtoZCie8.000,train,0.616822429906542
Gk94xrcmFts.003,train,0.3177570093457943
AwNVGShHjvw.002,train,0.3551401869158878
iAgu-wDe2MQ.003,train,0.4672897196261681
UGsr6Vnqf7I.003,train,0.5981308411214953
8i7H-uSCQcc.001,train,0.5700934579439252
3WoXkI06zGk.003,train,0.2803738317757009
Lj1WuMXFa-4.002,train,0.5046728971962616
l8weBJSCHbA.005,train,0.308411214953271
tOifNTq8jPw.005,train,0.514018691588785
LKvxVEI8uVA.001,train,0.5327102803738317
OXkDmd3nA94.003,train,0.5420560747663551
iPblZBQpafs.004,train,0.4205607476635514
P_wDFLJnW-o.000,train,0.2616822429906542
4LZJvOecyM8.001,train,0.4485981308411215
Jh7Wk5fYeMk.002,train,0.4485981308411215
T1tJTwlGqOM.004,train,0.4579439252336448
heE4ZZXwehI.002,train,0.6074766355140186
g24JGYuT74A.003,train,0.3551401869158878
9cj8rrj1wSk.005,train,0.5887850467289719
FoWuHvikyqU.003,train,0.719626168224299
XYt6WL-l7do.002,train,0.7850467289719626
2AYq7CdNXNo.003,train,0.5981308411214953
GS7cBLgZKgk.002,train,0.2990654205607476
0VnZngec8sc.003,train,0.6355140186915886
b69IYs1G1zc.002,train,0.5327102803738317
QqTw0lnrtBo.004,train,0.3551401869158878
0QTR0WiJSNk.001,train,0.616822429906542
EmGTj1DRMbo.003,train,0.5700934579439252
PRplbrM70sg.004,train,0.439252336448598
XLV7teADu3c.002,train,0.616822429906542
YXz6s1XNOLs.000,train,0.5327102803738317
3ySH8eJQRCI.003,train,0.4205607476635514
EL1Q7x_1a74.001,train,0.4672897196261681
_zI6qgTJOSA.005,train,0.2990654205607476
oLO05QNhhGg.004,train,0.616822429906542
DChmTb-c9uM.001,train,0.616822429906542
BLeDNfK2quI.002,train,0.7663551401869158
HH14jGFGuL0.005,train,0.6261682242990654
cjbh1lfr43c.005,train,0.2523364485981308
gM_KAA-ejJA.005,train,0.7663551401869158
h9jIdLBaMEo.001,train,0.7289719626168224
s-jZlMKQGwc.002,train,0.514018691588785
F4UeAogUMMs.001,train,0.5514018691588785
jdli4DDP7XM.005,train,0.6915887850467289
BjQ95T-Dw1U.003,train,0.2897196261682243
N1ZOAktFbI0.004,train,0.7476635514018691
4lyKh2_xCDQ.004,train,0.5700934579439252
ssxo35zmKWQ.005,train,0.5420560747663551
MajYvFTkKnk.003,train,0.514018691588785
EYbPGTIcnjs.000,train,0.7383177570093457
fiVORaERbP0.002,train,0.6261682242990654
fuKtMm2WR0g.001,train,0.4859813084112149
2HE6cw3HFPk.001,train,0.7009345794392522
IQdz0Pd-L2Y.001,train,0.3551401869158878
mBdVuEXRlfQ.000,train,0.5420560747663551
Vd9biSOZ5CI.001,train,0.4112149532710279
ZoHY-rWJsyw.001,train,0.336448598130841
huIQlWsIEvY.000,train,0.4766355140186915
3VTL2kFt17M.000,train,0.616822429906542
TNjEJGdqmH0.000,train,0.5420560747663551
czImT1Wn1og.001,train,0.4018691588785046
m536hegSuKI.002,train,0.5420560747663551
Cl5jhuLQ9Dg.001,train,0.4299065420560747
A6ZWTfKPLPE.005,train,0.6074766355140186
_uNup91ZYw0.001,train,0.7476635514018691
bkzgccBFztM.003,train,0.616822429906542
Y-_JeJoCjUo.005,train,0.6542056074766355
13XlKeC_p3U.001,train,0.7943925233644858
kL-CeaXG9jM.001,train,0.4766355140186915
gCQT7zfS7sI.001,train,0.4112149532710279
Gk94xrcmFts.000,train,0.1121495327102803
huIQlWsIEvY.003,train,0.4672897196261681
d69zeSpdyCI.000,train,0.7383177570093457
uATtAHyVSMM.005,train,0.2897196261682243
jZhlaIUFMLc.004,train,0.7383177570093457
HkBs4_vaCcs.000,train,0.6261682242990654
ODDGS0hTcUc.004,train,0.4766355140186915
OtGJDbI9qkM.000,train,0.5233644859813084
0Wr69VD_oXI.004,train,0.6261682242990654
9AsxY-x-TjM.000,train,0.4672897196261681
ezMO8EHKAVw.005,train,0.6728971962616823
F1lAPYh4t3U.004,train,0.5887850467289719
j0dnDXTyUBA.001,train,0.3925233644859813
-6otZ7M-Mro.001,train,0.6728971962616823
g1TMjzZH8bw.002,train,0.4112149532710279
LGdzP-r_G3U.005,train,0.3177570093457943
upgv7xmOb1I.004,train,0.2990654205607476
htH89DBizno.000,train,0.5607476635514018
mKWscEow1U8.002,train,0.6635514018691588
7nhJXn9PI0I.005,train,0.4766355140186915
a5NTqK367wo.000,train,0.514018691588785
ai-RZb0ZpKI.003,train,0.4579439252336448
HJkoeB_F4c4.000,train,0.3831775700934579
2Fgn78rYjPM.005,train,0.4485981308411215
VDcYF-YQuWw.000,train,0.439252336448598
kKRc2aXzQyM.002,train,0.4299065420560747
LuLUAwn0aWU.001,train,0.4953271028037382
PtA7yAu9-VE.000,train,0.6728971962616823
_QXI4n_FRN4.005,train,0.5700934579439252
2WuhWF4fAOQ.002,train,0.2523364485981308
RDOngWykAQU.003,train,0.4485981308411215
HbGeoKBULAA.001,train,0.6355140186915886
B3VQeeev0r0.001,train,0.3551401869158878
7UQt8QB3cQY.003,train,0.2803738317757009
pzfDth6nFQE.003,train,0.2990654205607476
ju7N5w4XZ4A.002,train,0.7476635514018691
f4rQJiW6oSk.005,train,0.6355140186915886
lLWOcztaIBI.001,train,0.5327102803738317
z54OqeICELg.004,train,0.5420560747663551
9z5cV1ANYwE.002,train,0.5420560747663551
tcmYlyeqwuI.003,train,0.2897196261682243
Hklc55y7vUI.005,train,0.4485981308411215
vR7YF7Zv5-Q.003,train,0.4485981308411215
7P2F5Mk_Q1s.002,train,0.439252336448598
hspeWl-Bip0.004,train,0.5887850467289719
7Kn5VT9bB4I.001,train,0.3644859813084112
h9jIdLBaMEo.002,train,0.7289719626168224
0ObEtA6Q8vU.002,train,0.6542056074766355
aMmEPRJGocM.004,train,0.7289719626168224
K-iwJMxjyx4.005,train,0.5420560747663551
OxaBanUE6KE.004,train,0.5700934579439252
iW1t-ZiG2rc.001,train,0.5046728971962616
3ySH8eJQRCI.005,train,0.4299065420560747
PoF3lxFDggQ.004,train,0.616822429906542
xsLvl2qGrxU.000,train,0.7009345794392522
DXw4lVoiiWY.003,train,0.3738317757009345
0_xOGmydDN0.003,train,0.5794392523364486
TCzYD74Xqe8.000,train,0.5233644859813084
12Hbl_oZF9c.001,train,0.5046728971962616
ME6JLtAM160.001,train,0.6074766355140186
FkuwzJcoRVI.003,train,0.439252336448598
LLP-oZfo8oE.005,train,0.5514018691588785
90p68AEmNMA.001,train,0.1495327102803738
II2KVV-uLNI.004,train,0.5233644859813084
VoXh9utSIx8.000,train,0.4299065420560747
Po4UGCJbCbw.002,train,0.5420560747663551
3J7Cl3FXs1o.004,train,0.6355140186915886
6uqXoPJSoPg.004,train,0.7943925233644858
OZaP2T74bLI.000,train,0.5887850467289719
edHTGYBFCWQ.000,train,0.7102803738317757
3S72dDIm1fM.000,train,0.5981308411214953
GTmHSF6vNWc.003,train,0.6261682242990654
fYUcoKDyRiU.001,train,0.4672897196261681
LeQKH1vAVpg.004,train,0.439252336448598
xLfLuyIQOJE.005,train,0.4672897196261681
Ui1ajQU5Ib8.000,train,0.514018691588785
5BPGRteF64Y.001,train,0.3551401869158878
ecIb16gJMwU.003,train,0.3925233644859813
cgT-3CHBmKs.005,train,0.2242990654205607
Ui1ajQU5Ib8.001,train,0.514018691588785
5T2PhH-OMds.003,train,0.1962616822429906
ZIyfXdCxN9E.000,train,0.233644859813084
9Crw2RtrBcY.004,train,0.8317757009345793
CRLsCyMfskE.004,train,0.6635514018691588
Pr7CHWFkWew.001,train,0.2897196261682243
QipgesEKSNA.002,train,0.6542056074766355
rW3hFpfGMHs.003,train,0.616822429906542
QiPb8vlGDFo.003,train,0.5607476635514018
3VTL2kFt17M.002,train,0.3831775700934579
fsCK8Xuzl1Y.000,train,0.5981308411214953
RsYSOFRFszk.001,train,0.3925233644859813
n4NkVZ1_dfk.000,train,0.5607476635514018
1W7XLdNpEgc.001,train,0.439252336448598
hPguTv1Zvg8.003,train,0.6355140186915886
BS0wgLXqFgc.005,train,0.616822429906542
8YQKwMdiaAE.002,train,0.5046728971962616
Qu81v9Aybv4.005,train,0.2897196261682243
EDshSjcCsoY.001,train,0.6261682242990654
1mHjMNZZvFo.004,train,0.7476635514018691
DLds0WJpIQg.001,train,0.5233644859813084
tYpxPqwle5k.005,train,0.5327102803738317
z82YEuBU8mA.003,train,0.4018691588785046
jOTlJwOBSd4.005,train,0.439252336448598
6k8RQViPUTc.000,train,0.3551401869158878
DiaibIBisuM.004,train,0.514018691588785
MrfJ1qDJAwo.001,train,0.6261682242990654
ipP--IqIuWU.003,train,0.3271028037383177
T6CMGXdPUTA.001,train,0.6822429906542056
wAl_Pm7xG3A.001,train,0.850467289719626
l1V-DuJ-WgU.004,train,0.5700934579439252
IHJn3UHXCMs.003,train,0.3457943925233644
hi8A0nUHnL8.003,train,0.5887850467289719
5kwoq4EZixQ.004,train,0.4205607476635514
s6N1pv5lzrU.002,train,0.4766355140186915
keGXYAcUXmA.002,train,0.308411214953271
Vd9biSOZ5CI.002,train,0.3925233644859813
Rops7WYMCCY.002,train,0.308411214953271
VAZLQqJa9rQ.003,train,0.3457943925233644
cpzY1b6wJqs.002,train,0.5700934579439252
aoRjg63uRww.004,train,0.6635514018691588
xZ9iwqHw7GY.002,train,0.4112149532710279
BjQ95T-Dw1U.000,train,0.3925233644859813
4ICb270oLpE.002,train,0.5981308411214953
29UCGJldICw.005,train,0.4672897196261681
9c66Lb7e1BQ.003,train,0.5514018691588785
C-48U5oDuvw.004,train,0.514018691588785
XLKNGnpTO9k.005,train,0.4579439252336448
5f6s8cwA7WQ.002,train,0.7102803738317757
z3DO3tdrsnQ.001,train,0.7476635514018691
GMwEmLo-gfc.000,train,0.5981308411214953
cuyIFvYNLFE.000,train,0.6915887850467289
k4eeYoHtnnI.001,train,0.4953271028037382
SUY_HDzgvGA.003,train,0.5327102803738317
SxRNdq2nGN0.000,train,0.4299065420560747
Nv0-x4K9YFI.002,train,0.2710280373831775
KJP4SKS2vtY.003,train,0.5514018691588785
k4QmzZuQl9s.004,train,0.616822429906542
dY7jG5gS3JE.000,train,0.7289719626168224
3VTL2kFt17M.005,train,0.5607476635514018
TmpP2fXeVtk.002,train,0.4112149532710279
uTluOTPA7e4.004,train,0.4953271028037382
BxdFQhBNZys.000,train,0.514018691588785
LNiiKncirQA.000,train,0.514018691588785
6oL9yyc9iJc.003,train,0.6261682242990654
_uNup91ZYw0.002,train,0.7476635514018691
83cmR2fkyy8.004,train,0.6261682242990654
LRczShwIVbM.004,train,0.4859813084112149
vMtF0akNUK4.001,train,0.4672897196261681
9CPKW0sqR3E.005,train,0.6635514018691588
YJ5CINQ8v_E.000,train,0.6635514018691588
7GRC7XjGzX8.003,train,0.7850467289719626
TUaOp5eIU2c.003,train,0.514018691588785
l3RE0rN7oEg.003,train,0.9439252336448598
JoQRNgGQCgY.004,train,0.6355140186915886
Kq-c6lqGNlo.005,train,0.5981308411214953
kFak4VnRnRM.005,train,0.5887850467289719
Cng72emlXAM.004,train,0.514018691588785
mkJjaOADfj4.002,train,0.8037383177570093
KnbEca4Ibwk.005,train,0.4859813084112149
XEpdSMQfEOs.004,train,0.4859813084112149
8Bt-vEroq6M.004,train,0.6542056074766355
F4UeAogUMMs.002,train,0.336448598130841
DLuwObrDhtc.001,train,0.1962616822429906
4kIHxR6s1L4.004,train,0.7009345794392522
2ceHmUmguzk.001,train,0.4018691588785046
g8rjtlzAQ6k.002,train,0.6261682242990654
cgp1OzTOq1o.005,train,0.5420560747663551
CFK8ib0aWe8.001,train,0.4859813084112149
OugdInDyt9s.000,train,0.4299065420560747
3R2LrAKCWr8.001,train,0.5327102803738317
300gK3CnzW0.000,train,0.1495327102803738
nmZRXxKPPuQ.005,train,0.4672897196261681
Or2_bP4lWYI.002,train,0.616822429906542
u_qvbRpm88k.002,train,0.308411214953271
G-25EWOIGNs.000,train,0.5420560747663551
RdHnu7ZxjzI.002,train,0.4672897196261681
WT1YjeADatU.001,train,0.5046728971962616
0kg6pmbSN6A.000,train,0.2149532710280373
kK4QL7pOrhs.002,train,0.7757009345794392
jpbz8CA4RvI.004,train,0.4018691588785046
Cl7vQ9QR0es.004,train,0.4018691588785046
Gl93Hw1A2kY.002,train,0.2803738317757009
dmycfNpiWCE.002,train,0.6728971962616823
EMNcIRgaDMg.004,train,0.5981308411214953
j1idNSoB7tA.000,train,0.5233644859813084
PJxgOFaaUZM.004,train,0.7289719626168224
B3VQeeev0r0.002,train,0.5327102803738317
5hFRSHAis2E.005,train,0.6074766355140186
KYvMsMLNGvY.005,train,0.439252336448598
iXaqqRE76lI.000,train,0.5981308411214953
2PSGksTyrnI.005,train,0.4953271028037382
iGBVrJMr62U.000,train,0.2523364485981308
EknEAPhAjdA.000,train,0.0467289719626168
aoRjg63uRww.003,train,0.850467289719626
VvSk5m90xOs.002,train,0.2803738317757009
n8IiQJyqjiE.003,train,0.6074766355140186
dd0z9mErfSo.003,train,0.5420560747663551
9-lptN92A68.005,train,0.6822429906542056
9ND95tPlYt4.000,train,0.1682242990654205
oYhWw97JYyU.000,train,0.5607476635514018
LWylAwr9kJI.004,train,0.439252336448598
foj4bqLSmF8.003,train,0.336448598130841
M_OpMKBEOyU.002,train,0.3644859813084112
3ccY8jYkI5o.004,train,0.7476635514018691
Etw3iulV5Eg.001,train,0.6074766355140186
Bo-mrL28d8M.002,train,0.1869158878504672
rG8D-A2F8xg.005,train,0.5327102803738317
HPEemWelY1E.004,train,0.616822429906542
69BopbFc34U.001,train,0.233644859813084
dvCKoyBG1pE.002,train,0.4205607476635514
FGkS4vJYOpM.002,train,0.514018691588785
OcS4H_dFeOc.001,train,0.336448598130841
HUJt0I1UKzo.001,train,0.7663551401869158
HWuh0biZQ_c.000,train,0.439252336448598
UA6UY69EVSI.002,train,0.439252336448598
NpiglwrZzsA.001,train,0.3457943925233644
hF3yR5rmga8.004,train,0.5981308411214953
tBQlU4_cIS0.000,train,0.1962616822429906
XfK7WZ3skUM.001,train,0.3738317757009345
HONL8ha-1BE.000,train,0.7757009345794392
Qqc1539E6rs.002,train,0.5700934579439252
YPnuq0tDDqk.003,train,0.2242990654205607
xerGtxpxW6Q.002,train,0.719626168224299
R-qB2FX7ZbE.001,train,0.4018691588785046
KIhpjwf5uAA.003,train,0.5607476635514018
mnRuiwFx_Z8.000,train,0.4112149532710279
Wx_oe0SxD9w.001,train,0.7009345794392522
ZlcINjtdkQQ.000,train,0.2710280373831775
BmDClgdWlH4.000,train,0.7757009345794392
WuoQDp7pU24.002,train,0.4485981308411215
xerGtxpxW6Q.003,train,0.439252336448598
5CRqN54uejE.000,train,0.7009345794392522
feg-RNvT-t0.000,train,0.3551401869158878
AEqpMdMeMZA.002,train,0.5514018691588785
_IS6GFmQYj4.000,train,0.5887850467289719
U9cidDFDTQE.003,train,0.4579439252336448
EcOC7ZVRSg4.002,train,0.514018691588785
hquzfo9MVDo.001,train,0.2149532710280373
rFs0AC2qV6o.001,train,0.4766355140186915
Gs-AdRcYSPo.004,train,0.5233644859813084
OckL7z_nBGg.002,train,0.7009345794392522
KHQJhOzdrYo.002,train,0.4299065420560747
1mReUxIEuw0.005,train,0.308411214953271
CO7vZjYF6Zk.001,train,0.4205607476635514
PYYC0Jiwfdg.000,train,0.5887850467289719
GQczMGrVgbc.002,train,0.3831775700934579
_ZAqTHlu2ts.005,train,0.3551401869158878
cWZudzeJVXg.002,train,0.1869158878504672
mZzWhUI0CP0.005,train,0.6728971962616823
NYlFsljF0VM.003,train,0.5233644859813084
lLObIVKYDUI.000,train,0.5046728971962616
2kqPuht5jTg.004,train,0.6355140186915886
Uu-NbXUPr-A.001,train,0.7570093457943924
8ZHpqRJ39HA.002,train,0.5420560747663551
W0LRjSS9pVM.004,train,0.4672897196261681
9cHxDnk6SUs.005,train,0.644859813084112
kSk-rf7a1Ig.000,train,0.439252336448598
DqA3j7juNs4.000,train,0.3831775700934579
ff-3k-nzoXA.002,train,0.5233644859813084
auhe41Tf50M.003,train,0.6074766355140186
vhugKRUnd-c.000,train,0.3457943925233644
e3Y7na4SBh4.004,train,0.6074766355140186
wTo1uZns2X8.005,train,0.2990654205607476
zEyRyTnIw5I.001,train,0.336448598130841
1eOvtoZCie8.002,train,0.5327102803738317
KXUERmhPyr8.005,train,0.336448598130841
QXFRE_pjrAE.003,train,0.5233644859813084
Eh7WRYXVh9M.005,train,0.4205607476635514
pPtzEnf5afw.000,train,0.4766355140186915
kUpkeJDcxaE.000,train,0.5420560747663551
M0O87_LiyMw.004,train,0.4485981308411215
rTG9gtci67c.002,train,0.6728971962616823
IXVf5VWxOAg.005,train,0.3177570093457943
57o4odfqTs8.003,train,0.616822429906542
WuIKjBb7s4Q.002,train,0.2149532710280373
Kmrd1MsZKmQ.003,train,0.4766355140186915
81f9t2HMNas.001,train,0.2429906542056074
vhugKRUnd-c.004,train,0.5887850467289719
dd0z9mErfSo.005,train,0.514018691588785
VnUkBYQkJms.005,train,0.4672897196261681
eHcRre1YsNA.001,train,0.2523364485981308
kN9cs2nFhM4.002,train,0.4579439252336448
8narByy2B5g.004,train,0.2897196261682243
sY4urmZmhJA.002,train,0.3738317757009345
gUyH1qvbOZA.000,train,0.7850467289719626
qD15qWMepxU.003,train,0.3738317757009345
6RwVJK3husE.005,train,0.5981308411214953
1S0SxmfbOus.002,train,0.439252336448598
7qGYGbIg45c.005,train,0.2710280373831775
wdeOWVDSeLE.001,train,0.4112149532710279
BQ9i8qkXiVQ.000,train,0.2990654205607476
R6NTuhZtOks.005,train,0.5420560747663551
GHetseJP358.004,train,0.7289719626168224
OWZ-qVZG14A.002,train,0.3457943925233644
erJNMcO69Eo.001,train,0.439252336448598
OEKg-Tvwcbk.003,train,0.616822429906542
9XvDnTa0Z1M.003,train,0.439252336448598
obr7ktzX8w8.003,train,0.336448598130841
PKtzsEqLGx4.000,train,0.4485981308411215
AlEqtGWa43g.000,train,0.6355140186915886
1izSTcQI7H4.004,train,0.336448598130841
8g5jPiQ6XdA.001,train,0.6261682242990654
F0_EI_X5JVk.003,train,0.6074766355140186
tEQEKN07KgQ.000,train,0.3551401869158878
hl70w5drc_4.003,train,0.4953271028037382
f1xAVtagIks.003,train,0.4859813084112149
shEsu57CYnA.001,train,0.2616822429906542
erJNMcO69Eo.002,train,0.4018691588785046
mGWS0Akp08E.001,train,0.6261682242990654
UsmwjNu3kgQ.001,train,0.4766355140186915
X9AEEGzWSU8.003,train,0.5046728971962616
FQMmM3TL5rE.003,train,0.514018691588785
6waL_gUxtAM.004,train,0.7102803738317757
io0aNQE8En8.003,train,0.1682242990654205
VUgKH9DIs-8.001,train,0.2149532710280373
Gvdh94z-SoM.002,train,0.336448598130841
MuYYY3XaJ7Q.005,train,0.7663551401869158
Cvuu76B-bxA.001,train,0.6261682242990654
yEE9FoKWdpU.005,train,0.514018691588785
dQOeQYWIgm8.001,train,0.5607476635514018
bzFTA6kGyA8.002,train,0.7383177570093457
9xJ0rFCU-OM.005,train,0.439252336448598
xHb5_bc1JOA.003,train,0.308411214953271
eI_7SimPnnQ.001,train,0.5046728971962616
_GFregyrwfo.002,train,0.5514018691588785
qkmEt0ofGq8.004,train,0.5046728971962616
44rxmXiga90.001,train,0.5046728971962616
7wsksuXYoMY.000,train,0.5887850467289719
78zauTEQ-k8.001,train,0.6542056074766355
CPtaCNonKlE.000,train,0.439252336448598
Ry5JJvTfP-8.002,train,0.4953271028037382
zT_s9X21gAE.001,train,0.719626168224299
4yogPbHFQ9o.003,train,0.4766355140186915
EaBCJB8LXdI.001,train,0.5887850467289719
HX-3jJdK7HM.001,train,0.5981308411214953
be0DQawtVkE.003,train,0.5700934579439252
f39E4ct09Cc.001,train,0.5607476635514018
l-WgXcGLdZk.002,train,0.5514018691588785
836kYlEs9GI.002,train,0.2523364485981308
dB2XYhvqUBU.000,train,0.6822429906542056
MbunPsukPnQ.001,train,0.5514018691588785
TUaOp5eIU2c.000,train,0.4485981308411215
3P_D_bd-_NM.003,train,0.2803738317757009
KmHe8urs3LI.002,train,0.2523364485981308
euRnmvd_dus.004,train,0.3925233644859813
M_OpMKBEOyU.000,train,0.3551401869158878
ABWFQuPG1LA.002,train,0.2429906542056074
TIRrlL71dEQ.005,train,0.4112149532710279
GUxm9AWVpOI.000,train,0.616822429906542
2UqnC_rFcRQ.001,train,0.6355140186915886
geXpIfaFzF4.003,train,0.5514018691588785
_tOtBfJlWFs.000,train,0.5046728971962616
-Wqk9eex6bQ.004,train,0.3644859813084112
JEualxMkaE4.002,train,0.4859813084112149
HPEemWelY1E.001,train,0.3925233644859813
CqQavmWSLrI.001,train,0.2897196261682243
fSDA4eEyGHk.004,train,0.4766355140186915
kV7MFI2_ddo.000,train,0.3738317757009345
9UWCHrG5mys.001,train,0.439252336448598
6nbxAP_ZKQQ.000,train,0.5046728971962616
GG9WPQLI_rg.005,train,0.4205607476635514
EknEAPhAjdA.003,train,0.2803738317757009
duEi37qVB7k.000,train,0.6074766355140186
Kmrd1MsZKmQ.000,train,0.5327102803738317
bMY2DaFFwzU.004,train,0.2990654205607476
7ZnijRlK5-E.002,train,0.3831775700934579
LHV4HNK35pM.005,train,0.5700934579439252
b8GPFr11adA.002,train,0.6542056074766355
2TMl5EMrdVI.003,train,0.2990654205607476
dVwDf5N2NRA.001,train,0.6728971962616823
d4cPiUXpGbc.000,train,0.5046728971962616
YGJ33FXzJO8.005,train,0.7943925233644858
AZj2VoCcayA.005,train,0.4672897196261681
qyzuaettjU8.001,train,0.5046728971962616
9CPKW0sqR3E.000,train,0.5233644859813084
yOzHZOg95Ug.001,train,0.1495327102803738
Bije9nsMl7M.004,train,0.4299065420560747
MuYYY3XaJ7Q.003,train,0.7102803738317757
98fnGDVky00.000,train,0.2710280373831775
UWVOT3YPQH4.005,train,0.5794392523364486
dvMeqVbpKW8.001,train,0.7850467289719626
mkWfG-4vvGc.004,train,0.7289719626168224
XpY-cxkbYdo.002,train,0.3644859813084112
elSd0IyX6ys.004,train,0.4672897196261681
yzgA9oAEgI4.002,train,0.7289719626168224
alucqviYJFE.004,train,0.5794392523364486
ZiKxJbVI5_g.000,train,0.7009345794392522
yUESJPS0wS8.002,train,0.7383177570093457
ZIk7N-xHvF4.003,train,0.2616822429906542
1YsZ4GPpyBA.005,train,0.5981308411214953
UANQntvIqVk.000,train,0.6542056074766355
g7sDGH8APwk.000,train,0.4018691588785046
mpXOSY5dW7c.005,train,0.439252336448598
M9nVAfSPOZ8.005,train,0.6728971962616823
SfldZBPyPFo.002,train,0.1401869158878504
QKcx5msA7iA.000,train,0.6074766355140186
3S8QUGYVf_w.004,train,0.719626168224299
W8NkAXNboT0.002,train,0.5327102803738317
VJuVsi6G96s.000,train,0.5514018691588785
tS6bRcIIjDc.003,train,0.4299065420560747
N1ZOAktFbI0.001,train,0.7289719626168224
3HA2W1s4oP8.000,train,0.5700934579439252
_fJcW5234bY.000,train,0.5700934579439252
2-LDYe7OXZU.003,train,0.3457943925233644
L-C1blPD_ec.005,train,0.439252336448598
qVcw5-mm31s.004,train,0.5794392523364486
IlbODduDCb4.005,train,0.4859813084112149
39BJkEXJpgc.001,train,0.514018691588785
VTrqCDYHVqU.003,train,0.2056074766355139
mq9NNKmKYdk.000,train,0.7383177570093457
_7hGh6VU4IU.004,train,0.5514018691588785
99OBSlFjLXI.002,train,0.4766355140186915
shEsu57CYnA.002,train,0.5981308411214953
WOyix7rTgwI.001,train,0.2990654205607476
V2nvyZB-JNM.002,train,0.4859813084112149
xgRqkTXmZko.001,train,0.5700934579439252
o2wtRccAgjE.003,train,0.5420560747663551
vHn6-GQAI_Y.001,train,0.4672897196261681
JIYZTruMpiI.001,train,0.5514018691588785
jpPZVmzleAo.002,train,0.4859813084112149
CuGuiOZ48Ig.005,train,0.4205607476635514
3tPq9fNOXZQ.005,train,0.3738317757009345
Kbcvurfuvhk.002,train,0.5327102803738317
B4ducm9sydg.001,train,0.439252336448598
P9WDAY-MFzk.002,train,0.5233644859813084
sqnW6xXYTKg.002,train,0.4205607476635514
1Gn4GX8miWQ.000,train,0.616822429906542
2IwWILRuuNU.005,train,0.5420560747663551
nQtiqrceBhg.001,train,0.3738317757009345
f9GeYKAXgAQ.002,train,0.514018691588785
Z3FdUfZLHyw.000,train,0.3177570093457943
Ng2E0E5tiZQ.003,train,0.4579439252336448
38fE5B4ghw0.002,train,0.4953271028037382
mZ2CHgzwDt0.003,train,0.8411214953271028
voSLxKtKr0Q.003,train,0.6728971962616823
51hGkzvYP00.001,train,0.5514018691588785
ZRrduU1CXqU.002,train,0.4579439252336448
IFF47jVKMj8.002,train,0.5794392523364486
sDfU1gixDmM.000,train,0.439252336448598
_7s27dUoYVg.003,train,0.6542056074766355
QfU5JsVMjfI.003,train,0.336448598130841
Gdv79afXNKE.003,train,0.6261682242990654
el2DOd8E5io.000,train,0.5233644859813084
IPjl2LdPMn0.003,train,0.5607476635514018
rGTn2uaCAT0.005,train,0.6635514018691588
d8skGb2ycio.000,train,0.5327102803738317
dIa0U29hVvU.003,train,0.2523364485981308
QXFRE_pjrAE.000,train,0.6635514018691588
Kga18VO9VwY.000,train,0.3925233644859813
41NNb7cucVo.001,train,0.5514018691588785
6xlHkQDHxbs.000,train,0.439252336448598
HUHFlCs3YJ8.001,train,0.5607476635514018
vr5FWHUkYRM.001,train,0.4859813084112149
v68FyWS-Q9s.002,train,0.5327102803738317
Lz3hYPF6aIM.004,train,0.336448598130841
54K75EhiTEk.003,train,0.336448598130841
fGAcEyZXFTo.005,train,0.6074766355140186
g4PQ753TDls.000,train,0.5233644859813084
39o1zJFeM7E.002,train,0.5233644859813084
R5uXsQsO6Uo.002,train,0.8785046728971962
zpLiIVF0x7U.000,train,0.2149532710280373
AFvUxDwJB84.001,train,0.514018691588785
eZwGkhUa0TQ.000,train,0.4205607476635514
3VyriB3isO8.001,train,0.4579439252336448
nKx64KH7Xks.003,train,0.6542056074766355
kxlqIrk0WnY.002,train,0.4672897196261681
It0-yCwOc5k.002,train,0.4953271028037382
saTSCzI1dKo.004,train,0.6822429906542056
E_xAcdGpPCI.001,train,0.4579439252336448
7pLWTfnOSIU.001,train,0.2242990654205607
w7O2QJu2Wl4.005,train,0.6822429906542056
oCb9DK3M1DU.002,train,0.4672897196261681
4lyKh2_xCDQ.003,train,0.439252336448598
EcOC7ZVRSg4.003,train,0.4485981308411215
s1DOqsQoN5s.003,train,0.308411214953271
cgGCyBMdGrA.001,train,0.4205607476635514
A3StIKMjn4k.002,train,0.7289719626168224
shAhNNV-zHA.004,train,0.644859813084112
IQdz0Pd-L2Y.004,train,0.2616822429906542
jQRFHBVs0dA.005,train,0.4485981308411215
8yFYvQ_kxW8.005,train,0.4859813084112149
IyBCZySg-c4.001,train,0.4299065420560747
r1v6EmZv7-o.004,train,0.5700934579439252
SBEad3L1Hdc.001,train,0.2990654205607476
liRQoL7SsPw.001,train,0.7009345794392522
syTTeox8Yaw.003,train,0.4859813084112149
AvuWv3LLmrA.003,train,0.3925233644859813
KDwpjQiIfjY.000,train,0.5887850467289719
WfjLOieAwGY.002,train,0.6635514018691588
2uAJJH7B5aw.001,train,0.644859813084112
0uCqd5hZcyI.005,train,0.514018691588785
wBSf7anTC_g.004,train,0.5700934579439252
GUxm9AWVpOI.003,train,0.4579439252336448
Lj1WuMXFa-4.004,train,0.4579439252336448
QBZieJiOl1w.004,train,0.5327102803738317
13kjwEtSyXc.000,train,0.514018691588785
QNVsr2mGwGs.005,train,0.4112149532710279
_G3kw9HwCqY.000,train,0.5046728971962616
xgwiqo2AsCA.000,train,0.3271028037383177
kdPRPO3wgg0.001,train,0.7289719626168224
Ay7bZ7Sgx9Q.003,train,0.4018691588785046
Y1LrgyCJtpU.000,train,0.336448598130841
Etfh8X-ECtY.004,train,0.5420560747663551
ZXeO5dRFrj0.005,train,0.4018691588785046
4lH5nLSwmoM.001,train,0.3831775700934579
fUIWjaZCYwM.000,train,0.4766355140186915
uwUkp63db18.002,train,0.5887850467289719
fk_ggmC872E.003,train,0.5233644859813084
bcRPLKygrNk.001,train,0.1962616822429906
htH89DBizno.005,train,0.6074766355140186
T4eZ81aJwJI.000,train,0.5046728971962616
_01AyUz9J9I.002,train,0.6542056074766355
86upzmhvpXw.001,train,0.4953271028037382
S0QIXcQGG-g.001,train,0.7102803738317757
DnTtbAR_Qyw.005,train,0.6074766355140186
JiXJeI5_jGM.000,train,0.4299065420560747
9XqeGs2MMic.000,train,0.2523364485981308
kUv0BJQmKq0.000,train,0.719626168224299
cNXnowQb7rs.004,train,0.5420560747663551
J8N2OCqM6N0.001,train,0.4018691588785046
oHudDVcT5Lg.004,train,0.5981308411214953
RZOimXPTG0s.002,train,0.7850467289719626
ZNJFmNiWC4I.001,train,0.8037383177570093
fEZrAGQoh_g.002,train,0.4953271028037382
4V7doeEKsus.001,train,0.3551401869158878
k99PI3FGEj0.000,train,0.3457943925233644
3OoQBXWTGfE.004,train,0.1028037383177569
nB-fPmvZg3U.005,train,0.3644859813084112
S1AEj1kO5dc.002,train,0.4299065420560747
wYZJ2HXfvmQ.001,train,0.3644859813084112
nUbhRInpVbA.005,train,0.4579439252336448
qCFFW1dM8V8.001,train,0.4112149532710279
yFZ3eUD6Pqs.005,train,0.4205607476635514
Gg4OMtVe7lk.002,train,0.6822429906542056
4LZJvOecyM8.002,train,0.439252336448598
6N02tjYPLh8.001,train,0.4485981308411215
OdwK_oMdfSU.002,train,0.4112149532710279
V8w2Lo5wxl8.000,train,0.5981308411214953
VJuVsi6G96s.002,train,0.4672897196261681
BgfYyUAoNPs.000,train,0.644859813084112
JlMPF03b8SM.001,train,0.4299065420560747
oLO05QNhhGg.000,train,0.4112149532710279
ouYYWCY__5A.005,train,0.4205607476635514
oC-qxnrmJws.005,train,0.7102803738317757
dB65He57Ki8.005,train,0.7009345794392522
twmdh5zdvfg.000,train,0.5700934579439252
l8weBJSCHbA.001,train,0.2897196261682243
7vF5WLD1RxY.003,train,0.2897196261682243
XQ3do4LDFv8.004,train,0.3925233644859813
X7S71Som15M.001,train,0.4672897196261681
N1ZOAktFbI0.002,train,0.7570093457943924
rBxWZzkEncE.003,train,0.4953271028037382
MFGGMnNE6Q0.002,train,0.5887850467289719
iiW_nu6JITY.002,train,0.5981308411214953
3HA2W1s4oP8.003,train,0.4579439252336448
gipWTZy9mjI.003,train,0.4859813084112149
sDNzrM6N7wA.003,train,0.6542056074766355
KLY518hfGhU.000,train,0.4579439252336448
ua5c716lu5s.001,train,0.3831775700934579
BWAEpai6FK0.002,train,0.6915887850467289
voSLxKtKr0Q.000,train,0.5700934579439252
fIiXuRlTPa0.000,train,0.5794392523364486
Wby2oMliGz0.004,train,0.6355140186915886
g24JGYuT74A.002,train,0.439252336448598
j5fXaXrNPoA.005,train,0.5327102803738317
XYt6WL-l7do.004,train,0.514018691588785
Psahy1Vju4A.003,train,0.6728971962616823
p7-JUvStF4w.000,train,0.4485981308411215
b6eoqD1J_qU.002,train,0.644859813084112
8qG1sMihtPA.004,train,0.4766355140186915
JBdLI6AhJrw.002,train,0.3738317757009345
8RVJqjILSD0.003,train,0.4205607476635514
ng42eoHytOA.001,train,0.3551401869158878
opEoJBrcmbI.005,train,0.4859813084112149
dvMeqVbpKW8.005,train,0.7383177570093457
jpPZVmzleAo.001,train,0.4018691588785046
KahSwziq8F0.003,train,0.5046728971962616
qVcw5-mm31s.000,train,0.5233644859813084
f7E26XfU8rw.002,train,0.5981308411214953
hnWMsZEQWt4.003,train,0.7757009345794392
6nbxAP_ZKQQ.005,train,0.5607476635514018
MajYvFTkKnk.002,train,0.6635514018691588
7Wr-fwmpRfw.001,train,0.5514018691588785
_mtiuHyOFXg.001,train,0.6635514018691588
lWz3uSk1qms.000,train,0.719626168224299
DctPau1p7JM.001,train,0.308411214953271
aMPe0uSKqF4.004,train,0.4205607476635514
jOTlJwOBSd4.002,train,0.2710280373831775
iuiuZuWtEH8.001,train,0.6915887850467289
8bn3HZY76xU.000,train,0.3551401869158878
jDdRrqRcSzM.001,train,0.6635514018691588
yRVvI1x2DBI.004,train,0.4672897196261681
3WmWJ1lNy-U.000,train,0.4766355140186915
xeE08Vn-HXI.000,train,0.439252336448598
8qesctueAV0.000,train,0.5607476635514018
puLXzqUvm_U.001,train,0.233644859813084
2AYq7CdNXNo.001,train,0.7289719626168224
8mZZlnbmOYE.003,train,0.5046728971962616
WpMPrPnk1po.000,train,0.4485981308411215
VbiUhNAdzus.000,train,0.5327102803738317
c3SQSM9OIsA.005,train,0.5420560747663551
9RfE2-aTvaM.001,train,0.4299065420560747
oVSMxtPpQ0M.002,train,0.4766355140186915
ilOi-sQo9HI.001,train,0.3644859813084112
Wy4hWbeibhU.000,train,0.336448598130841
2ceHmUmguzk.005,train,0.616822429906542
3ccY8jYkI5o.002,train,0.719626168224299
utv9RBNcL5w.005,train,0.5700934579439252
ZkypeQdzgvQ.000,train,0.2523364485981308
y0UCXXk9tlM.003,train,0.6261682242990654
NVvKBE5FTMk.005,train,0.5794392523364486
noepjVnUVFY.001,train,0.4299065420560747
ga_XczsO4eY.001,train,0.4205607476635514
3tPq9fNOXZQ.001,train,0.4485981308411215
CGfr9jl8w4Y.004,train,0.5981308411214953
bMY2DaFFwzU.001,train,0.1682242990654205
JxxF9y61ujA.000,train,0.5887850467289719
Q0C0OU-j4DA.001,train,0.2523364485981308
nfN9qJSVank.003,train,0.5514018691588785
LmA23EIaXqg.003,train,0.2803738317757009
fk_ggmC872E.000,train,0.514018691588785
sNs4yCA11wk.003,train,0.7757009345794392
RWfY3Xk0XPQ.005,train,0.336448598130841
LuLUAwn0aWU.004,train,0.5233644859813084
FaBTYkzhuK4.000,train,0.5327102803738317
cxJ0u6r0-pU.002,train,0.5046728971962616
pQy4omHIf7o.001,train,0.3457943925233644
jZhlaIUFMLc.005,train,0.4953271028037382
dVbo9Ftlyl0.005,train,0.5700934579439252
1mHjMNZZvFo.003,train,0.6355140186915886
dRP8ZaAryro.005,train,0.7289719626168224
3b9fhd-EDaY.001,train,0.616822429906542
hhdoeK8SsiI.002,train,0.5046728971962616
oBE9f5xD9rk.005,train,0.6915887850467289
mlXZQ8dO0nQ.004,train,0.5887850467289719
4ZlcaXadwlo.000,train,0.5327102803738317
Gk94xrcmFts.004,train,0.3738317757009345
nEm44UpCKmA.000,train,0.3831775700934579
7Y3S4nfQHeo.002,train,0.3831775700934579
H0_4dZMjUow.001,train,0.6915887850467289
wm94g-5Cg5s.004,train,0.6728971962616823
AQz6_ZpzGIE.003,train,0.5514018691588785
JO44XCaQGVY.004,train,0.616822429906542
-9BZ8A9U7TE.003,train,0.3925233644859813
RgZTZIf8K8g.003,train,0.3831775700934579
uKy7lHuMQ_o.002,train,0.5327102803738317
lyZZSU1ziCQ.001,train,0.616822429906542
Jcw9NZkMn6I.004,train,0.5046728971962616
blAjqQ0ja8Q.005,train,0.514018691588785
0fMw9o1v2tY.003,train,0.2523364485981308
DXw4lVoiiWY.002,train,0.5514018691588785
YocrYFLm4CM.000,train,0.5607476635514018
mIcktEhNxRo.003,train,0.5420560747663551
0kg6pmbSN6A.005,train,0.4112149532710279
xBiI0Oo1vBw.000,train,0.6728971962616823
81f9t2HMNas.004,train,0.2523364485981308
YNlhBpVk1tw.004,train,0.336448598130841
BBSB9OJdb0Q.002,train,0.3831775700934579
NhyVkwcZbTA.002,train,0.7289719626168224
mflgXFsGU9w.003,train,0.5607476635514018
A6ZWTfKPLPE.001,train,0.4205607476635514
xLfLuyIQOJE.002,train,0.5700934579439252
ApPnsnIZozw.005,train,0.5233644859813084
XJj34u5IzU0.003,train,0.5046728971962616
cdtZKwM5NIM.004,train,0.5981308411214953
fH0jgh_VKmE.003,train,0.3551401869158878
L-rmZZP_wj8.003,train,0.4859813084112149
OoxYhDbzWwg.002,train,0.439252336448598
l1L61qbiV2U.001,train,0.3644859813084112
YZp79VcnY0w.002,train,0.336448598130841
shQmRW4CrGE.000,train,0.4579439252336448
IMCEXoAkZv4.000,train,0.7289719626168224
84Lz5a9yRZg.004,train,0.7289719626168224
-fqiCqZtgYs.001,train,0.3457943925233644
gsleSGEZHAs.002,train,0.5607476635514018
Me22JENkhJA.000,train,0.2523364485981308
Me22JENkhJA.005,train,0.2523364485981308
LWylAwr9kJI.001,train,0.5514018691588785
eI_7SimPnnQ.005,train,0.6728971962616823
fipvPdFbKN4.004,train,0.4579439252336448
GHetseJP358.001,train,0.4579439252336448
vOEQlAMABWM.003,train,0.6355140186915886
s3m8DgUi6GM.000,train,0.2056074766355139
OwlFAiE0Qrg.002,train,0.5981308411214953
Wby2oMliGz0.002,train,0.6261682242990654
d-cZdeTp0jo.000,train,0.4859813084112149
T6CMGXdPUTA.002,train,0.6728971962616823
7pLWTfnOSIU.004,train,0.2523364485981308
AWyKLALCUyM.000,train,0.1775700934579439
VUGWfw5PVLY.002,train,0.3644859813084112
YF2QVn1fK1E.002,train,0.7476635514018691
luH2RoZW-eY.001,train,0.4672897196261681
cgT-3CHBmKs.004,train,0.4299065420560747
jlDYn537Pd0.004,train,0.4485981308411215
KhMsmtSC5Lg.005,train,0.6542056074766355
khCsAN1Bk_I.001,train,0.2242990654205607
omeHsKF7InA.001,train,0.1028037383177569
dmOKZLeFKCM.002,train,0.719626168224299
OWZ-qVZG14A.004,train,0.5700934579439252
01qN-BqJXRM.005,train,0.3271028037383177
sSYCMN-WHmI.000,train,0.644859813084112
o2lu6rkd5-Y.001,train,0.5700934579439252
LtBYojIGYEc.003,train,0.5046728971962616
8RVJqjILSD0.000,train,0.3271028037383177
qjWi69HY2Fc.000,train,0.4485981308411215
kAjvzIWWrWA.003,train,0.6074766355140186
7Y4cUPFEt-4.002,train,0.514018691588785
0iQIfGnKflc.002,train,0.5887850467289719
5f6s8cwA7WQ.001,train,0.7850467289719626
9c66Lb7e1BQ.002,train,0.4766355140186915
ndLtwmvPpr8.000,train,0.6355140186915886
mLZw7Hf8AYI.004,train,0.5607476635514018
cBR5cDwwdno.005,train,0.6074766355140186
knpgk7LAMb0.000,train,0.3177570093457943
HH03EXo0TB0.001,train,0.4205607476635514
OwI3Q-qUqDw.000,train,0.2710280373831775
SPD5fXHVyIk.004,train,0.4766355140186915
jlHKgXrxCu8.004,train,0.6728971962616823
FkuwzJcoRVI.005,train,0.2429906542056074
mQpNe8f5xA8.003,train,0.616822429906542
g9zgIN56MnQ.001,train,0.5607476635514018
nZz1hK90gwA.003,train,0.2242990654205607
fv5lLeyRdd4.001,train,0.5233644859813084
nDcl8Jo2tYg.002,train,0.7476635514018691
QBZieJiOl1w.001,train,0.4205607476635514
KiM9P_FJVHg.005,train,0.3831775700934579
lsVwEApsljU.005,train,0.5607476635514018
zupxsNi2er8.004,train,0.2616822429906542
On2c_8sU8Vw.001,train,0.6074766355140186
eFzN_frNW8g.000,train,0.6728971962616823
kp3c66Igyr8.005,train,0.7663551401869158
-fXqnCljdm0.000,train,0.1775700934579439
5ghk5950BhU.005,train,0.822429906542056
JiXJeI5_jGM.005,train,0.4485981308411215
t899haDGi38.003,train,0.7009345794392522
RtNylXap2qk.005,train,0.6355140186915886
X9AEEGzWSU8.005,train,0.5046728971962616
F0VbEO_0Ybc.005,train,0.5887850467289719
xcMwMi4fdis.005,train,0.4953271028037382
eD4b8sM-Tpw.004,train,0.439252336448598
6EMgu2djYrU.005,train,0.5794392523364486
Wy4hWbeibhU.002,train,0.336448598130841
o_kTWEEjtyw.005,train,0.2149532710280373
1cqwKxx6GF8.004,train,0.5327102803738317
jpRnHWTLDUs.003,train,0.5981308411214953
qP1UtCbMaW4.003,train,0.4299065420560747
B2q0gbLVeck.000,train,0.4953271028037382
CpmR-91GxmY.005,train,0.8037383177570093
YBsKLg3GMrE.005,train,0.3177570093457943
FoWuHvikyqU.001,train,0.5514018691588785
p5QXPhJS8Ks.000,train,0.3177570093457943
p5QXPhJS8Ks.005,train,0.3177570093457943
cOossY5pTrU.001,train,0.5981308411214953
sa7E6SrSmEs.003,train,0.6261682242990654
qfL0ml0f84g.004,train,0.5327102803738317
_RAGzfJnpUE.003,train,0.3177570093457943
dvU5jYExl0o.003,train,0.5607476635514018
IXVf5VWxOAg.000,train,0.3457943925233644
WT1YjeADatU.002,train,0.2990654205607476
okdZnQbLnf8.002,train,0.4953271028037382
Lq4uvcHNiy8.000,train,0.4579439252336448
G-25EWOIGNs.001,train,0.5233644859813084
pHCPbKprJGY.001,train,0.6915887850467289
nfN9qJSVank.000,train,0.4112149532710279
ADa9rkwF2uA.000,train,0.7009345794392522
OD3cfWeJaOY.005,train,0.5981308411214953
MswJxdf-3Fc.005,train,0.5887850467289719
MK7KveAeb6Y.004,train,0.5046728971962616
fpyBDfh7qF0.002,train,0.5046728971962616
SFRis1tTZWk.002,train,0.5514018691588785
9DF_-PXbpkg.003,train,0.616822429906542
iGlLSkRAsJc.005,train,0.4112149532710279
s-jZlMKQGwc.000,train,0.4018691588785046
0axZSeaUbfs.005,train,0.2897196261682243
dOFnHXRLEdM.005,train,0.4766355140186915
45SH4ohAH3M.000,train,0.2616822429906542
cWZudzeJVXg.004,train,0.1869158878504672
A6ZWTfKPLPE.002,train,0.5981308411214953
be0DQawtVkE.001,train,0.6635514018691588
XYt6WL-l7do.001,train,0.6728971962616823
1jC4vsQsjwM.002,train,0.5981308411214953
EjhDyc8Oc6k.000,train,0.5607476635514018
3DURnr95fMg.004,train,0.3457943925233644
zMXfMcqpPwQ.005,train,0.5327102803738317
owRKOW0ymCM.002,train,0.4485981308411215
KO7ZGXwPu-Y.000,train,0.3177570093457943
KdMiQUWNByk.001,train,0.5420560747663551
IV01x2GS61g.000,train,0.6074766355140186
DvmzcQI5cnM.000,train,0.439252336448598
MT3tOBpG5II.004,train,0.4766355140186915
Qu81v9Aybv4.002,train,0.6635514018691588
a5-PJqy9QmU.001,train,0.2803738317757009
NkFJuN8fBDU.000,train,0.4766355140186915
AotbiNsU85A.000,train,0.4859813084112149
UqfFvPT9mEs.000,train,0.6542056074766355
BStHNKV820Q.003,train,0.5887850467289719
II2KVV-uLNI.000,train,0.5046728971962616
CyzKot0CNyU.000,train,0.2990654205607476
6LKbPUX03sY.000,train,0.4766355140186915
CJT7z9PaU68.004,train,0.5887850467289719
iOv0_RdVPCM.005,train,0.514018691588785
Lu9UNCSpQZM.004,train,0.4579439252336448
Lk6Ts7y4OPY.000,train,0.2616822429906542
_g3M_MoFIvA.004,train,0.4018691588785046
pQy4omHIf7o.002,train,0.4112149532710279
oYhWw97JYyU.001,train,0.6728971962616823
EffEoI1l1zE.002,train,0.2803738317757009
zwO2zBdbCb4.002,train,0.5233644859813084
DefePa0_6Sg.002,train,0.2803738317757009
qkmEt0ofGq8.003,train,0.6355140186915886
Hm5K_K0v718.004,train,0.616822429906542
Qz_cjgCtDcM.005,train,0.6728971962616823
5T2PhH-OMds.000,train,0.233644859813084
MD9yyz-OSRs.005,train,0.644859813084112
36sZ__mv_KY.003,train,0.3738317757009345
o2iolmvadac.002,train,0.7009345794392522
R_6hhFo7M3o.003,train,0.644859813084112
RbX4q4KceVk.003,train,0.5794392523364486
YyYDxAyV_Aw.003,train,0.4018691588785046
BLc_GvsbI1U.003,train,0.6822429906542056
Y6iogSmj6FQ.002,train,0.4299065420560747
7P2F5Mk_Q1s.000,train,0.1962616822429906
VUGWfw5PVLY.000,train,0.4018691588785046
DfpKVl9Zpdg.003,train,0.2616822429906542
kY_4WyAXxrQ.004,train,0.3457943925233644
puLXzqUvm_U.004,train,0.4859813084112149
QS7TwjzkYiU.004,train,0.644859813084112
Dhbva5oGE7g.000,train,0.6822429906542056
A4zSLp-1gps.005,train,0.6261682242990654
a38rz5AIslE.003,train,0.616822429906542
y6sy0HBe-Zs.000,train,0.5794392523364486
ZkypeQdzgvQ.004,train,0.2803738317757009
o-fNF5QVMNo.004,train,0.5887850467289719
HH03EXo0TB0.002,train,0.4112149532710279
mkJjaOADfj4.005,train,0.5700934579439252
BxdFQhBNZys.004,train,0.5607476635514018
KJP4SKS2vtY.000,train,0.5887850467289719
7I-B2bBL0K0.004,train,0.644859813084112
IFXaH_E54iA.005,train,0.5794392523364486
fgEddXirQvQ.005,train,0.6822429906542056
_kK9tGN883Y.004,train,0.1588785046728971
KNOHhnRMpSw.002,train,0.1869158878504672
RDOngWykAQU.002,train,0.719626168224299
4lIbWq27O84.000,train,0.616822429906542
XkeSLRAftxA.001,train,0.5700934579439252
9J-KIPMQmqk.005,train,0.5700934579439252
K9U_Z8GdGRo.005,train,0.6261682242990654
KsToJAKi7xQ.000,train,0.514018691588785
b-qfeGqPd04.001,train,0.4579439252336448
Uu-NbXUPr-A.000,train,0.7476635514018691
fEC3lEDxRnc.000,train,0.4299065420560747
1mdMhaq5p4w.002,train,0.5607476635514018
PWAe9M2SxT8.001,train,0.5327102803738317
DegRGUG4Wi0.001,train,0.6355140186915886
kN_bFMVnfzY.001,train,0.4205607476635514
XAO4l8Ej-J8.003,train,0.5981308411214953
m4ZmRZCv6VA.005,train,0.5420560747663551
yozI_jvMrTw.005,train,0.5233644859813084
KHQJhOzdrYo.003,train,0.5700934579439252
A7qb47cmxJo.005,train,0.3644859813084112
Cl7vQ9QR0es.003,train,0.4953271028037382
zNmuwZkaeVg.002,train,0.4112149532710279
z-CV743owek.001,train,0.4018691588785046
6tyhnIgNVs8.005,train,0.5233644859813084
mIxTz3tOgmQ.000,train,0.6261682242990654
isqmQc9AfBc.000,train,0.2990654205607476
Kbcvurfuvhk.004,train,0.3925233644859813
cxJ0u6r0-pU.000,train,0.6915887850467289
pzG2VeUbefw.003,train,0.6074766355140186
12lqQE6oPNE.001,train,0.4953271028037382
2TXrDZgbDHE.005,train,0.2149532710280373
uMCRfie1lkc.004,train,0.2710280373831775
5CRqN54uejE.002,train,0.6261682242990654
usG6pVxbQkw.001,train,0.5700934579439252
Vy-Lr_iM5qo.005,train,0.5233644859813084
g9zgIN56MnQ.004,train,0.5420560747663551
tEQEKN07KgQ.004,train,0.2897196261682243
opEoJBrcmbI.003,train,0.4766355140186915
dRr2JtdzUpU.005,train,0.5887850467289719
kppgmuWEv-A.004,train,0.4299065420560747
_Q4wOgixh7E.000,train,0.1588785046728971
siEnTktB4lQ.004,train,0.308411214953271
LKvxVEI8uVA.004,train,0.4205607476635514
V7_h3URfSFY.000,train,0.2149532710280373
Bz3Jx4QL_6Q.003,train,0.644859813084112
L7HDCG2PsII.003,train,0.4859813084112149
fBcc1UMtZME.001,train,0.2523364485981308
ana5C73n9bY.003,train,0.6074766355140186
dgoc29MVjfE.000,train,0.5981308411214953
WATt9OOVZh8.004,train,0.5514018691588785
Lj1WuMXFa-4.001,train,0.514018691588785
2bAsXLQjlt8.005,train,0.6635514018691588
_IS6GFmQYj4.003,train,0.616822429906542
VForU0EmBr0.003,train,0.2523364485981308
wYZJ2HXfvmQ.005,train,0.2616822429906542
HekcZ0Em60E.005,train,0.4672897196261681
VGoAtKcKIe8.002,train,0.5700934579439252
keGXYAcUXmA.005,train,0.6074766355140186
8yFYvQ_kxW8.003,train,0.5794392523364486
qMARpi60Hhs.004,train,0.3457943925233644
f9GeYKAXgAQ.001,train,0.4672897196261681
sSR1a5XW7n4.002,train,0.5607476635514018
L-C1blPD_ec.000,train,0.3831775700934579
Wev85dXzVGM.000,train,0.644859813084112
K9h_wA30XgM.002,train,0.308411214953271
Y9WX7ucPP-o.000,train,0.4953271028037382
SxRNdq2nGN0.002,train,0.5046728971962616
m5kTITzj1bY.005,train,0.5327102803738317
V9roK_mLM-w.003,train,0.6542056074766355
ev42vngXERU.001,train,0.4112149532710279
sNs4yCA11wk.005,train,0.5887850467289719
aqK-wcGILjw.000,train,0.5514018691588785
J6RHl6U6Jcw.000,train,0.2803738317757009
50gokPvvMs8.000,train,0.3644859813084112
tomb22yfjTc.002,train,0.3738317757009345
WMp0lsXbOqM.002,train,0.7383177570093457
CuGuiOZ48Ig.000,train,0.5981308411214953
0gv5Z0qt2jc.000,train,0.2242990654205607
eXtskPoi58A.005,train,0.2710280373831775
TaTMtWvSmu4.003,train,0.5700934579439252
wTo1uZns2X8.003,train,0.5607476635514018
RuRn2t7iPSc.000,train,0.616822429906542
2TMl5EMrdVI.005,train,0.3925233644859813
pljK0DEusA0.003,train,0.4299065420560747
Oe7ItP7gS4w.004,train,0.4672897196261681
EjhDyc8Oc6k.003,train,0.6728971962616823
_7s27dUoYVg.000,train,0.7102803738317757
-c2HtptBFxY.002,train,0.3925233644859813
BeyIfaH64xY.001,train,0.5420560747663551
ZvxUUh2wN7s.002,train,0.3925233644859813
3Q3SB1dVAng.002,train,0.5514018691588785
MrYEK0nvnAo.001,train,0.719626168224299
FxVUG2R1y0Q.001,train,0.7009345794392522
fiEEjrKhlNU.002,train,0.514018691588785
ymrFbEMNBME.004,train,0.5514018691588785
hrat_RJczFM.001,train,0.3925233644859813
3ySH8eJQRCI.001,train,0.5794392523364486
S1AEj1kO5dc.004,train,0.3831775700934579
3yU-7AXnFCM.002,train,0.2056074766355139
fsaslN7xV-w.004,train,0.4672897196261681
RbX4q4KceVk.000,train,0.3831775700934579
3S8QUGYVf_w.003,train,0.7663551401869158
W4tz3plvvKI.003,train,0.514018691588785
merppcmY6y0.000,train,0.3457943925233644
1UaqZEUUk9I.002,train,0.7102803738317757
BZ3FEf_KKso.000,train,0.3925233644859813
fGAcEyZXFTo.000,train,0.5887850467289719
r2BoxB3kgYk.003,train,0.4485981308411215
r1YAW67aevY.000,train,0.2056074766355139
O3_j0d7mq7k.004,train,0.4299065420560747
Lz3hYPF6aIM.003,train,0.2897196261682243
zxuPCshTSOs.005,train,0.5607476635514018
4JYmE9a21aI.002,train,0.3551401869158878
c7tczvW3_dQ.005,train,0.5046728971962616
8KyS0FKbKfI.002,train,0.7757009345794392
Dhbva5oGE7g.003,train,0.4299065420560747
bYXRyimxh7A.000,train,0.4112149532710279
Zvdh8ym1Yrg.004,train,0.4299065420560747
lGIHEaCvWEA.000,train,0.719626168224299
Cdh_OCMZ4U8.000,train,0.7102803738317757
A1lbD_OCuj4.000,train,0.4485981308411215
uifW-cV-iQo.002,train,0.3551401869158878
NF8nb3SQPNg.002,train,0.5046728971962616
6-_1-vBNl_0.003,train,0.616822429906542
oCb9DK3M1DU.004,train,0.4859813084112149
oCN_9daCssU.002,train,0.6542056074766355
EwMMNKLjO9w.001,train,0.4299065420560747
Q_YyIgxj6HE.001,train,0.2242990654205607
xyOq5SL0Evc.003,train,0.4859813084112149
K63T9l1xY7U.001,train,0.4112149532710279
U_QQ8EuuWPg.003,train,0.6822429906542056
ej0RpdM9kJA.003,train,0.5700934579439252
b8GPFr11adA.004,train,0.5607476635514018
-zNyDPzId4E.003,train,0.4205607476635514
DegRGUG4Wi0.002,train,0.4672897196261681
aKLadP_Wev8.001,train,0.1682242990654205
fwYZP8qOtC0.005,train,0.616822429906542
8hfhLOXpCNM.002,train,0.4485981308411215
N0UweTwwQqQ.000,train,0.6635514018691588
xzRYaxrhne8.005,train,0.6542056074766355
QDd2AfQEAqs.001,train,0.2616822429906542
J8YpOUmN_aI.001,train,0.5514018691588785
RQeoo3idUJc.004,train,0.3644859813084112
lAy2z5PN80E.001,train,0.616822429906542
M0O87_LiyMw.005,train,0.4112149532710279
u50B6bIkN9g.002,train,0.4485981308411215
JxxF9y61ujA.004,train,0.5327102803738317
4sCa35TOxgs.001,train,0.4766355140186915
7UQt8QB3cQY.004,train,0.1962616822429906
i1cAYtXA2Xs.002,train,0.5981308411214953
uwUkp63db18.005,train,0.514018691588785
oJPdfhG4hT0.002,train,0.4579439252336448
1YsZ4GPpyBA.004,train,0.5046728971962616
ZO5JoyVTat8.000,train,0.2803738317757009
8xHdW7Zx_OY.000,train,0.5607476635514018
jOTlJwOBSd4.004,train,0.4672897196261681
78zauTEQ-k8.004,train,0.4859813084112149
cnsvc0alWOA.004,train,0.5794392523364486
dRP8ZaAryro.001,train,0.5794392523364486
kDP6_hiBR0o.002,train,0.5981308411214953
ask-ZFRztf8.002,train,0.3831775700934579
3Q3SB1dVAng.001,train,0.4672897196261681
ixPqs7L8oAE.003,train,0.616822429906542
V2nvyZB-JNM.001,train,0.3271028037383177
PxpbeM9VavA.003,train,0.4859813084112149
mq9NNKmKYdk.003,train,0.6635514018691588
MRquWhqw4Jw.004,train,0.4672897196261681
IlbODduDCb4.004,train,0.3831775700934579
kcHvO5ins50.003,train,0.3925233644859813
_7hGh6VU4IU.000,train,0.5887850467289719
184MlJCcboQ.000,train,0.5981308411214953
3OoQBXWTGfE.001,train,0.1588785046728971
4fN-DKUzgWQ.005,train,0.4766355140186915
2-LDYe7OXZU.005,train,0.6728971962616823
vo-Y5kgSBa8.000,train,0.644859813084112
VRjJxTqOJyo.002,train,0.4672897196261681
8yFYvQ_kxW8.001,train,0.5327102803738317
bJktioZ5Yxk.003,train,0.8037383177570093
Z5S5uGXkNuc.002,train,0.719626168224299
IQdz0Pd-L2Y.003,train,0.5794392523364486
V2nvyZB-JNM.003,train,0.4672897196261681
VUgKH9DIs-8.002,train,0.0934579439252336
DefePa0_6Sg.005,train,0.2242990654205607
yFZ3eUD6Pqs.000,train,0.6261682242990654
fTpemcfElxI.003,train,0.5420560747663551
kDJigDGDJTo.001,train,0.4299065420560747
V7_h3URfSFY.003,train,0.3271028037383177
IBqmyEhgnHM.005,train,0.3925233644859813
p7-JUvStF4w.003,train,0.5700934579439252
Fi1ILrwQpSY.005,train,0.5233644859813084
5KHOpRCxnwQ.005,train,0.6542056074766355
dVwDf5N2NRA.005,train,0.5887850467289719
Zi7QHI_5ipU.000,train,0.7102803738317757
xDjhf8wrNWQ.004,train,0.4112149532710279
hQImLccateA.002,train,0.6728971962616823
f9GeYKAXgAQ.003,train,0.4766355140186915
kmV6Qtv0amA.003,train,0.6355140186915886
iFSF6v3xw_k.005,train,0.6728971962616823
wNH5FmWVr-M.001,train,0.7757009345794392
tGHOYmQHZUc.001,train,0.336448598130841
M56UFrEgXnI.004,train,0.4205607476635514
rtEASqA8_WE.000,train,0.3271028037383177
SoHlnvNirJg.001,train,0.6261682242990654
Sb1b8JMVhLs.005,train,0.6355140186915886
Sa7iqqSbaTU.000,train,0.644859813084112
XQ3do4LDFv8.003,train,0.336448598130841
NI-tZF3gfes.003,train,0.6542056074766355
QXFRE_pjrAE.001,train,0.6074766355140186
muLgzV1gGao.004,train,0.5700934579439252
_g3M_MoFIvA.001,train,0.5420560747663551
UrOamWOcOwQ.000,train,0.5700934579439252
Rw_ZLT9vZTI.005,train,0.7850467289719626
XRoSKIIFp9c.004,train,0.5607476635514018
uATtAHyVSMM.003,train,0.5327102803738317
5xA8-Y5qgT0.003,train,0.5046728971962616
IL5VgGakSNw.000,train,0.4485981308411215
khCsAN1Bk_I.002,train,0.2616822429906542
Gdrgw7Z6tLg.002,train,0.5327102803738317
D0dE-lErszk.002,train,0.4579439252336448
44rxmXiga90.002,train,0.5607476635514018
osqQpQsJNPQ.000,train,0.5794392523364486
jTkEWnuDnbA.002,train,0.6355140186915886
jZDlFzVUZwY.005,train,0.6355140186915886
rGTn2uaCAT0.003,train,0.6728971962616823
XhgDsQlEnuU.001,train,0.5327102803738317
YryBLVZgJj0.001,train,0.439252336448598
41NNb7cucVo.000,train,0.644859813084112
2AV8m02PjdU.002,train,0.3738317757009345
0gv5Z0qt2jc.003,train,0.233644859813084
86HyqfDcAJM.001,train,0.4579439252336448
J9WyswA0vow.003,train,0.6074766355140186
ksCoS_ghDfM.002,train,0.5420560747663551
A4zSLp-1gps.000,train,0.5700934579439252
YPnuq0tDDqk.000,train,0.2242990654205607
NDBCrVvp0Vg.000,train,0.5233644859813084
fhUGU2uiS1U.004,train,0.7943925233644858
1Gn4GX8miWQ.004,train,0.6635514018691588
oe1PZxExhzc.001,train,0.5327102803738317
1mODTfLRGdI.000,train,0.3738317757009345
WwGca41TJVU.002,train,0.439252336448598
X4NG3EGtUvo.005,train,0.6635514018691588
k2buv6xZ4_o.000,train,0.4859813084112149
7BgScfRre5M.003,train,0.4672897196261681
Sa7iqqSbaTU.002,train,0.4485981308411215
bYXRyimxh7A.003,train,0.4859813084112149
SBEad3L1Hdc.000,train,0.3457943925233644
3Vr5-zedeWk.000,train,0.2897196261682243
3lV-sr3NOUo.003,train,0.4766355140186915
V1TjmLtgNm0.002,train,0.5887850467289719
lyZZSU1ziCQ.002,train,0.4766355140186915
m0iznoJi8hw.002,train,0.7663551401869158
nGe8dIc-ecc.003,train,0.5514018691588785
-DOqN0d8KHw.003,train,0.3831775700934579
HJkoeB_F4c4.001,train,0.6261682242990654
jgyDXrhO3n4.003,train,0.2523364485981308
l8weBJSCHbA.003,train,0.4299065420560747
UtVo107m5lg.001,train,0.5327102803738317
k2buv6xZ4_o.004,train,0.6355140186915886
Lz3hYPF6aIM.000,train,0.3457943925233644
KDwpjQiIfjY.005,train,0.6822429906542056
UWVOT3YPQH4.002,train,0.5887850467289719
-OXMbG7ZwRk.003,train,0.5514018691588785
6SiutTvCDUw.001,train,0.5046728971962616
shtirfEzWFA.001,train,0.4859813084112149
W7BbL3NZvrU.001,train,0.5233644859813084
rxYWgXYTATs.000,train,0.4859813084112149
Psahy1Vju4A.005,train,0.6728971962616823
R42dmIPCXwo.003,train,0.3551401869158878
ZCLfVue6xAg.005,train,0.5700934579439252
4ZlcaXadwlo.003,train,0.3177570093457943
O3_j0d7mq7k.001,train,0.3177570093457943
kwcpINU9LLk.001,train,0.4953271028037382
htH89DBizno.001,train,0.308411214953271
udn-L92wdn8.000,train,0.7383177570093457
kDP6_hiBR0o.003,train,0.5514018691588785
UGsr6Vnqf7I.004,train,0.5327102803738317
FkzVX7SQ9wE.004,train,0.6542056074766355
W2asVll3OSU.001,train,0.5700934579439252
oCb9DK3M1DU.001,train,0.4299065420560747
V8w2Lo5wxl8.004,train,0.644859813084112
8OGiv7FetSQ.000,train,0.6261682242990654
3gmc2kLV4Bo.002,train,0.6915887850467289
VhHnmeRABJw.005,train,0.7663551401869158
HoJXPFp9hYo.004,train,0.7570093457943924
51z2rCqPqPE.005,train,0.7289719626168224
IlbODduDCb4.000,train,0.439252336448598
OwI3Q-qUqDw.005,train,0.3925233644859813
AS8snUf9eX0.002,train,0.4766355140186915
Q2AI4XpApFs.000,train,0.5794392523364486
oGa05H9UXxU.004,train,0.3738317757009345
e2pnS_nT9rA.001,train,0.6728971962616823
8cIuBkFoh0s.000,train,0.6915887850467289
KIJ9IYETe38.003,train,0.5607476635514018
jub-AHFTH_g.000,train,0.5981308411214953
qCFFW1dM8V8.002,train,0.5420560747663551
2T3oK1Gse2g.002,train,0.616822429906542
-RhPxhfpg4U.005,train,0.7570093457943924
495hLlCEW64.001,train,0.5794392523364486
F0kidNe_RSo.001,train,0.2990654205607476
kL-CeaXG9jM.000,train,0.5514018691588785
5Ku4_r_Yxsk.001,train,0.5981308411214953
CQMH9Qguuao.005,train,0.4953271028037382
1q-N_zbsAg0.000,train,0.3925233644859813
oBE9f5xD9rk.002,train,0.7663551401869158
4nJLbAKgwfw.005,train,0.3551401869158878
1m67onLoRwY.003,train,0.3271028037383177
vJnjjy5DZN4.003,train,0.3177570093457943
ZNRfeL8nPfw.001,train,0.5327102803738317
yj2Y1Y26rd4.002,train,0.439252336448598
DXYRJ8PReoE.002,train,0.6074766355140186
P6g1mZ3f76U.003,train,0.4579439252336448
bkzgccBFztM.000,train,0.5981308411214953
VjYqagJ4xt8.004,train,0.7102803738317757
8GFElKeREfQ.005,train,0.5607476635514018
ySEeioc339E.003,train,0.3644859813084112
RrvG7JlKoXM.002,train,0.4859813084112149
bAxlTgobVHE.002,train,0.5794392523364486
dkhnv1EBvKI.003,train,0.6822429906542056
8py6SksNsZQ.001,train,0.644859813084112
ua5c716lu5s.002,train,0.4205607476635514
VAZLQqJa9rQ.004,train,0.3644859813084112
-aU2FN5pkWA.004,train,0.5794392523364486
si_gZCrLa4A.002,train,0.3457943925233644
JEhC58vobs4.001,train,0.4672897196261681
qoZwA4ESb7g.001,train,0.4018691588785046
_LWrd9t4oZw.003,train,0.5981308411214953
xyOq5SL0Evc.000,train,0.6635514018691588
KGRUaRe3r7I.002,train,0.8130841121495327
AWe6ZZUmlZw.000,train,0.4018691588785046
U-PRay-woXU.005,train,0.5700934579439252
9cHxDnk6SUs.000,train,0.6728971962616823
n8IiQJyqjiE.000,train,0.616822429906542
_mtiuHyOFXg.005,train,0.5794392523364486
8z-WF2UNRb8.002,train,0.4205607476635514
lnawWqnGpMc.002,train,0.308411214953271
_G3kw9HwCqY.004,train,0.5981308411214953
7rZF73nDGEY.003,train,0.3644859813084112
GS7cBLgZKgk.000,train,0.233644859813084
MT3tOBpG5II.000,train,0.2803738317757009
nUbhRInpVbA.001,train,0.3271028037383177
NkFJuN8fBDU.004,train,0.4018691588785046
syAUKJMQWeo.001,train,0.3457943925233644
32XmVytuwQc.001,train,0.2897196261682243
in-HuMgiDCE.001,train,0.4766355140186915
EYbPGTIcnjs.003,train,0.7102803738317757
y6LC5kAJmHw.004,train,0.5327102803738317
fkDqn2muw-A.003,train,0.7850467289719626
AJIphVRpYrg.003,train,0.5420560747663551
t0AupkXkkZw.003,train,0.5700934579439252
Oe7ItP7gS4w.002,train,0.6261682242990654
XJj34u5IzU0.004,train,0.616822429906542
tEQEKN07KgQ.005,train,0.308411214953271
a5tVPpLsaGc.003,train,0.6542056074766355
YP7N98ECZaI.004,train,0.439252336448598
V8JaJ2IVG9E.005,train,0.5327102803738317
okSmKH2k5lE.002,train,0.4299065420560747
HPEemWelY1E.002,train,0.7757009345794392
f8eU5Pc-y0g.004,train,0.8130841121495327
i4IVTm3uvoM.005,train,0.4205607476635514
XQ3do4LDFv8.000,train,0.2616822429906542
CdUYBux3Vn8.000,train,0.5887850467289719
2HE6cw3HFPk.003,train,0.5607476635514018
oxw3nT9LSsg.000,train,0.0
b8GPFr11adA.001,train,0.5514018691588785
GQczMGrVgbc.000,train,0.7383177570093457
nBjBfN9SbpM.002,train,0.3551401869158878
vAEqpUwBMJQ.004,train,0.5607476635514018
outvbZgNX58.004,train,0.5514018691588785
WATt9OOVZh8.002,train,0.6635514018691588
Vd9biSOZ5CI.003,train,0.616822429906542
VxtZDXM0cuQ.002,train,0.7570093457943924
LCafv-LfC3Y.001,train,0.4953271028037382
2WuhWF4fAOQ.004,train,0.4579439252336448
GwKmjEb3qN0.002,train,0.233644859813084
FM5UaJS-bhg.000,train,0.4299065420560747
3R2LrAKCWr8.002,train,0.5046728971962616
aJjAtOC8AQU.005,train,0.6261682242990654
0kg6pmbSN6A.002,train,0.4299065420560747
JVzG-zy9CO0.004,train,0.1682242990654205
yBlPsPBRv5E.001,train,0.4205607476635514
8XBprf4NyOg.001,train,0.2056074766355139
aptKaxP81xA.000,train,0.5420560747663551
0G9vplL8ae8.003,train,0.4112149532710279
shAhNNV-zHA.000,train,0.6261682242990654
nQtiqrceBhg.003,train,0.3177570093457943
Z3FdUfZLHyw.002,train,0.4766355140186915
LeQKH1vAVpg.005,train,0.6728971962616823
vqF65-bFHKM.004,train,0.4859813084112149
5IqtX-uq28E.001,train,0.5794392523364486
-OXMbG7ZwRk.000,train,0.5233644859813084
bzaOB8BoWPU.002,train,0.5046728971962616
Pc-oQQwkIv8.001,train,0.1495327102803738
c5ZnKbaNCE8.003,train,0.4859813084112149
q5eIfoGdPWw.004,train,0.6261682242990654
mhF4kYTlVUE.003,train,0.1962616822429906
Q5h34e5xM0Q.000,train,0.4485981308411215
w7wPDiQkiA4.001,train,0.6355140186915886
EX3i4IMY1Pw.002,train,0.439252336448598
VtYPH6UsVnU.001,train,0.4672897196261681
9Lbj3wpwk-c.004,train,0.4018691588785046
FaBTYkzhuK4.001,train,0.6355140186915886
S0QIXcQGG-g.002,train,0.7943925233644858
SfldZBPyPFo.001,train,0.2149532710280373
zFVjcb45pjI.003,train,0.1962616822429906
4QUgf0dHnKk.004,train,0.5327102803738317
6wHQsN5g2RM.003,train,0.4485981308411215
ROTx-0q1F9M.005,train,0.6355140186915886
PReOtefm17s.005,train,0.5607476635514018
93XyRBd_HqU.002,train,0.5700934579439252
zRiS2gIUc9s.000,train,0.5700934579439252
wVpjBxCirAQ.001,train,0.439252336448598
b2Y41GrCrPs.001,train,0.5233644859813084
2-LDYe7OXZU.000,train,0.4672897196261681
4ZlcaXadwlo.001,train,0.3925233644859813
Rp_gyvKE4hI.005,train,0.3457943925233644
xmaC2XOhPaE.001,train,0.3271028037383177
onbyz01BC_Y.003,train,0.5327102803738317
2P1FbMJLUAs.005,train,0.4766355140186915
2q7ZwMoPvok.000,train,0.2149532710280373
vCY4uvfrWXA.005,train,0.6542056074766355
EqTB9rAC-tA.000,train,0.3738317757009345
XB4JOAiEanw.000,train,0.5981308411214953
8eeZjC_bmtc.005,train,0.3177570093457943
US4PxgfKDeA.003,train,0.2242990654205607
k4eeYoHtnnI.000,train,0.5887850467289719
jxt1W2WRNHQ.004,train,0.5327102803738317
cLaZxEf1nE4.003,train,0.5887850467289719
myhEW1aZRg4.000,train,0.7850467289719626
Ft0ahViXZPc.001,train,0.7570093457943924
SyaRn3MHEIE.004,train,0.5327102803738317
VNK6LQHh25w.004,train,0.2523364485981308
yuE25dFTn2o.001,train,0.3177570093457943
wdeOWVDSeLE.002,train,0.4859813084112149
f0LnGz5Z6kA.000,train,0.644859813084112
iL6lNdRS0ZU.000,train,0.514018691588785
ncmnmmmWEpU.004,train,0.6542056074766355
h-jMFLm6U_Y.004,train,0.4953271028037382
sntohi33U5s.001,train,0.6822429906542056
DzqJmiQjsZ4.002,train,0.5420560747663551
FlAGm93fJa0.000,train,0.7102803738317757
4RoZPrjRQZE.000,train,0.2056074766355139
nkmYbzMmrYw.004,train,0.644859813084112
VmXZ2jMWuvk.001,train,0.3457943925233644
3gKpBq-1yG4.005,train,0.4485981308411215
F0_EI_X5JVk.001,train,0.6728971962616823
x57nEfACdXA.005,train,0.6635514018691588
TUaOp5eIU2c.002,train,0.5420560747663551
3JAFkk42zPs.004,train,0.1588785046728971
gAWA-fcIa_M.005,train,0.5420560747663551
kKRc2aXzQyM.004,train,0.336448598130841
IPjl2LdPMn0.000,train,0.4953271028037382
NDC375coN1o.002,train,0.0747663551401869
oq_v2yocx34.004,train,0.616822429906542
s1DOqsQoN5s.001,train,0.2710280373831775
8qG1sMihtPA.003,train,0.5233644859813084
6oL9yyc9iJc.001,train,0.6355140186915886
xun35caJTQI.005,train,0.5233644859813084
4yogPbHFQ9o.004,train,0.2897196261682243
DyZlhseSuec.003,train,0.5046728971962616
bcx6xr9Ja-8.005,train,0.5046728971962616
Gomd4Y8-D2Q.005,train,0.4859813084112149
dLaqub4BEsA.002,train,0.5233644859813084
YygvfVxOWP8.000,train,0.4953271028037382
8Bt-vEroq6M.003,train,0.5981308411214953
outvbZgNX58.002,train,0.5327102803738317
GaUs3UUUtmw.001,train,0.5233644859813084
RuRn2t7iPSc.004,train,0.5514018691588785
V9aMA9YLa2k.005,train,0.4859813084112149
Pb9GhzCRnqs.001,train,0.3457943925233644
9cHxDnk6SUs.002,train,0.719626168224299
u2XbiBuuxyI.001,train,0.233644859813084
siEnTktB4lQ.002,train,0.3738317757009345
oVSMxtPpQ0M.005,train,0.6355140186915886
kQ8HhrysfaA.005,train,0.4485981308411215
X5aKCrWf6a4.005,train,0.4953271028037382
Y1LrgyCJtpU.002,train,0.2242990654205607
VZ6jhnbk-5g.003,train,0.7850467289719626
ff-3k-nzoXA.004,train,0.4766355140186915
8ZHpqRJ39HA.004,train,0.3738317757009345
U2lT_RogJMM.001,train,0.5046728971962616
ipP--IqIuWU.001,train,0.439252336448598
x0CZuHnJ0Hs.004,train,0.5700934579439252
IQNNEfYYYiw.005,train,0.5887850467289719
p7_MVQ3uGJc.003,train,0.5233644859813084
4XdZDodpzac.003,train,0.3831775700934579
yIM5bal1VVs.005,train,0.5327102803738317
3P_D_bd-_NM.001,train,0.4485981308411215
5U0xeSXEZOU.004,train,0.5607476635514018
SCnQFpdklMg.001,train,0.5233644859813084
OuE91U_n04E.000,train,0.6728971962616823
MOXPVzRBDPo.002,train,0.6822429906542056
l-WgXcGLdZk.004,train,0.5420560747663551
dVwDf5N2NRA.003,train,0.4672897196261681
1AMp8Y_0UGc.000,train,0.5514018691588785
8BE-2l-RBjA.000,train,0.2710280373831775
bGLwxQ1lonQ.005,train,0.5233644859813084
cP_dSXql7z8.002,train,0.644859813084112
_0bg1TLPP-I.005,train,0.5700934579439252
3ccY8jYkI5o.005,train,0.7757009345794392
BpcQ9THDtp4.000,train,0.5700934579439252
I01_ubtktEQ.004,train,0.4672897196261681
mfGhtr0zy3k.001,train,0.644859813084112
8bn3HZY76xU.004,train,0.5887850467289719
vOEQlAMABWM.001,train,0.4112149532710279
eFzN_frNW8g.005,train,0.6261682242990654
zvX4fNj0uxk.004,train,0.4672897196261681
mQTBqDY71dU.002,train,0.6074766355140186
ODDGS0hTcUc.000,train,0.5046728971962616
CdY1ZLrWTtg.002,train,0.4953271028037382
NDC375coN1o.001,train,0.2897196261682243
HoJXPFp9hYo.000,train,0.5887850467289719
QKcx5msA7iA.003,train,0.7009345794392522
aFVFvJNnFt0.004,train,0.3271028037383177
oLO05QNhhGg.002,train,0.4205607476635514
t3A2UMN3JeE.000,train,0.5981308411214953
OhHg1lyxe4I.000,train,0.233644859813084
H8h4fAGgV18.001,train,0.4112149532710279
kyq-X4IFMtw.001,train,0.3925233644859813
Qqc1539E6rs.003,train,0.7102803738317757
bnM9Ow52x3o.001,train,0.5327102803738317
wxpXOLNwW1E.000,train,0.2803738317757009
DVh_7dO2cWY.000,train,0.6822429906542056
JTmq4k4uQCY.003,train,0.6261682242990654
nClvfVFYzbM.005,train,0.3925233644859813
51z2rCqPqPE.003,train,0.5233644859813084
5Wfa94_5Psg.003,train,0.4672897196261681
e2EmGXRJ1K0.000,train,0.3925233644859813
IXVf5VWxOAg.004,train,0.2803738317757009
l3RE0rN7oEg.001,train,0.8411214953271028
YPMffqhP0C8.001,train,0.3271028037383177
isqmQc9AfBc.005,train,0.4485981308411215
WUNXs4r_xCU.002,train,0.4672897196261681
5IqtX-uq28E.002,train,0.514018691588785
QlBgvZjbX30.002,train,0.719626168224299
SM0i7RkOjPk.000,train,0.4112149532710279
Pn_LNsSsm58.004,train,0.3177570093457943
cFGjJg-2zOk.003,train,0.4205607476635514
9KAqOrdiZ4I.001,train,0.2149532710280373
5z4G0biL9B4.000,train,0.5607476635514018
Zwu5Y5r3Lrs.003,train,0.6542056074766355
J30sMEMrKjA.002,train,0.616822429906542
do8FmnQbI5I.000,train,0.5794392523364486
om-9kFEKJIs.000,train,0.5514018691588785
siEnTktB4lQ.001,train,0.336448598130841
BBSB9OJdb0Q.001,train,0.5514018691588785
ivecmGb711M.001,train,0.4672897196261681
rvB9DYAKHpk.000,train,0.5420560747663551
M0O87_LiyMw.002,train,0.2897196261682243
k3iu-fhIkeI.002,train,0.3738317757009345
RdHnu7ZxjzI.000,train,0.5046728971962616
WT1YjeADatU.003,train,0.6074766355140186
eRRCer7epnA.002,train,0.7289719626168224
xqGyF2T3pso.002,train,0.3551401869158878
OckL7z_nBGg.005,train,0.5420560747663551
8yFYvQ_kxW8.000,train,0.4953271028037382
0_xOGmydDN0.002,train,0.3831775700934579
Fe9_SVPd_5I.004,train,0.6355140186915886
c-c6xhtIq84.004,train,0.4579439252336448
MK7KveAeb6Y.000,train,0.308411214953271
--Ymqszjv54.004,train,0.4018691588785046
IFXaH_E54iA.002,train,0.4205607476635514
gSCurvS_vWU.004,train,0.4766355140186915
P0a209IS614.002,train,0.6822429906542056
zDSpbDg6WB8.002,train,0.2803738317757009
KtY6C83o2rs.004,train,0.5981308411214953
F9mZ6De_6Ko.005,train,0.616822429906542
wYixHjntI-4.005,train,0.6822429906542056
xqGyF2T3pso.001,train,0.2523364485981308
NBacfF-K2eQ.000,train,0.2710280373831775
alucqviYJFE.002,train,0.5607476635514018
lErjGxBb1Bk.004,train,0.4859813084112149
fiVORaERbP0.004,train,0.5700934579439252
Y8gv_ZK3w4A.002,train,0.5327102803738317
g00oS-Kt248.001,train,0.6915887850467289
WuIKjBb7s4Q.003,train,0.308411214953271
NkFJuN8fBDU.001,train,0.4859813084112149
VOhsEbDjZ9E.001,train,0.5046728971962616
iAgu-wDe2MQ.002,train,0.4299065420560747
sqnW6xXYTKg.001,train,0.439252336448598
KmHe8urs3LI.003,train,0.4672897196261681
pQy4omHIf7o.003,train,0.2803738317757009
lvae9lRUugE.004,train,0.3831775700934579
KRo-x2uoHUg.003,train,0.5233644859813084
oYiWW-Qc0rs.001,train,0.5794392523364486
AFvUxDwJB84.003,train,0.4205607476635514
9DF_-PXbpkg.001,train,0.7289719626168224
AS8snUf9eX0.001,train,0.514018691588785
p-OcwNFQB0U.001,train,0.3177570093457943
C8xZ0vhrrFE.005,train,0.2897196261682243
ROTx-0q1F9M.004,train,0.439252336448598
Jhz5ssCKaug.002,train,0.5233644859813084
uMCRfie1lkc.003,train,0.5046728971962616
Jog1-pYOSD0.005,train,0.3551401869158878
nUazOUcW_AM.004,train,0.439252336448598
TD3H2DOSi1Y.001,train,0.6355140186915886
HCkDd0UnUgo.003,train,0.4018691588785046
HL-K_PZXFR4.005,train,0.6542056074766355
Yj36y7ELRZE.000,train,0.2710280373831775
_2DSmy36OEM.001,train,0.4766355140186915
yIe7Rp54-bU.004,train,0.616822429906542
X1EjfXX3NTk.004,train,0.4112149532710279
nIwFocnmRFY.003,train,0.4299065420560747
3wRj39GKLJ0.001,train,0.4672897196261681
uRY3aJAaogw.003,train,0.514018691588785
tvKUJujTUEo.005,train,0.7383177570093457
ZIk7N-xHvF4.004,train,0.2897196261682243
mpXOSY5dW7c.002,train,0.6074766355140186
geXpIfaFzF4.002,train,0.5981308411214953
Jog1-pYOSD0.001,train,0.4299065420560747
slE2PWIwzus.002,train,0.7289719626168224
Qqc1539E6rs.005,train,0.7009345794392522
B8kzwm6ZaUo.002,train,0.7009345794392522
RZOimXPTG0s.003,train,0.6915887850467289
n5Jeeqfj2_U.005,train,0.8411214953271028
Ff0WqsFl-1s.005,train,0.4859813084112149
hPguTv1Zvg8.001,train,0.5981308411214953
59Smv7wl--w.003,train,0.5327102803738317
SgWtBK48AjE.001,train,0.5046728971962616
s0MKUEnyHSE.003,train,0.616822429906542
_plk5k7PBEg.001,train,0.8317757009345793
K9U_Z8GdGRo.001,train,0.5420560747663551
GRXPm8mmidw.000,train,0.4112149532710279
fLRRMLTFGMQ.005,train,0.6261682242990654
jdli4DDP7XM.004,train,0.6261682242990654
j3jdT1V-DeI.002,train,0.2897196261682243
n0acEDmc0mA.000,train,0.6728971962616823
oLO05QNhhGg.003,train,0.4018691588785046
uf_sIIw4zxY.001,train,0.6355140186915886
9ydyJKZBWiA.003,train,0.5327102803738317
Qe7q8SFJ71E.004,train,0.2429906542056074
UrOamWOcOwQ.005,train,0.3925233644859813
aLvpOYqzErk.000,train,0.4112149532710279
bFwtVtZodIg.004,train,0.5420560747663551
0fMw9o1v2tY.001,train,0.4299065420560747
j5fXaXrNPoA.000,train,0.616822429906542
SOxdUtjGmAo.001,train,0.5981308411214953
ff-3k-nzoXA.000,train,0.6074766355140186
54K75EhiTEk.005,train,0.3177570093457943
OgPC4wnLJR0.004,train,0.2523364485981308
h9jIdLBaMEo.004,train,0.5794392523364486
VmV8NIvVVkw.000,train,0.7009345794392522
SR1Q5M2urxY.004,train,0.5327102803738317
1mReUxIEuw0.000,train,0.4953271028037382
WkbvQZU475o.003,train,0.4205607476635514
mpk5Ubw2fj8.004,train,0.4766355140186915
bTLTLzXehPE.003,train,0.6542056074766355
oU7zAWm_01o.004,train,0.7850467289719626
CPtaCNonKlE.003,train,0.4579439252336448
twO6ceVTuII.001,train,0.3738317757009345
RGuHfwIRKpA.001,train,0.5794392523364486
BlvmREgt2C0.005,train,0.5981308411214953
xpSCu7PgJts.004,train,0.3644859813084112
KppCIwj0hC4.000,train,0.4579439252336448
NpiglwrZzsA.004,train,0.2897196261682243
L-C1blPD_ec.004,train,0.5327102803738317
f7togdqxEoo.003,train,0.233644859813084
QfU5JsVMjfI.001,train,0.5046728971962616
YXz6s1XNOLs.004,train,0.4018691588785046
ay4cdKr1I0o.000,train,0.7570093457943924
N_PICgkFxAM.002,train,0.5233644859813084
Jr6GmDtvTK0.000,train,0.2710280373831775
HX-3jJdK7HM.004,train,0.4766355140186915
1XqMZQu_pP4.002,train,0.4299065420560747
86upzmhvpXw.002,train,0.4485981308411215
Z3E1jkaNRKs.001,train,0.5700934579439252
Cl5jhuLQ9Dg.004,train,0.4859813084112149
XmWA7zTJj-c.003,train,0.616822429906542
69BopbFc34U.004,train,0.2056074766355139
sf29orxf4X0.003,train,0.4299065420560747
F0_EI_X5JVk.004,train,0.850467289719626
do8FmnQbI5I.003,train,0.7570093457943924
jnEHHvlBgxE.002,train,0.4953271028037382
69EsTnCVCp0.003,train,0.6635514018691588
cvg03XGFjCk.002,train,0.6915887850467289
jTkEWnuDnbA.004,train,0.616822429906542
XN5vpJU3ifw.003,train,0.4018691588785046
mcxi2vtevb4.000,train,0.5046728971962616
-2qsCrkXdWs.001,train,0.5607476635514018
vxuBHsokOX4.005,train,0.2616822429906542
A7exx3pEPkE.005,train,0.2149532710280373
GS7cBLgZKgk.001,train,0.1869158878504672
O8L2pHEIcuo.004,train,0.7289719626168224
maDObxiOQRo.000,train,0.4579439252336448
-C5M9g4Quzc.002,train,0.5046728971962616
2AYq7CdNXNo.004,train,0.7383177570093457
nkmYbzMmrYw.001,train,0.6915887850467289
cNXnowQb7rs.002,train,0.3831775700934579
Kpto8K_B-5A.004,train,0.6542056074766355
nKLhatlbqEw.001,train,0.4859813084112149
A0braVJH3Pw.001,train,0.2990654205607476
nKx64KH7Xks.005,train,0.5700934579439252
U-PRay-woXU.000,train,0.6728971962616823
jDdRrqRcSzM.000,train,0.6728971962616823
8lg8A_zFOmg.000,train,0.3271028037383177
CV930dFsubs.002,train,0.3457943925233644
nZz1hK90gwA.004,train,0.2149532710280373
SCZLT4fH5B8.001,train,0.4018691588785046
tS6bRcIIjDc.005,train,0.5233644859813084
dLltwqkvsNg.005,train,0.5327102803738317
BLwgxAWf7cg.004,train,0.2523364485981308
CuGuiOZ48Ig.004,train,0.336448598130841
l3IoZ_QmOQo.001,train,0.6542056074766355
yzgA9oAEgI4.003,train,0.7476635514018691
YygvfVxOWP8.005,train,0.4112149532710279
d_POf1pikX0.000,train,0.5327102803738317
M0O87_LiyMw.001,train,0.4579439252336448
dRYEzqUa_Rc.000,train,0.2523364485981308
xcMwMi4fdis.002,train,0.4018691588785046
4bDOetaLvZs.004,train,0.1775700934579439
f8f00b0IgvA.004,train,0.5981308411214953
w0CQ55sKmck.002,train,0.4579439252336448
QsUj_OlGQ-0.002,train,0.5514018691588785
NG8qWulkRM4.005,train,0.2803738317757009
sPMNhG1Sehc.005,train,0.3925233644859813
rGNeR3p1jKU.000,train,0.4018691588785046
noepjVnUVFY.000,train,0.2429906542056074
y7MEVu2nyes.001,train,0.6074766355140186
vYkHHVeNK_M.003,train,0.1121495327102803
b39BQbVhOAg.001,train,0.3551401869158878
45SH4ohAH3M.001,train,0.308411214953271
4lj66h4CXI8.003,train,0.7757009345794392
UGn9Q8Fe9jw.001,train,0.5420560747663551
WD1WsbooU2w.002,train,0.3738317757009345
cyma9Q6QF6M.001,train,0.3271028037383177
1ZqHFoxLz54.000,train,0.7757009345794392
3AyjQQYmqU4.003,train,0.5887850467289719
r9TaaVTo8Y8.000,train,0.5514018691588785
dy9EqbKLDP0.001,train,0.7102803738317757
OovRk5U9_GY.000,train,0.5233644859813084
2RQGNwx_nlI.000,train,0.6261682242990654
gFEntQ_UKvk.002,train,0.644859813084112
ivpw58MIRtQ.003,train,0.7009345794392522
Q6We7dJplls.002,train,0.7570093457943924
VhHnmeRABJw.003,train,0.7009345794392522
6ePyEPQp77Q.005,train,0.4859813084112149
GxMxrhiyjO8.005,train,0.6261682242990654
YyHOKFYDZ5Y.004,train,0.233644859813084
qrjx2kxg6M4.002,train,0.6355140186915886
pT8nyxks1Q4.005,train,0.3738317757009345
ixPqs7L8oAE.004,train,0.5887850467289719
gggp205gPMI.001,train,0.4485981308411215
LGgx7RVdL2Y.005,train,0.2710280373831775
hX2TVefa5bQ.005,train,0.616822429906542
ej0RpdM9kJA.000,train,0.514018691588785
jZDlFzVUZwY.002,train,0.5327102803738317
1Gn4GX8miWQ.001,train,0.5887850467289719
S1AEj1kO5dc.005,train,0.2990654205607476
-N6QKrbnaDs.005,train,0.4205607476635514
EwMMNKLjO9w.000,train,0.5514018691588785
K-iwJMxjyx4.001,train,0.5607476635514018
48S9_KZvzVw.005,train,0.7383177570093457
yFZ3eUD6Pqs.002,train,0.4953271028037382
DCROfrHI1MU.000,train,0.4579439252336448
SPpox8EGQqU.001,train,0.5420560747663551
43tayteIFRk.005,train,0.6355140186915886
DXw4lVoiiWY.005,train,0.4953271028037382
Qu81v9Aybv4.000,train,0.6635514018691588
xrxAyO8pKUo.002,train,0.6355140186915886
SbtIS7XwkLU.001,train,0.5607476635514018
39o1zJFeM7E.001,train,0.4672897196261681
dB65He57Ki8.002,train,0.7102803738317757
SOxdUtjGmAo.002,train,0.5046728971962616
encC96iqr9Y.003,train,0.4859813084112149
521sm7CTyfg.000,train,0.2429906542056074
jFx6AEw6viQ.004,train,0.2990654205607476
ssxo35zmKWQ.002,train,0.644859813084112
Vyktsh14Kww.005,train,0.644859813084112
OtGJDbI9qkM.002,train,0.616822429906542
Z_STuUHKQTg.003,train,0.4299065420560747
IwfA-squ7Oo.005,train,0.4953271028037382
V9OuGDPnqHI.004,train,0.7663551401869158
Lz3hYPF6aIM.005,train,0.308411214953271
1CYzbX8AaP8.001,train,0.4112149532710279
TD2jIXMD-SM.005,train,0.439252336448598
QpA0gj1y6KE.000,train,0.6728971962616823
Pn_LNsSsm58.000,train,0.3177570093457943
o2lu6rkd5-Y.004,train,0.4112149532710279
aLAqJkRWKuk.000,train,0.616822429906542
Q2AI4XpApFs.002,train,0.719626168224299
0VnZngec8sc.004,train,0.5607476635514018
ej0RpdM9kJA.002,train,0.4672897196261681
z_W8_j7CB2A.000,train,0.1682242990654205
It0-yCwOc5k.003,train,0.3925233644859813
gAWA-fcIa_M.002,train,0.5607476635514018
CTWMisL_HlI.005,train,0.308411214953271
krTAAqQ8_A8.005,train,0.6822429906542056
KO7ZGXwPu-Y.002,train,0.4672897196261681
Bz3Jx4QL_6Q.004,train,0.5700934579439252
YzcZY1mUZfc.004,train,0.7943925233644858
L4Jlm0vGsvc.002,train,0.6635514018691588
7Y3S4nfQHeo.005,train,0.4579439252336448
3df_Uk9EmwU.004,train,0.514018691588785
atdhaGEh_0c.000,train,0.4766355140186915
D_FGBb-1B1o.003,train,0.6728971962616823
Se3Gts4u1vs.005,train,0.7102803738317757
UoC_4qi_m9c.003,train,0.1682242990654205
6zm71IHOCZA.002,train,0.514018691588785
Jv2lyDcOmEM.002,train,0.1495327102803738
ZCLfVue6xAg.002,train,0.5514018691588785
Xfmu-7JuDGg.001,train,0.3925233644859813
HP8f3oqJwz0.003,train,0.616822429906542
X4NG3EGtUvo.003,train,0.616822429906542
yBMuZWldxLk.001,train,0.439252336448598
a38rz5AIslE.001,train,0.3925233644859813
GwKmjEb3qN0.004,train,0.3831775700934579
hnWMsZEQWt4.001,train,0.7476635514018691
KpTHRBaYny8.005,train,0.5420560747663551
l1V-DuJ-WgU.000,train,0.5046728971962616
knK0zyX8bS4.004,train,0.5046728971962616
Sdqg-jn_tBk.001,train,0.5607476635514018
E_xAcdGpPCI.004,train,0.4205607476635514
eFb7nVIBGEo.003,train,0.644859813084112
nGe8dIc-ecc.005,train,0.7383177570093457
j5fXaXrNPoA.004,train,0.616822429906542
uwUkp63db18.001,train,0.5514018691588785
g0Zlp-F6Z6E.001,train,0.6728971962616823
WuHLxhCSnGs.001,train,0.3738317757009345
l8weBJSCHbA.002,train,0.3551401869158878
YJ5CINQ8v_E.005,train,0.6822429906542056
hmy9XEvT2v4.004,train,0.3925233644859813
vE9XgQL7DGE.004,train,0.5046728971962616
HhC2cGFFZeY.000,train,0.3831775700934579
blAjqQ0ja8Q.003,train,0.5327102803738317
UtVo107m5lg.003,train,0.4672897196261681
C0UMWrEJ2x0.004,train,0.5981308411214953
fsCK8Xuzl1Y.004,train,0.5233644859813084
9QGTbcqb2tM.003,train,0.2710280373831775
3Q3SB1dVAng.005,train,0.4859813084112149
FvjIziLzffo.002,train,0.6261682242990654
cBR5cDwwdno.001,train,0.5887850467289719
rIRBEkDhn6Q.002,train,0.6261682242990654
8-OKP1nf19E.001,train,0.7102803738317757
IL5VgGakSNw.005,train,0.5700934579439252
8Z6PrQdqffA.002,train,0.5700934579439252
Vy-Lr_iM5qo.001,train,0.439252336448598
1mdMhaq5p4w.004,train,0.4766355140186915
iaCYb7um0Lw.000,train,0.2429906542056074
xDjhf8wrNWQ.005,train,0.5514018691588785
taSAaWKcmTw.000,train,0.5607476635514018
LXmwDq89LdA.005,train,0.5607476635514018
twO6ceVTuII.002,train,0.4672897196261681
S-jhg6Y5OrE.001,train,0.5794392523364486
Z_STuUHKQTg.002,train,0.5046728971962616
HUHFlCs3YJ8.003,train,0.6728971962616823
-Osv5l1vrNU.004,train,0.6915887850467289
e2EmGXRJ1K0.001,train,0.4859813084112149
-55DRRMTppE.005,train,0.7570093457943924
merppcmY6y0.003,train,0.336448598130841
NTSMogqhvBg.002,train,0.4205607476635514
Cl7vQ9QR0es.001,train,0.4953271028037382
S0QIXcQGG-g.004,train,0.5514018691588785
Fi1ILrwQpSY.001,train,0.5700934579439252
nfN9qJSVank.005,train,0.3738317757009345
emHDoDcht44.001,train,0.644859813084112
lNY0BdE4NqY.000,train,0.4018691588785046
xX5Imr7UmaA.002,train,0.6074766355140186
nKx64KH7Xks.001,train,0.5420560747663551
lx6A8s_Ega8.000,train,0.8037383177570093
PHv6CzBIC5E.005,train,0.2149532710280373
NdAJGXf8aos.002,train,0.5981308411214953
GWOtluILlk4.005,train,0.5046728971962616
XN5vpJU3ifw.000,train,0.3271028037383177
-agCXYgb7pI.004,train,0.514018691588785
eI_7SimPnnQ.003,train,0.616822429906542
MI_GQLbnoew.001,train,0.6728971962616823
be0DQawtVkE.004,train,0.6822429906542056
vtOEl_Mg0Io.004,train,0.4112149532710279
9eNHxfOV2Kg.002,train,0.5327102803738317
6uqXoPJSoPg.003,train,0.6728971962616823
lErjGxBb1Bk.002,train,0.8411214953271028
d4cPiUXpGbc.005,train,0.4018691588785046
ZoHY-rWJsyw.004,train,0.3644859813084112
mXaI17Dx7u0.001,train,0.2990654205607476
ndLtwmvPpr8.003,train,0.7102803738317757
iOB65zCiOFM.001,train,0.4859813084112149
AWe6ZZUmlZw.004,train,0.5327102803738317
PooFvZH6fK0.001,train,0.5887850467289719
Fco1CMgOadI.002,train,0.5887850467289719
hOXvRgxjfik.003,train,0.3551401869158878
DiaibIBisuM.003,train,0.6355140186915886
9yZEb6bdxNY.004,train,0.8878504672897195
kPXVZD3ac8s.005,train,0.7289719626168224
WuoQDp7pU24.003,train,0.5420560747663551
vJDx6TCX32M.000,train,0.5233644859813084
RuRn2t7iPSc.002,train,0.6728971962616823
V9OuGDPnqHI.001,train,0.5887850467289719
LeQKH1vAVpg.003,train,0.5981308411214953
cA43Gfcg0QA.004,train,0.308411214953271
7MwZm3mhSA8.004,train,0.3738317757009345
yIM5bal1VVs.000,train,0.4205607476635514
dT5R3T-Q1kg.002,train,0.4112149532710279
aqd4_4ga1fQ.003,train,0.2056074766355139
D4TU65xbF4g.000,train,0.5327102803738317
6V92xyqy0q4.000,train,0.5233644859813084
RthpiC1KtSg.003,train,0.5420560747663551
U22Jy0m5xSQ.001,train,0.6074766355140186
hsXn0N8bAYs.005,train,0.4018691588785046
h2-_bQdTZYY.004,train,0.439252336448598
uNJpPYo5Qp4.002,train,0.7663551401869158
lkeXyB-3Gs0.001,train,0.3177570093457943
OLFhKCgexRU.002,train,0.7476635514018691
hF3yR5rmga8.003,train,0.3551401869158878
Z3FdUfZLHyw.005,train,0.4205607476635514
5Wmlo8Z5yVA.003,train,0.5046728971962616
CHkKv9TXm0g.000,train,0.3271028037383177
6wIEiqmuHOM.000,train,0.5794392523364486
3S8QUGYVf_w.001,train,0.6542056074766355
As93GgkTdt4.004,train,0.9065420560747662
4VwcU0ROy5k.001,train,0.5981308411214953
DefePa0_6Sg.001,train,0.233644859813084
1UaqZEUUk9I.000,train,0.6261682242990654
176vWywoq9E.001,train,0.6074766355140186
jpRnHWTLDUs.005,train,0.6074766355140186
obr7ktzX8w8.004,train,0.4579439252336448
fEZrAGQoh_g.000,train,0.4112149532710279
Tg8a_iNEamM.005,train,0.2897196261682243
bRoIrXBO9DU.000,train,0.3644859813084112
MD9yyz-OSRs.004,train,0.4018691588785046
vHIBCKwJLEY.004,train,0.4672897196261681
om-9kFEKJIs.004,train,0.5420560747663551
rD6NViDdyOU.005,train,0.4672897196261681
G-25EWOIGNs.002,train,0.6074766355140186
Nv0-x4K9YFI.004,train,0.308411214953271
GMwEmLo-gfc.003,train,0.6261682242990654
XfUqFt2amrM.000,train,0.233644859813084
dkhnv1EBvKI.000,train,0.616822429906542
V8PSAROGbZM.004,train,0.7383177570093457
y0UCXXk9tlM.002,train,0.5794392523364486
KGRUaRe3r7I.001,train,0.8317757009345793
8mZZlnbmOYE.000,train,0.5233644859813084
CQMH9Qguuao.004,train,0.4205607476635514
qCFFW1dM8V8.003,train,0.5233644859813084
CGfr9jl8w4Y.005,train,0.4579439252336448
KIJ9IYETe38.002,train,0.4299065420560747
hd2-msVu9-g.000,train,0.3831775700934579
fmue_KpW9Ro.000,train,0.5420560747663551
5Ku4_r_Yxsk.000,train,0.6261682242990654
xQHmbJ_lPjY.001,train,0.5981308411214953
U3UaF1aFek4.002,train,0.4859813084112149
7IegDaeNlik.005,train,0.1682242990654205
uHrP02iwW1o.000,train,0.644859813084112
MOXPVzRBDPo.004,train,0.6915887850467289
FGkS4vJYOpM.004,train,0.3271028037383177
39BJkEXJpgc.005,train,0.6074766355140186
MrYEK0nvnAo.002,train,0.6355140186915886
B1efbNxLPe8.005,train,0.336448598130841
RhFPotjd0hM.003,train,0.5046728971962616
Rwsss8y1bf0.000,train,0.4018691588785046
ezMO8EHKAVw.000,train,0.6542056074766355
ua5c716lu5s.003,train,0.3925233644859813
nZC82V87Pm0.004,train,0.5794392523364486
oBE9f5xD9rk.004,train,0.7383177570093457
zJEnT19uoPY.005,train,0.6261682242990654
LuLUAwn0aWU.003,train,0.5700934579439252
-c_tyGzShwk.004,train,0.6915887850467289
6wHQsN5g2RM.004,train,0.4859813084112149
fY4tctYZTz8.003,train,0.3831775700934579
DTZeyoKUPx4.000,train,0.2149532710280373
HT_8WpgGqjk.001,train,0.514018691588785
DbNFwVi_61Q.000,train,0.2056074766355139
XFqLaKqrUHM.004,train,0.5514018691588785
UQeuBvZNusI.000,train,0.308411214953271
2WuhWF4fAOQ.001,train,0.2616822429906542
WfCSCxADlrg.004,train,0.308411214953271
G7hYffrZ1Hc.004,train,0.7102803738317757
gngqDNTAXnI.004,train,0.6915887850467289
F0VbEO_0Ybc.003,train,0.616822429906542
Y1LrgyCJtpU.005,train,0.2897196261682243
hG0I7DLSSYg.001,train,0.6261682242990654
8py6SksNsZQ.005,train,0.6355140186915886
-VTqcHNgH7M.003,train,0.5327102803738317
HONL8ha-1BE.002,train,0.7476635514018691
6TkMavTyimI.002,train,0.5607476635514018
qW0TYVtzq5A.003,train,0.7476635514018691
Jv2lyDcOmEM.001,train,0.1401869158878504
QiR6yJbFCfM.005,train,0.5046728971962616
TTx4lC7LLcI.000,train,0.4766355140186915
CfNbSToI21k.004,train,0.6635514018691588
6nv6D2moFQw.005,train,0.6635514018691588
m3z_a0l0FRk.000,train,0.2803738317757009
81f9t2HMNas.005,train,0.4112149532710279
xsLvl2qGrxU.002,train,0.6822429906542056
DXw4lVoiiWY.001,train,0.233644859813084
fLRRMLTFGMQ.002,train,0.4112149532710279
NTSMogqhvBg.001,train,0.5420560747663551
cRDYrvxRJ6U.001,train,0.7850467289719626
EeI8iXLDfc0.002,train,0.4672897196261681
jVGTEDAYWZ8.001,train,0.7663551401869158
c3esnCQDoKc.003,train,0.7102803738317757
MvWDky9ZaWU.000,train,0.8878504672897195
lx6A8s_Ega8.003,train,0.6728971962616823
vMtF0akNUK4.004,train,0.6635514018691588
KLY518hfGhU.005,train,0.5887850467289719
5T2PhH-OMds.001,train,0.4579439252336448
SEELGB_-uWU.001,train,0.4766355140186915
dB-kMg4t-V8.001,train,0.4953271028037382
ZHya-p83XPQ.002,train,0.4953271028037382
S-e9-bW4seo.001,train,0.4672897196261681
lNY0BdE4NqY.004,train,0.4205607476635514
Kv0kZgqZEM0.004,train,0.5887850467289719
84Lz5a9yRZg.001,train,0.7289719626168224
V9roK_mLM-w.002,train,0.6355140186915886
nOFHZ_s7Et4.005,train,0.6542056074766355
n8IiQJyqjiE.004,train,0.5514018691588785
MZkDsB04kt8.000,train,0.644859813084112
C8xZ0vhrrFE.003,train,0.3738317757009345
KIhpjwf5uAA.000,train,0.7663551401869158
Sb1b8JMVhLs.002,train,0.8130841121495327
osqQpQsJNPQ.004,train,0.6542056074766355
EA8BEYAZqAA.000,train,0.7476635514018691
aqd4_4ga1fQ.000,train,0.4018691588785046
LmA23EIaXqg.001,train,0.1401869158878504
wTo1uZns2X8.000,train,0.5794392523364486
aFVFvJNnFt0.003,train,0.2523364485981308
87r3cLkrw4A.002,train,0.514018691588785
86upzmhvpXw.005,train,0.5607476635514018
SI93csgHMTk.004,train,0.3551401869158878
RWhyKkFI3zw.005,train,0.3551401869158878
6wHQsN5g2RM.002,train,0.4859813084112149
UKHSKkb0V1o.004,train,0.6728971962616823
BLKXsX7-WIg.000,train,0.3551401869158878
EaBCJB8LXdI.005,train,0.6261682242990654
GYku69XEoxc.002,train,0.4112149532710279
LP5N5uPfTdA.005,train,0.4953271028037382
dmycfNpiWCE.004,train,0.6261682242990654
ivpw58MIRtQ.005,train,0.7102803738317757
dmycfNpiWCE.001,train,0.644859813084112
qtB-CogljAo.003,train,0.514018691588785
NWlCdMyKlE0.002,train,0.6915887850467289
KIJ9IYETe38.001,train,0.822429906542056
M-SuraqmC9s.000,train,0.2523364485981308
8g5jPiQ6XdA.004,train,0.5046728971962616
e07IozLUeKc.002,train,0.5700934579439252
ZeGT9pSG734.003,train,0.5607476635514018
p6UMx8dwHZQ.001,train,0.3925233644859813
h-jMFLm6U_Y.000,train,0.7102803738317757
joOfhNyKRjE.004,train,0.616822429906542
LeuT6NgJ6N8.004,train,0.514018691588785
-Wqk9eex6bQ.003,train,0.4299065420560747
gkKHdsF6du4.004,train,0.7289719626168224
_ztmNiy8D3c.001,train,0.3738317757009345
OZlpENU9h28.005,train,0.336448598130841
mIQnQ8Nmj-c.005,train,0.233644859813084
8PXQ_5tUv74.000,train,0.6542056074766355
RHEkTC8UfME.000,train,0.4766355140186915
3gKpBq-1yG4.004,train,0.5607476635514018
nfEhF5GBQpo.000,train,0.6074766355140186
2f7rLXwzP3s.002,train,0.6728971962616823
PVm7Om88BSw.003,train,0.5233644859813084
OSDlyk5ZgAk.004,train,0.439252336448598
kHK5PkwJS7Y.003,train,0.308411214953271
GS7cBLgZKgk.004,train,0.2710280373831775
gLtvOEy7m8Q.005,train,0.5981308411214953
be0DQawtVkE.000,train,0.5794392523364486
QJcc95Y0XPw.002,train,0.4018691588785046
c7tczvW3_dQ.002,train,0.5607476635514018
M_OpMKBEOyU.004,train,0.1214953271028037
rUGAiuYHNgE.002,train,0.4672897196261681
M_OpMKBEOyU.001,train,0.3738317757009345
sDNzrM6N7wA.000,train,0.719626168224299
1Lv72Si4GnY.001,train,0.2803738317757009
3pJZOCtAzYE.001,train,0.5981308411214953
bcx6xr9Ja-8.004,train,0.439252336448598
IMCEXoAkZv4.005,train,0.8130841121495327
kAjvzIWWrWA.005,train,0.6728971962616823
KNOHhnRMpSw.005,train,0.2616822429906542
jz9kgvYbBYA.003,train,0.6074766355140186
UD-8YYU7GZs.004,train,0.2990654205607476
b69IYs1G1zc.003,train,0.5514018691588785
YzcZY1mUZfc.000,train,0.6355140186915886
wK_ExIjn5Q8.004,train,0.233644859813084
bEXDNfLBy1I.003,train,0.3831775700934579
U2RemWUyjts.003,train,0.439252336448598
EiXQ9RErt6c.005,train,0.308411214953271
XhgDsQlEnuU.002,train,0.7009345794392522
3ySH8eJQRCI.002,train,0.4672897196261681
NG8qWulkRM4.001,train,0.2523364485981308
N0s2M3bJkUk.002,train,0.644859813084112
VNK6LQHh25w.000,train,0.5981308411214953
XQZ5M9oLkXw.003,train,0.644859813084112
l2YS_qsF7SQ.004,train,0.5046728971962616
xyWpSrfFlQw.004,train,0.336448598130841
s-jZlMKQGwc.003,train,0.5233644859813084
UcyjGGEBn30.005,train,0.7383177570093457
VZ6jhnbk-5g.002,train,0.7757009345794392
3hKgh9AB3tk.005,train,0.3738317757009345
kPife9TY9Pw.000,train,0.7383177570093457
IXVf5VWxOAg.003,train,0.1775700934579439
nghDz0el8iI.000,train,0.644859813084112
RWfY3Xk0XPQ.002,train,0.5046728971962616
0axZSeaUbfs.004,train,0.439252336448598
_UnoRkHkYB8.003,train,0.4485981308411215
Ya9Szm73LfE.002,train,0.4672897196261681
8hGOOynn3ZU.003,train,0.439252336448598
LSqijVxP0EM.000,train,0.2803738317757009
m04e9ylCoK0.000,train,0.2803738317757009
yp-tfq1NxBk.003,train,0.3644859813084112
1fsFL_qNYlQ.001,train,0.4953271028037382
ZoHY-rWJsyw.000,train,0.439252336448598
12Ezy1y1cWY.005,train,0.4205607476635514
BjQ95T-Dw1U.005,train,0.3177570093457943
7Y4cUPFEt-4.000,train,0.5700934579439252
jZl3Rq1MRQg.003,train,0.4672897196261681
2bAsXLQjlt8.002,train,0.5327102803738317
OMHlfDF99Mw.000,train,0.514018691588785
iGBVrJMr62U.002,train,0.3271028037383177
simc6hmrUOE.005,train,0.3738317757009345
_7hGh6VU4IU.003,train,0.644859813084112
_hR9AD-eIy8.005,train,0.6728971962616823
8n6G3V3-Tk8.002,train,0.5887850467289719
1jC4vsQsjwM.005,train,0.5607476635514018
x0CZuHnJ0Hs.005,train,0.5233644859813084
isqmQc9AfBc.001,train,0.4018691588785046
O3_j0d7mq7k.002,train,0.4205607476635514
USO-o9dHJ3U.000,train,0.3457943925233644
h_kjgcJ_bqU.002,train,0.4579439252336448
2hhqEWiv4eI.000,train,0.4018691588785046
CpmR-91GxmY.002,train,0.8037383177570093
ZkypeQdzgvQ.002,train,0.2897196261682243
Lz3suTodXQM.005,train,0.4859813084112149
D4TU65xbF4g.005,train,0.2897196261682243
pEYFpmjwKC0.002,train,0.5046728971962616
P0a209IS614.004,train,0.4859813084112149
1yIGI42lzak.003,train,0.4672897196261681
vOEQlAMABWM.000,train,0.6261682242990654
JFKZEGDhcRs.000,train,0.514018691588785
xA3GCTL5o-k.000,train,0.2523364485981308
OxaBanUE6KE.001,train,0.5420560747663551
m_2k0dL8CRM.001,train,0.8411214953271028
9ZMIYSBYIh8.000,train,0.4579439252336448
fL8VYpOTLSM.004,train,0.308411214953271
N4tuu9aCXkw.003,train,0.2523364485981308
a97PXgrKSxo.003,train,0.6915887850467289
oJPdfhG4hT0.001,train,0.5233644859813084
_RAGzfJnpUE.001,train,0.1962616822429906
ItkIHtgVhIk.000,train,0.4299065420560747
EL1Q7x_1a74.005,train,0.3551401869158878
YP7N98ECZaI.003,train,0.3551401869158878
CqQavmWSLrI.002,train,0.0747663551401869
YC3X1DcnUrk.001,train,0.3925233644859813
9SGTRbePKLI.004,train,0.5327102803738317
JBiq9X_-r84.004,train,0.4018691588785046
U_QQ8EuuWPg.002,train,0.6074766355140186
j3jdT1V-DeI.005,train,0.1869158878504672
om-9kFEKJIs.001,train,0.4859813084112149
wm94g-5Cg5s.000,train,0.5327102803738317
IHJn3UHXCMs.001,train,0.4579439252336448
M0U48Lm33A8.001,train,0.5700934579439252
EAnvsNi8O-M.001,train,0.6822429906542056
si_gZCrLa4A.001,train,0.3831775700934579
JIYZTruMpiI.000,train,0.6542056074766355
MOobNUpfWiY.005,train,0.3925233644859813
iW1t-ZiG2rc.000,train,0.644859813084112
RB9vu-0Y_Fk.001,train,0.5794392523364486
5U0xeSXEZOU.000,train,0.5046728971962616
wm94g-5Cg5s.003,train,0.5887850467289719
KYvbRwTCtaU.005,train,0.5420560747663551
54JawR1x0II.001,train,0.5327102803738317
cOo5N1qblyw.003,train,0.2990654205607476
r93dLeVRk3U.002,train,0.4485981308411215
t9wFHk9TM-U.003,train,0.3457943925233644
uE2U_Y7QrIw.002,train,0.1962616822429906
XcEFSi3uaJM.002,train,0.5233644859813084
MrfJ1qDJAwo.004,train,0.6074766355140186
hIxLNK_x_QA.005,train,0.4485981308411215
f3ZbA4UqGKE.005,train,0.4112149532710279
LSqijVxP0EM.001,train,0.3925233644859813
fTpemcfElxI.000,train,0.2710280373831775
LLP-oZfo8oE.004,train,0.5794392523364486
X1EjfXX3NTk.000,train,0.4953271028037382
Y2An1KkoHzY.002,train,0.4112149532710279
vIW7gDmhYMk.005,train,0.4018691588785046
VRjJxTqOJyo.004,train,0.6261682242990654
7FXs86Z98E0.002,train,0.5981308411214953
0tse0Fsy_rg.002,train,0.2523364485981308
fipvPdFbKN4.000,train,0.336448598130841
zMXIf66PPhU.002,train,0.3457943925233644
kN9cs2nFhM4.003,train,0.4299065420560747
maDObxiOQRo.003,train,0.4112149532710279
O14mSiNfYDo.005,train,0.5514018691588785
OoxYhDbzWwg.005,train,0.2149532710280373
II2KVV-uLNI.002,train,0.4766355140186915
8toLcoDcGOY.003,train,0.4672897196261681
muLgzV1gGao.001,train,0.5233644859813084
J30sMEMrKjA.000,train,0.5607476635514018
Agg7z10B_iY.000,train,0.6728971962616823
Jn76eAPxjNA.005,train,0.5233644859813084
8hfhLOXpCNM.005,train,0.4953271028037382
io8dFIfl9Go.000,train,0.616822429906542
LWO2ZhalAEY.004,train,0.6822429906542056
ana5C73n9bY.002,train,0.5607476635514018
tCnfvBwWVKw.000,train,0.616822429906542
htH89DBizno.002,train,0.7570093457943924
Y8gv_ZK3w4A.003,train,0.3644859813084112
8YQKwMdiaAE.001,train,0.2803738317757009
UrOamWOcOwQ.003,train,0.439252336448598
8aLr0vNobr4.004,train,0.4672897196261681
l7U3YDIOE_s.003,train,0.2710280373831775
gngqDNTAXnI.002,train,0.5046728971962616
T6CMGXdPUTA.000,train,0.5887850467289719
nBjBfN9SbpM.001,train,0.4766355140186915
WZnLayQeIZ0.000,train,0.5233644859813084
qPzzmcuf-VI.005,train,0.7570093457943924
VTv4BAYgJpk.001,train,0.5887850467289719
VtYPH6UsVnU.003,train,0.4579439252336448
L5kpy0SA7os.000,train,0.3551401869158878
3Sj-GZ3YXWs.001,train,0.4766355140186915
wuhoIm_jPc0.005,train,0.5514018691588785
Kq-c6lqGNlo.004,train,0.7383177570093457
JFKZEGDhcRs.003,train,0.5514018691588785
YryBLVZgJj0.003,train,0.6074766355140186
qjU3GX3jgSY.002,train,0.5514018691588785
8Z6PrQdqffA.004,train,0.6074766355140186
PHmkN1cPl10.003,train,0.2710280373831775
mZ3vypXAfHg.003,train,0.4859813084112149
cvg03XGFjCk.005,train,0.5514018691588785
Cl5jhuLQ9Dg.002,train,0.4672897196261681
uMCRfie1lkc.002,train,0.3551401869158878
t9wFHk9TM-U.002,train,0.439252336448598
2TbU3Eg2i4A.005,train,0.2710280373831775
NDBCrVvp0Vg.003,train,0.514018691588785
lAy2z5PN80E.000,train,0.4859813084112149
knpgk7LAMb0.005,train,0.1962616822429906
4zkY1SG-7xc.003,train,0.3271028037383177
wDvZdcb00Bg.004,train,0.3644859813084112
FQMmM3TL5rE.001,train,0.5981308411214953
rxYWgXYTATs.003,train,0.7289719626168224
I5x9T9ftW18.000,train,0.7943925233644858
QNVsr2mGwGs.001,train,0.4018691588785046
shtirfEzWFA.002,train,0.2803738317757009
muKwyr-hrkc.001,train,0.439252336448598
_X6_C_Oy9VA.005,train,0.5514018691588785
kK4QL7pOrhs.003,train,0.6822429906542056
D4hPHPp1W-Q.005,train,0.514018691588785
SBEad3L1Hdc.003,train,0.2803738317757009
dDi6vy-OZRg.005,train,0.514018691588785
-fXqnCljdm0.003,train,0.0654205607476635
GS7cBLgZKgk.003,train,0.2056074766355139
PkEzIErhYZ8.002,train,0.514018691588785
p8ce3grr9XE.001,train,0.4672897196261681
VUgKH9DIs-8.005,train,0.1308411214953271
PKyqjYem0dY.004,train,0.514018691588785
DegRGUG4Wi0.003,train,0.5981308411214953
1yjRBwUiYxs.005,train,0.6822429906542056
j3jdT1V-DeI.003,train,0.3271028037383177
kX-o1qmgWvc.002,train,0.5794392523364486
izqyworQEEM.000,train,0.4205607476635514
pEYFpmjwKC0.001,train,0.4672897196261681
CPtaCNonKlE.002,train,0.4672897196261681
nCWEEoJfjgE.002,train,0.5794392523364486
voSLxKtKr0Q.004,train,0.5981308411214953
39o1zJFeM7E.004,train,0.3551401869158878
e2pnS_nT9rA.002,train,0.7850467289719626
i1cAYtXA2Xs.003,train,0.5607476635514018
2oiXF5_gTyk.002,train,0.5420560747663551
84emxO86qa8.002,train,0.8598130841121494
AWe6ZZUmlZw.005,train,0.4672897196261681
OEKg-Tvwcbk.000,train,0.616822429906542
odHogR_36Dc.003,train,0.6261682242990654
wBCSJVBr4ZE.005,train,0.6915887850467289
6TkMavTyimI.001,train,0.5327102803738317
ng42eoHytOA.005,train,0.3551401869158878
9mAw0B-mEPQ.005,train,0.6355140186915886
8xHdW7Zx_OY.001,train,0.439252336448598
USicjVA1trA.005,train,0.6074766355140186
DChmTb-c9uM.004,train,0.5233644859813084
DLuwObrDhtc.002,train,0.2149532710280373
ZhPQrqxo2mw.000,train,0.4953271028037382
yAVnxsaTyuE.001,train,0.4579439252336448
8gvBbE6iZNo.003,train,0.6915887850467289
bEXDNfLBy1I.002,train,0.5046728971962616
WT1YjeADatU.000,train,0.3551401869158878
JoQRNgGQCgY.002,train,0.6074766355140186
g1TMjzZH8bw.000,train,0.2803738317757009
6-O-HJf6OZI.001,train,0.4112149532710279
ch2BcBv4SdQ.002,train,0.6542056074766355
LzT4m85N17o.002,train,0.3551401869158878
LCafv-LfC3Y.004,train,0.6635514018691588
Gl93Hw1A2kY.003,train,0.3925233644859813
bZoN9xp9vgs.001,train,0.5233644859813084
xfLVThCzEEk.000,train,0.3551401869158878
495hLlCEW64.002,train,0.5514018691588785
cP_dSXql7z8.000,train,0.616822429906542
UVvBaGOxwRI.000,train,0.5233644859813084
2KSBoJZMcMU.005,train,0.4579439252336448
3taD1fEPfC8.002,train,0.4205607476635514
bJktioZ5Yxk.002,train,0.616822429906542
BkDdtxDPjJA.001,train,0.5327102803738317
GkA0RCMSWF4.000,train,0.4672897196261681
8mZZlnbmOYE.004,train,0.6074766355140186
OwlFAiE0Qrg.000,train,0.5981308411214953
Kpto8K_B-5A.002,train,0.5794392523364486
p-OcwNFQB0U.005,train,0.2897196261682243
rIHcq2E67Nc.003,train,0.4299065420560747
zRevZ94Rxjc.004,train,0.5420560747663551
uwUkp63db18.004,train,0.4579439252336448
SFRis1tTZWk.003,train,0.7102803738317757
ZaihsIQZCx8.003,train,0.5607476635514018
6LKbPUX03sY.005,train,0.439252336448598
SCZLT4fH5B8.000,train,0.7009345794392522
idsEawKW4X8.000,train,0.7570093457943924
idsEawKW4X8.005,train,0.4859813084112149
vYkHHVeNK_M.004,train,0.1869158878504672
LGdzP-r_G3U.001,train,0.7102803738317757
GyLjVOVPGKQ.001,train,0.439252336448598
cTbfp7nkX8c.005,train,0.3271028037383177
69BopbFc34U.000,train,0.1308411214953271
Bije9nsMl7M.000,train,0.6355140186915886
NI-tZF3gfes.002,train,0.6074766355140186
6IOtQTOyQRU.000,train,0.4299065420560747
2yUnXroXyeI.003,train,0.4579439252336448
ezMO8EHKAVw.004,train,0.5233644859813084
yUESJPS0wS8.000,train,0.7009345794392522
bLrrDM1Opu0.001,train,0.5046728971962616
xfMOELCuN94.004,train,0.616822429906542
1Gn4GX8miWQ.005,train,0.514018691588785
-AmMDnVl4s8.003,train,0.7383177570093457
obr7ktzX8w8.001,train,0.5233644859813084
eq1_h17oue4.000,train,0.6074766355140186
UMgeWS5r3IE.005,train,0.3271028037383177
WTzDOt2GO1M.005,train,0.4672897196261681
Wx_oe0SxD9w.000,train,0.6355140186915886
izq1ogkfedI.002,train,0.616822429906542
9DF_-PXbpkg.002,train,0.7009345794392522
HP8f3oqJwz0.005,train,0.5046728971962616
oYiWW-Qc0rs.005,train,0.8037383177570093
XoyQKsK7OtA.000,train,0.5607476635514018
LSqijVxP0EM.004,train,0.4299065420560747
lxnV9X8T2Zc.004,train,0.7289719626168224
A0braVJH3Pw.003,train,0.2616822429906542
erJNMcO69Eo.000,train,0.4672897196261681
RQdZHLGGR_E.001,train,0.6542056074766355
7b9DirXrkHo.002,train,0.514018691588785
J28DwJsK8Do.000,train,0.6915887850467289
r9TaaVTo8Y8.001,train,0.5420560747663551
C3knX70mzxQ.004,train,0.4766355140186915
WosLI6krxUg.002,train,0.3551401869158878
Z6vQQvro86Y.004,train,0.5046728971962616
OWZ-qVZG14A.003,train,0.5700934579439252
HTF8k56_Oxo.001,train,0.4205607476635514
I_ncZcYgFjw.002,train,0.5607476635514018
OCMseWyLuBQ.001,train,0.6261682242990654
ilOi-sQo9HI.005,train,0.3831775700934579
SRjhmQTPOmA.004,train,0.4859813084112149
TmyDT-HC3qI.001,train,0.1495327102803738
BPUFqFLZgZU.005,train,0.7570093457943924
rFs0AC2qV6o.000,train,0.1869158878504672
SG2QAh_50ek.001,train,0.6728971962616823
7LHmNEH65Pk.005,train,0.4766355140186915
ua5c716lu5s.004,train,0.7663551401869158
PtA7yAu9-VE.004,train,0.5794392523364486
bnoPmV0_aIc.000,train,0.5981308411214953
d9_YDJdF-7I.003,train,0.6355140186915886
SbtIS7XwkLU.005,train,0.4299065420560747
_hR9AD-eIy8.000,train,0.7289719626168224
LGgx7RVdL2Y.004,train,0.3644859813084112
LBKbubsgpE8.003,train,0.6355140186915886
ixPqs7L8oAE.005,train,0.644859813084112
38fE5B4ghw0.000,train,0.5046728971962616
struoSVUsUg.005,train,0.7009345794392522
RsYSOFRFszk.004,train,0.3925233644859813
PKYh4sungwI.003,train,0.5794392523364486
8XBprf4NyOg.002,train,0.2242990654205607
sRuO_Fz3eog.004,train,0.6261682242990654
lkdQjIunxSE.000,train,0.6822429906542056
bej-DbxTkWA.000,train,0.616822429906542
J8YpOUmN_aI.003,train,0.4859813084112149
1CYzbX8AaP8.003,train,0.4299065420560747
3tPq9fNOXZQ.003,train,0.4485981308411215
TwWDFpN3occ.003,train,0.5514018691588785
MK7KveAeb6Y.002,train,0.1869158878504672
dIa0U29hVvU.001,train,0.1495327102803738
-DOqN0d8KHw.002,train,0.4579439252336448
TaTMtWvSmu4.000,train,0.616822429906542
vZPLbzF0aSg.001,train,0.5420560747663551
YjXUMygVw7U.005,train,0.4018691588785046
jwbHWwySJW8.004,train,0.7289719626168224
W2AB3UUyvwI.002,train,0.4953271028037382
GquB5W7bzFo.003,train,0.5327102803738317
EffEoI1l1zE.000,train,0.3644859813084112
Tm44tg1zPwU.004,train,0.6074766355140186
6-_1-vBNl_0.004,train,0.6074766355140186
3df_Uk9EmwU.005,train,0.5327102803738317
9UEBU_yiTPs.002,train,0.5700934579439252
fiEEjrKhlNU.001,train,0.514018691588785
ssxo35zmKWQ.003,train,0.7383177570093457
si_gZCrLa4A.005,train,0.2710280373831775
26ZnknvfdNM.002,train,0.3271028037383177
7qGYGbIg45c.004,train,0.233644859813084
OgPC4wnLJR0.001,train,0.2056074766355139
lyZZSU1ziCQ.005,train,0.5233644859813084
DnTtbAR_Qyw.000,train,0.5794392523364486
UhNyHUwo1SY.001,train,0.6542056074766355
qoZwA4ESb7g.000,train,0.3271028037383177
mRKGI6hq4UU.003,train,0.5607476635514018
B8kzwm6ZaUo.000,train,0.6542056074766355
E_xAcdGpPCI.005,train,0.4112149532710279
9a-3LrB7cDI.004,train,0.6822429906542056
JoQRNgGQCgY.000,train,0.644859813084112
3VyriB3isO8.004,train,0.308411214953271
huIQlWsIEvY.005,train,0.4953271028037382
btcCanysQsw.003,train,0.4205607476635514
b26ZykbKSzY.005,train,0.7383177570093457
V1I40vVRk78.003,train,0.5607476635514018
mGWS0Akp08E.000,train,0.7009345794392522
UoC_4qi_m9c.002,train,0.2710280373831775
GTmHSF6vNWc.002,train,0.6822429906542056
edHTGYBFCWQ.004,train,0.5887850467289719
WCLkd1Fek0w.001,train,0.5607476635514018
CJhP12Gi8sg.002,train,0.5233644859813084
mxLRr3YqgMU.004,train,0.3738317757009345
OZaP2T74bLI.001,train,0.6635514018691588
2SzC9dm4Yy4.002,train,0.4112149532710279
cRg95950rAg.001,train,0.4205607476635514
13kjwEtSyXc.004,train,0.5233644859813084
uCJNAX_b9mc.000,train,0.6261682242990654
o5eCmKiomvo.002,train,0.2897196261682243
M5_x5J-H2I0.001,train,0.5233644859813084
6uqXoPJSoPg.005,train,0.7102803738317757
nBjBfN9SbpM.005,train,0.336448598130841
phjVMKGYBKs.005,train,0.4953271028037382
twO6ceVTuII.003,train,0.2616822429906542
ipP--IqIuWU.002,train,0.4579439252336448
sDWJMBZ1mVA.003,train,0.2897196261682243
CqQavmWSLrI.004,train,0.2803738317757009
RtNylXap2qk.001,train,0.5794392523364486
cgp1OzTOq1o.002,train,0.5420560747663551
iFSF6v3xw_k.002,train,0.439252336448598
9ydyJKZBWiA.001,train,0.4112149532710279
zJEnT19uoPY.000,train,0.5794392523364486
xZ9iwqHw7GY.003,train,0.4299065420560747
EMqrrHHbP3s.001,train,0.4953271028037382
LfvTKoMYLEE.004,train,0.514018691588785
LCafv-LfC3Y.000,train,0.4859813084112149
ZXeO5dRFrj0.001,train,0.4299065420560747
7Y3S4nfQHeo.001,train,0.3738317757009345
HT_8WpgGqjk.004,train,0.4485981308411215
ZNRfeL8nPfw.000,train,0.6915887850467289
3ZwXifihvtA.000,train,0.4205607476635514
57o4odfqTs8.001,train,0.5420560747663551
nlIrqbcvqLk.001,train,0.4579439252336448
vo-Y5kgSBa8.005,train,0.5420560747663551
bzaOB8BoWPU.005,train,0.4953271028037382
J9WyswA0vow.001,train,0.5233644859813084
ksCoS_ghDfM.000,train,0.7009345794392522
-Wqk9eex6bQ.005,train,0.4579439252336448
J28DwJsK8Do.003,train,0.6915887850467289
XN5vpJU3ifw.001,train,0.4018691588785046
h7qbP1GS50U.004,train,0.4579439252336448
IwfA-squ7Oo.002,train,0.3831775700934579
mfGhtr0zy3k.002,train,0.616822429906542
JIYZTruMpiI.003,train,0.6728971962616823
1fsFL_qNYlQ.005,train,0.6728971962616823
FogaU_yB9aY.001,train,0.719626168224299
xsDABUrvs6w.001,train,0.2149532710280373
nvlqJbHk_Lc.000,train,0.4485981308411215
4XdZDodpzac.000,train,0.4299065420560747
hspeWl-Bip0.003,train,0.6074766355140186
4a6-tNo-NDM.000,train,0.4299065420560747
d9_YDJdF-7I.002,train,0.4766355140186915
2q8orkMs2Jg.000,train,0.5887850467289719
9QGTbcqb2tM.001,train,0.4953271028037382
y2UF49ddapI.001,train,0.439252336448598
shV5Fbzn9pw.002,train,0.5607476635514018
9UUtf0_ZR14.001,train,0.616822429906542
HUJt0I1UKzo.003,train,0.6261682242990654
fBMKlYUjA9E.003,train,0.8598130841121494
oCb9DK3M1DU.000,train,0.6074766355140186
NZXtEENlWL4.003,train,0.439252336448598
zT_s9X21gAE.003,train,0.4299065420560747
Kmrd1MsZKmQ.001,train,0.4485981308411215
hmy9XEvT2v4.000,train,0.5046728971962616
JTmq4k4uQCY.001,train,0.644859813084112
cvHqtadNJDo.004,train,0.6074766355140186
oC-qxnrmJws.003,train,0.8598130841121494
oCb9DK3M1DU.003,train,0.3457943925233644
Yj36y7ELRZE.004,train,0.3738317757009345
48S9_KZvzVw.001,train,0.8037383177570093
ZGox7tevC6A.005,train,0.5514018691588785
9Lbj3wpwk-c.001,train,0.2803738317757009
Kv0kZgqZEM0.003,train,0.4299065420560747
WRz1F6DqmRQ.005,train,0.3271028037383177
ZhPQrqxo2mw.005,train,0.7009345794392522
zJR7w4DABGU.002,train,0.4485981308411215
MCr6FmFAhak.004,train,0.5327102803738317
PHUlL5ZzX5U.001,train,0.2803738317757009
bnoPmV0_aIc.002,train,0.5607476635514018
HTF8k56_Oxo.004,train,0.4018691588785046
VIhStXxpAr0.001,train,0.3644859813084112
tepWDnvIuRg.004,train,0.6822429906542056
DiaibIBisuM.002,train,0.514018691588785
98fnGDVky00.001,train,0.3644859813084112
CGfr9jl8w4Y.001,train,0.4672897196261681
pru5ut4lxkQ.000,train,0.5794392523364486
0mym1CooiTE.000,train,0.5794392523364486
YNlhBpVk1tw.001,train,0.4859813084112149
G-25EWOIGNs.004,train,0.5327102803738317
SkNO4x-LSgE.005,train,0.4018691588785046
mlXZQ8dO0nQ.005,train,0.4672897196261681
EiXQ9RErt6c.003,train,0.2803738317757009
pQy4omHIf7o.004,train,0.4859813084112149
_mtiuHyOFXg.003,train,0.6542056074766355
tS6bRcIIjDc.002,train,0.5794392523364486
puLXzqUvm_U.000,train,0.2523364485981308
PoVizBmIHy0.000,train,0.2523364485981308
RgZTZIf8K8g.000,train,0.6261682242990654
scifP1EXSdo.001,train,0.6728971962616823
cP_dSXql7z8.004,train,0.6074766355140186
2oEUp9sGRGk.000,train,0.8411214953271028
7gyJdWaLpmE.003,train,0.5700934579439252
zF46tAI2PQc.005,train,0.5981308411214953
bN2IM-rqZlc.002,train,0.2149532710280373
qVcw5-mm31s.005,train,0.4018691588785046
9a-3LrB7cDI.000,train,0.719626168224299
O7h-kf7hPIU.001,train,0.5794392523364486
PgpMUHH8lEI.000,train,0.5420560747663551
oBE9f5xD9rk.000,train,0.6635514018691588
_7hGh6VU4IU.005,train,0.5327102803738317
8hW6WfYBP18.005,train,0.3738317757009345
8mZZlnbmOYE.001,train,0.5327102803738317
USO-o9dHJ3U.005,train,0.6074766355140186
V2nvyZB-JNM.004,train,0.5794392523364486
8e4nnel_x-M.005,train,0.7289719626168224
R8Gpa-rRywc.001,train,0.4953271028037382
V4ibYU1O-YI.001,train,0.1775700934579439
nCWEEoJfjgE.005,train,0.6822429906542056
yHwuRYr5lxk.003,train,0.514018691588785
c3esnCQDoKc.004,train,0.6074766355140186
Tch2Bt9b8AY.001,train,0.616822429906542
dkhnv1EBvKI.001,train,0.6915887850467289
ArMkA9R1QxY.002,train,0.4205607476635514
Nv0-x4K9YFI.005,train,0.1588785046728971
4T9UUWWRE94.003,train,0.3551401869158878
vqF65-bFHKM.003,train,0.514018691588785
83cmR2fkyy8.002,train,0.4953271028037382
TJD__22fOr0.000,train,0.5420560747663551
Gg4OMtVe7lk.001,train,0.4953271028037382
GWOtluILlk4.002,train,0.5794392523364486
54K75EhiTEk.000,train,0.3457943925233644
SEELGB_-uWU.003,train,0.3551401869158878
HWuh0biZQ_c.001,train,0.1962616822429906
XAO4l8Ej-J8.005,train,0.6728971962616823
tPVSlH_VmZk.001,train,0.3925233644859813
UrOamWOcOwQ.004,train,0.5420560747663551
WuIKjBb7s4Q.000,train,0.2616822429906542
4T9UUWWRE94.000,train,0.7383177570093457
kzDQXSGGomg.004,train,0.644859813084112
vJDx6TCX32M.004,train,0.6635514018691588
N0s2M3bJkUk.005,train,0.5887850467289719
9hMSThogdKo.001,train,0.2523364485981308
z-CV743owek.005,train,0.4112149532710279
vOxgWKGNEYc.000,train,0.5327102803738317
MrfJ1qDJAwo.003,train,0.5794392523364486
AjCI_w9Szks.005,train,0.3738317757009345
hG0I7DLSSYg.005,train,0.6915887850467289
OACoHiwOdXQ.002,train,0.439252336448598
HekcZ0Em60E.000,train,0.5794392523364486
mBdVuEXRlfQ.001,train,0.5233644859813084
a84s1DYag-I.004,train,0.4766355140186915
AFvUxDwJB84.000,train,0.4485981308411215
1pm5uoU85FI.000,train,0.5420560747663551
HegkSmkiBos.005,train,0.5420560747663551
MOobNUpfWiY.000,train,0.0934579439252336
6-O-HJf6OZI.002,train,0.3644859813084112
3Sj-GZ3YXWs.005,train,0.4953271028037382
aLAqJkRWKuk.002,train,0.7009345794392522
2P1FbMJLUAs.000,train,0.4112149532710279
p-V78q8dtYo.001,train,0.3551401869158878
uKy7lHuMQ_o.000,train,0.3551401869158878
r2HcJYjGK5s.005,train,0.5607476635514018
300gK3CnzW0.002,train,0.4485981308411215
mKsGK9nCTxw.000,train,0.4672897196261681
SG2QAh_50ek.005,train,0.4859813084112149
s1DOqsQoN5s.002,train,0.1775700934579439
8qDKGnABATw.001,train,0.7383177570093457
U3UaF1aFek4.005,train,0.4766355140186915
HCkDd0UnUgo.002,train,0.4766355140186915
cvg03XGFjCk.001,train,0.7009345794392522
oe1PZxExhzc.003,train,0.4579439252336448
vNZJSHliTR4.001,train,0.5233644859813084
NXG4n1pr4Ok.004,train,0.514018691588785
r1v6EmZv7-o.005,train,0.4953271028037382
syTTeox8Yaw.002,train,0.4579439252336448
m4-vvEeWP8s.000,train,0.5887850467289719
Q0C0OU-j4DA.004,train,0.2523364485981308
LNM1i-a9q_A.004,train,0.6635514018691588
qMARpi60Hhs.000,train,0.3738317757009345
ZqbJIM7rmO8.005,train,0.7757009345794392
aptKaxP81xA.002,train,0.3925233644859813
izq1ogkfedI.004,train,0.7009345794392522
VmXZ2jMWuvk.004,train,0.233644859813084
ll_chn4R32Y.000,train,0.4579439252336448
Gs-AdRcYSPo.000,train,0.5700934579439252
_X6_C_Oy9VA.001,train,0.4672897196261681
shAhNNV-zHA.002,train,0.616822429906542
Cvuu76B-bxA.005,train,0.4859813084112149
TursJyaFzqY.002,train,0.2990654205607476
A7qb47cmxJo.000,train,0.5700934579439252
gsleSGEZHAs.000,train,0.5514018691588785
Y1LrgyCJtpU.001,train,0.2803738317757009
leslBYwG8kc.002,train,0.6635514018691588
PWAe9M2SxT8.003,train,0.3831775700934579
EA8BEYAZqAA.004,train,0.8130841121495327
mhF4kYTlVUE.001,train,0.4859813084112149
2q8orkMs2Jg.003,train,0.616822429906542
F1lAPYh4t3U.000,train,0.6915887850467289
cxJ0u6r0-pU.001,train,0.616822429906542
hfUH9Am-Izs.000,train,0.4299065420560747
LNM1i-a9q_A.005,dev,0.6542056074766355
n6JNJurop2U.005,dev,0.5794392523364486
WER4ww680QQ.004,dev,0.3738317757009345
c4XnKouozXU.002,dev,0.5233644859813084
OEKg-Tvwcbk.002,dev,0.3831775700934579
PtA7yAu9-VE.003,dev,0.6261682242990654
TmpP2fXeVtk.004,dev,0.4859813084112149
1uC-2TZqplE.002,dev,0.6261682242990654
_01AyUz9J9I.003,dev,0.5607476635514018
_RfHkyf68Zs.000,dev,0.514018691588785
h6LOjpCRXtY.005,dev,0.439252336448598
dB65He57Ki8.003,dev,0.7383177570093457
7T-KyMnEbJM.000,dev,0.6355140186915886
n0acEDmc0mA.001,dev,0.7757009345794392
IQdz0Pd-L2Y.000,dev,0.3551401869158878
OuE91U_n04E.005,dev,0.6074766355140186
NDC375coN1o.004,dev,0.4112149532710279
836kYlEs9GI.004,dev,0.2990654205607476
3yU-7AXnFCM.004,dev,0.3271028037383177
fBMKlYUjA9E.004,dev,0.644859813084112
1XkKu4LBvog.004,dev,0.5046728971962616
8s0R8r6UsU0.002,dev,0.4953271028037382
9uMpKla2OQM.005,dev,0.514018691588785
MSlMVMM8obY.000,dev,0.4766355140186915
8PXQ_5tUv74.003,dev,0.644859813084112
FaBTYkzhuK4.004,dev,0.644859813084112
e5gDLMLOE9U.000,dev,0.5794392523364486
Z3E1jkaNRKs.004,dev,0.616822429906542
ay4cdKr1I0o.002,dev,0.7570093457943924
cvHqtadNJDo.002,dev,0.6261682242990654
dLaqub4BEsA.000,dev,0.6728971962616823
lyznxF-Pj6g.000,dev,0.4953271028037382
qCFFW1dM8V8.000,dev,0.4112149532710279
rTG9gtci67c.003,dev,0.5233644859813084
VugKq4gOi50.001,dev,0.6542056074766355
5Ku4_r_Yxsk.004,dev,0.7009345794392522
69BopbFc34U.003,dev,0.2242990654205607
mZQP06F94u8.005,dev,0.5887850467289719
U22Jy0m5xSQ.002,dev,0.5046728971962616
6nbxAP_ZKQQ.004,dev,0.5233644859813084
jPpZkVzQywk.002,dev,0.5420560747663551
BlvmREgt2C0.004,dev,0.6635514018691588
XDwSKV_-Rhc.000,dev,0.7663551401869158
gsleSGEZHAs.003,dev,0.7009345794392522
T3v3-2tvV0s.005,dev,0.3177570093457943
PJxgOFaaUZM.005,dev,0.6822429906542056
5Eez38v8TuU.001,dev,0.4672897196261681
0tse0Fsy_rg.003,dev,0.308411214953271
4VwcU0ROy5k.005,dev,0.514018691588785
SFHklR7lWCA.001,dev,0.5981308411214953
Ie2y_yOeKpo.001,dev,0.616822429906542
i4IVTm3uvoM.003,dev,0.5981308411214953
KVepk_9iPEU.004,dev,0.6822429906542056
c2LeNguVNrI.000,dev,0.3831775700934579
_7s27dUoYVg.004,dev,0.7289719626168224
a38rz5AIslE.000,dev,0.6915887850467289
xyOq5SL0Evc.005,dev,0.6355140186915886
cOo5N1qblyw.000,dev,0.4299065420560747
AWe6ZZUmlZw.001,dev,0.3831775700934579
cZ6xhB5yhfY.005,dev,0.439252336448598
Pkgi4--hwfo.003,dev,0.5700934579439252
VhHnmeRABJw.001,dev,0.7663551401869158
ua5c716lu5s.000,dev,0.5794392523364486
WER4ww680QQ.002,dev,0.5887850467289719
-N6QKrbnaDs.002,dev,0.4112149532710279
NoHext7JXYU.004,dev,0.5700934579439252
wr4dP9MuHME.000,dev,0.5794392523364486
FGkS4vJYOpM.005,dev,0.4112149532710279
xsLvl2qGrxU.005,dev,0.5607476635514018
-BDSWZIF-WY.000,dev,0.439252336448598
jTkEWnuDnbA.005,dev,0.4485981308411215
4kIHxR6s1L4.000,dev,0.8317757009345793
8Z6PrQdqffA.000,dev,0.3925233644859813
2c42A4Z7qPE.002,dev,0.644859813084112
9o10YrQykMk.005,dev,0.5046728971962616
mFz5Fbs97QA.001,dev,0.3925233644859813
_2DSmy36OEM.000,dev,0.439252336448598
84emxO86qa8.004,dev,0.8317757009345793
7IegDaeNlik.004,dev,0.3831775700934579
RsYSOFRFszk.003,dev,0.3644859813084112
XakgMBMmtMQ.003,dev,0.2429906542056074
50gokPvvMs8.003,dev,0.3738317757009345
xA2OJtxFoeg.002,dev,0.439252336448598
vUKex2msIEU.000,dev,0.5233644859813084
0ObEtA6Q8vU.004,dev,0.644859813084112
lnawWqnGpMc.001,dev,0.3177570093457943
bTLTLzXehPE.000,dev,0.514018691588785
kSk-rf7a1Ig.004,dev,0.4018691588785046
fk_ggmC872E.005,dev,0.5887850467289719
7fOxteINSUg.005,dev,0.1869158878504672
-DOqN0d8KHw.001,dev,0.4953271028037382
lNG_XdqMf0g.001,dev,0.6542056074766355
PReOtefm17s.001,dev,0.5420560747663551
EYhvnALhXt8.002,dev,0.5327102803738317
WfCSCxADlrg.000,dev,0.3271028037383177
TD2jIXMD-SM.004,dev,0.439252336448598
8QtlG5ujHyc.003,dev,0.5514018691588785
kvNiQ7LVQnY.000,dev,0.6542056074766355
DzqJmiQjsZ4.001,dev,0.6355140186915886
r1YAW67aevY.004,dev,0.1962616822429906
phjVMKGYBKs.000,dev,0.6074766355140186
Gtq5nfRlRx8.003,dev,0.5420560747663551
1izSTcQI7H4.005,dev,0.6355140186915886
g0Zlp-F6Z6E.005,dev,0.5327102803738317
8RVJqjILSD0.005,dev,0.5046728971962616
l3RE0rN7oEg.004,dev,0.8317757009345793
LCafv-LfC3Y.002,dev,0.5700934579439252
hjQpiGBO1Ao.000,dev,0.3738317757009345
L9sG80PI1Gw.002,dev,0.4579439252336448
FkuwzJcoRVI.002,dev,0.4579439252336448
AZj2VoCcayA.002,dev,0.2990654205607476
WTzDOt2GO1M.000,dev,0.2616822429906542
Ep2F3e1xiPc.000,dev,0.6355140186915886
VQMizni7nY0.002,dev,0.336448598130841
wBCSJVBr4ZE.003,dev,0.5607476635514018
5lqg3tAI9H0.004,dev,0.2710280373831775
qD15qWMepxU.002,dev,0.4859813084112149
fBcc1UMtZME.002,dev,0.4579439252336448
DefePa0_6Sg.000,dev,0.1308411214953271
o6JCQlOC3oE.004,dev,0.2616822429906542
XpY-cxkbYdo.005,dev,0.2429906542056074
LGPm8ok6kVo.005,dev,0.5046728971962616
Kv0kZgqZEM0.000,dev,0.5327102803738317
nlIrqbcvqLk.002,dev,0.4205607476635514
h_GDQ9_H1es.000,dev,0.616822429906542
TzW_VxrCR30.001,dev,0.1962616822429906
176vWywoq9E.003,dev,0.3551401869158878
qmiBcHJpKR0.002,dev,0.6728971962616823
-8asrRvfJWA.001,dev,0.4579439252336448
m_9aygJNij8.000,dev,0.514018691588785
L5PkZA1ErYY.001,dev,0.3831775700934579
PYYC0Jiwfdg.001,dev,0.5327102803738317
MrfJ1qDJAwo.000,dev,0.4299065420560747
BS0wgLXqFgc.004,dev,0.5514018691588785
J5Q9cutAmY8.001,dev,0.6542056074766355
RQeoo3idUJc.002,dev,0.4766355140186915
Q4z4GRUtccE.003,dev,0.5327102803738317
mZzWhUI0CP0.004,dev,0.4766355140186915
Sb1b8JMVhLs.003,dev,0.6915887850467289
Cng72emlXAM.001,dev,0.4672897196261681
eAkWSjU-JyY.003,dev,0.514018691588785
3zAyM2edy1g.003,dev,0.5887850467289719
W0Ay5uul8j0.005,dev,0.4766355140186915
do8FmnQbI5I.002,dev,0.5233644859813084
Xauhek9-iKA.005,dev,0.6542056074766355
ADa9rkwF2uA.005,dev,0.6261682242990654
NyQ2K2J3N0s.001,dev,0.2616822429906542
WuHLxhCSnGs.000,dev,0.5700934579439252
knpgk7LAMb0.001,dev,0.2616822429906542
jpPZVmzleAo.003,dev,0.3271028037383177
dmycfNpiWCE.000,dev,0.6261682242990654
yRVvI1x2DBI.000,dev,0.514018691588785
GG9WPQLI_rg.001,dev,0.6261682242990654
YPnuq0tDDqk.005,dev,0.4112149532710279
fipvPdFbKN4.001,dev,0.4112149532710279
jlHKgXrxCu8.003,dev,0.6261682242990654
4JjpfL4y3XM.003,dev,0.6355140186915886
P6g1mZ3f76U.000,dev,0.4953271028037382
JKDEEwxZwrw.004,dev,0.5607476635514018
WTzDOt2GO1M.003,dev,0.5420560747663551
OZlpENU9h28.001,dev,0.439252336448598
Me22JENkhJA.002,dev,0.2803738317757009
mZzWhUI0CP0.001,dev,0.5794392523364486
VxtZDXM0cuQ.004,dev,0.4953271028037382
E49FxumXPnc.000,dev,0.6542056074766355
SRjhmQTPOmA.000,dev,0.5420560747663551
y-0p6fGXLD0.005,dev,0.4018691588785046
LKc69Et2Jg8.001,dev,0.616822429906542
54JawR1x0II.003,dev,0.5794392523364486
s6N1pv5lzrU.005,dev,0.5794392523364486
iqs7mZbg5UI.004,dev,0.514018691588785
xfLVThCzEEk.001,dev,0.5046728971962616
85isLsZHZpo.003,dev,0.6822429906542056
_ZAqTHlu2ts.003,dev,0.308411214953271
EAMHqNxa9yY.005,dev,0.2523364485981308
j08b_trEQrU.001,dev,0.6542056074766355
sC2k2CD1jC0.002,dev,0.1869158878504672
CpmR-91GxmY.001,dev,0.6728971962616823
4VwcU0ROy5k.000,dev,0.5700934579439252
K9ZTOb6PbfQ.003,dev,0.7476635514018691
H0_4dZMjUow.000,dev,0.7476635514018691
KM6Nc_VipyQ.003,dev,0.7289719626168224
fsLf6Xv_Gbk.004,dev,0.644859813084112
XQZ5M9oLkXw.004,dev,0.8130841121495327
nEm44UpCKmA.003,dev,0.3831775700934579
VuadgOz6T7s.003,dev,0.308411214953271
fSkQXqXR7D0.003,dev,0.5420560747663551
AFvUxDwJB84.005,dev,0.4112149532710279
2UqnC_rFcRQ.005,dev,0.6074766355140186
yUESJPS0wS8.003,dev,0.5700934579439252
alucqviYJFE.005,dev,0.5514018691588785
oYiWW-Qc0rs.003,dev,0.5607476635514018
1CYzbX8AaP8.005,dev,0.5233644859813084
h6LOjpCRXtY.003,dev,0.5327102803738317
3hKgh9AB3tk.000,dev,0.3271028037383177
Ie2y_yOeKpo.003,dev,0.5233644859813084
BBSB9OJdb0Q.003,dev,0.4579439252336448
mZ3vypXAfHg.004,dev,0.6261682242990654
3JzvXA-Zfbs.004,dev,0.4672897196261681
pZxqWp0e-Ik.003,dev,0.4859813084112149
_fJcW5234bY.001,dev,0.6635514018691588
fUf2XzWpSVo.003,dev,0.5046728971962616
Jhz5ssCKaug.000,dev,0.3177570093457943
5hFRSHAis2E.001,dev,0.6074766355140186
JBiq9X_-r84.005,dev,0.4766355140186915
frEf7Kz1Usk.000,dev,0.308411214953271
hqe-8SMJGmc.005,dev,0.6355140186915886
yRVvI1x2DBI.003,dev,0.514018691588785
u5mRlNCQ0BQ.001,dev,0.5233644859813084
8lg8A_zFOmg.002,dev,0.3551401869158878
b-qfeGqPd04.003,dev,0.4953271028037382
vHc0pnY9BoI.000,dev,0.4299065420560747
5KHOpRCxnwQ.001,dev,0.5887850467289719
oU7zAWm_01o.005,dev,0.5233644859813084
wr4dP9MuHME.002,dev,0.3831775700934579
jZl3Rq1MRQg.001,dev,0.4112149532710279
Jp-Hu7yxqR8.002,dev,0.1495327102803738
F1lAPYh4t3U.005,dev,0.719626168224299
bPLhV0PGR50.000,dev,0.5327102803738317
8hW6WfYBP18.000,dev,0.3177570093457943
XAO4l8Ej-J8.001,dev,0.7289719626168224
6uqXoPJSoPg.002,dev,0.8598130841121494
0VnZngec8sc.002,dev,0.5233644859813084
TQHzCznQ14Y.001,dev,0.5981308411214953
BeyIfaH64xY.002,dev,0.4299065420560747
3HA2W1s4oP8.004,dev,0.4299065420560747
SfldZBPyPFo.000,dev,0.2242990654205607
u_qvbRpm88k.003,dev,0.4112149532710279
8OGiv7FetSQ.005,dev,0.4672897196261681
kppgmuWEv-A.002,dev,0.6728971962616823
nFP7EEgz0Xg.000,dev,0.3271028037383177
BjQ95T-Dw1U.001,dev,0.3738317757009345
fipvPdFbKN4.005,dev,0.2710280373831775
Jr6GmDtvTK0.001,dev,0.308411214953271
mDRMCwSD3Ms.004,dev,0.6542056074766355
kDJigDGDJTo.004,dev,0.4859813084112149
Bo-mrL28d8M.001,dev,0.1028037383177569
PHoVRr0MQ5c.001,dev,0.6542056074766355
BzMLhulrt0Q.000,dev,0.2523364485981308
P0ZzjnS8E24.004,dev,0.4205607476635514
FNHMXPaHll0.003,dev,0.6074766355140186
xsDABUrvs6w.000,dev,0.3738317757009345
Kmrd1MsZKmQ.004,dev,0.5700934579439252
ZNymNgd5EuQ.002,dev,0.7383177570093457
Q6We7dJplls.003,dev,0.5794392523364486
xtDw9TlWiww.001,dev,0.4579439252336448
12Ezy1y1cWY.004,dev,0.1121495327102803
ax1Fck6zMzk.001,dev,0.5794392523364486
K9h_wA30XgM.001,dev,0.2897196261682243
Isa3WdmciZQ.005,dev,0.4579439252336448
bTLTLzXehPE.005,dev,0.4672897196261681
p-OcwNFQB0U.003,dev,0.4112149532710279
FwjoTGcsFNg.004,dev,0.7757009345794392
liRQoL7SsPw.003,dev,0.4205607476635514
UipoC_HLOP0.000,dev,0.5420560747663551
huIQlWsIEvY.002,dev,0.3831775700934579
7vF5WLD1RxY.000,dev,0.3738317757009345
wYZJ2HXfvmQ.004,dev,0.4766355140186915
nfEhF5GBQpo.001,dev,0.4953271028037382
VForU0EmBr0.002,dev,0.308411214953271
yVSfQZGt1co.005,dev,0.4953271028037382
dl9IT3OvI0o.005,dev,0.514018691588785
1uC-2TZqplE.005,dev,0.439252336448598
hnMp0eX28es.002,dev,0.5514018691588785
iiW_nu6JITY.000,dev,0.5327102803738317
i4IVTm3uvoM.004,dev,0.5420560747663551
Q8bdpKNp698.000,dev,0.3831775700934579
Tg8a_iNEamM.003,dev,0.3457943925233644
JciLbidX1Q8.001,dev,0.3177570093457943
Kbcvurfuvhk.001,dev,0.514018691588785
squHxV3QXlQ.000,dev,0.5514018691588785
LeuT6NgJ6N8.003,dev,0.7009345794392522
2r5NVi3SZ2I.003,dev,0.7289719626168224
qjWi69HY2Fc.001,dev,0.2897196261682243
tCnfvBwWVKw.001,dev,0.3644859813084112
t9wFHk9TM-U.001,dev,0.616822429906542
Kv0kZgqZEM0.002,dev,0.4672897196261681
51KRxB3g7A8.004,dev,0.7570093457943924
zFVjcb45pjI.005,dev,0.2523364485981308
bnoPmV0_aIc.001,dev,0.5420560747663551
hDqsuyVeWmw.005,dev,0.8691588785046729
2DZb5yIc6Fg.004,dev,0.0560747663551401
8hW6WfYBP18.003,dev,0.3457943925233644
Alox0G4xUfM.001,dev,0.5233644859813084
L-C1blPD_ec.002,dev,0.3738317757009345
4T9UUWWRE94.001,dev,0.4953271028037382
WfCSCxADlrg.003,dev,0.233644859813084
8OGiv7FetSQ.003,dev,0.4579439252336448
UzgW75Fd4jU.000,dev,0.2149532710280373
j6Rvmjjp7pU.003,dev,0.7289719626168224
HrddpXxWFns.004,dev,0.7289719626168224
xZ9iwqHw7GY.001,dev,0.4579439252336448
dvCKoyBG1pE.003,dev,0.644859813084112
CGfr9jl8w4Y.000,dev,0.439252336448598
nndDX4RgU1w.004,dev,0.7102803738317757
itQ2wSlXqCw.004,dev,0.4766355140186915
bJktioZ5Yxk.005,dev,0.616822429906542
bBqZyG-9ksM.000,dev,0.5794392523364486
HPEemWelY1E.003,dev,0.5887850467289719
t0_DAgeU4nM.001,dev,0.4205607476635514
esk_mav4MRk.004,dev,0.4485981308411215
MvWDky9ZaWU.001,dev,0.8037383177570093
5BPGRteF64Y.000,dev,0.5046728971962616
MCr6FmFAhak.002,dev,0.5981308411214953
V2nvyZB-JNM.000,dev,0.4579439252336448
x0CZuHnJ0Hs.001,dev,0.4672897196261681
CO7vZjYF6Zk.003,dev,0.5327102803738317
Gtq5nfRlRx8.005,dev,0.6074766355140186
4JYmE9a21aI.001,dev,0.5700934579439252
Bo-mrL28d8M.005,dev,0.1588785046728971
bN2IM-rqZlc.001,dev,0.1308411214953271
7WixH0aSfqI.000,dev,0.6261682242990654
nUbhRInpVbA.002,dev,0.4112149532710279
AlEqtGWa43g.004,dev,0.5887850467289719
si_gZCrLa4A.004,dev,0.4018691588785046
hrat_RJczFM.000,dev,0.5327102803738317
0qtCdb23_2g.000,dev,0.3738317757009345
x6Tluj4dJTU.000,dev,0.5327102803738317
fG-hvGTHoec.000,dev,0.3925233644859813
o6JCQlOC3oE.001,dev,0.3831775700934579
tiVKJWLzmk4.003,dev,0.5420560747663551
ApPnsnIZozw.002,dev,0.5700934579439252
TK6hBCARiHI.005,dev,0.5233644859813084
qP1UtCbMaW4.002,dev,0.5046728971962616
Ywfun1LIwOE.000,dev,0.7009345794392522
XFpzukISe6s.001,dev,0.2897196261682243
XLKNGnpTO9k.004,dev,0.4299065420560747
JxxF9y61ujA.001,dev,0.4672897196261681
VJf0lkXcy2A.000,dev,0.4579439252336448
4lj66h4CXI8.004,dev,0.4953271028037382
OxaBanUE6KE.000,dev,0.6074766355140186
0QTR0WiJSNk.004,dev,0.4672897196261681
_g3M_MoFIvA.002,dev,0.4579439252336448
_QXI4n_FRN4.002,dev,0.644859813084112
grhDDOLsBho.003,dev,0.3457943925233644
MbufNmC0JL0.001,dev,0.7383177570093457
jFx6AEw6viQ.000,dev,0.1775700934579439
G7hYffrZ1Hc.001,dev,0.5981308411214953
nB-fPmvZg3U.004,dev,0.4859813084112149
dvU5jYExl0o.002,dev,0.5420560747663551
mZzWhUI0CP0.003,dev,0.6822429906542056
okSmKH2k5lE.004,dev,0.2803738317757009
mwjoabuP-GM.000,dev,0.5607476635514018
ins5QQc2dR0.002,dev,0.2897196261682243
OiDyfO2zB7s.004,dev,0.2523364485981308
bcRPLKygrNk.005,dev,0.4299065420560747
MvWDky9ZaWU.004,dev,0.8691588785046729
txU8yE9d-4k.002,dev,0.2523364485981308
54K75EhiTEk.001,dev,0.3925233644859813
_UnoRkHkYB8.004,dev,0.5981308411214953
5VG1EgzvprE.002,dev,0.6822429906542056
qFYgMFMal_s.002,dev,0.5887850467289719
N5YT0FFd3-s.002,dev,0.6074766355140186
e07IozLUeKc.004,dev,0.5327102803738317
jlHKgXrxCu8.002,dev,0.4953271028037382
PVm7Om88BSw.004,dev,0.5514018691588785
s1DOqsQoN5s.004,dev,0.2710280373831775
9cHxDnk6SUs.004,dev,0.5327102803738317
JBiq9X_-r84.001,dev,0.4672897196261681
U2RemWUyjts.001,dev,0.5700934579439252
1m4WjLRKTwc.000,dev,0.5981308411214953
mZzWhUI0CP0.002,dev,0.7663551401869158
dmOKZLeFKCM.001,dev,0.6542056074766355
kUpkeJDcxaE.001,dev,0.514018691588785
OdwK_oMdfSU.001,dev,0.5607476635514018
8gvBbE6iZNo.000,dev,0.719626168224299
B77ZCcCMrkM.002,dev,0.6355140186915886
VugKq4gOi50.003,dev,0.5981308411214953
XndWJ1ieKwY.000,dev,0.4953271028037382
hvGLlMhj7iE.002,dev,0.7289719626168224
uwYQKM_STCw.001,dev,0.4953271028037382
fsCK8Xuzl1Y.002,dev,0.514018691588785
Lu9UNCSpQZM.002,dev,0.5981308411214953
NYlFsljF0VM.004,dev,0.5514018691588785
AvuGsnkWjt8.000,dev,0.5794392523364486
8narByy2B5g.005,dev,0.336448598130841
nZC82V87Pm0.003,dev,0.4953271028037382
0a5FOYBAIcc.001,dev,0.2990654205607476
P9WDAY-MFzk.001,dev,0.4953271028037382
o_kTWEEjtyw.002,dev,0.1308411214953271
Y6iogSmj6FQ.004,dev,0.4579439252336448
CAuVlnNy95E.002,dev,0.5607476635514018
c3esnCQDoKc.000,dev,0.5981308411214953
twmdh5zdvfg.001,dev,0.2616822429906542
K3-YXXLR0Ho.001,dev,0.5700934579439252
EfQ2eU2MFEc.000,dev,0.5046728971962616
8i7H-uSCQcc.003,dev,0.4299065420560747
qyHn_jrNL48.001,dev,0.308411214953271
Vj-Cmtqv_qY.000,dev,0.5420560747663551
HT_8WpgGqjk.005,dev,0.5794392523364486
mxLRr3YqgMU.003,dev,0.5233644859813084
O2wMPdp2-Is.003,dev,0.7102803738317757
vqLtOsoNPnU.003,dev,0.5794392523364486
65xWDhgq1OE.002,dev,0.7289719626168224
Jy716zClCKs.001,dev,0.7289719626168224
SkNO4x-LSgE.000,dev,0.4485981308411215
Lt89YrQHF_w.000,dev,0.3925233644859813
Zwu5Y5r3Lrs.005,dev,0.5607476635514018
2c42A4Z7qPE.000,dev,0.5514018691588785
7wsksuXYoMY.003,dev,0.6261682242990654
2_OOIcYfLV0.000,dev,0.3271028037383177
DmYsoYs9jyI.000,dev,0.1588785046728971
P63CUj9KnSw.002,dev,0.4299065420560747
C-48U5oDuvw.001,dev,0.6074766355140186
S8GxCRs1SbQ.000,dev,0.3271028037383177
bSeTNdOtK7I.002,dev,0.5420560747663551
zyGz_H1UTnQ.002,dev,0.4766355140186915
0u56Q_QmxIM.001,dev,0.6542056074766355
Vk3scj5vhd4.002,dev,0.3551401869158878
l8weBJSCHbA.004,dev,0.2523364485981308
DXYRJ8PReoE.005,dev,0.4205607476635514
p-OcwNFQB0U.004,dev,0.2897196261682243
cx8IycWgMVs.002,dev,0.3644859813084112
8hGOOynn3ZU.004,dev,0.4766355140186915
NDC375coN1o.003,dev,0.2242990654205607
r2HcJYjGK5s.002,dev,0.4299065420560747
IyBCZySg-c4.005,dev,0.5327102803738317
kFak4VnRnRM.002,dev,0.514018691588785
1jC4vsQsjwM.000,dev,0.5700934579439252
6uqXoPJSoPg.001,dev,0.616822429906542
_kK9tGN883Y.003,dev,0.2523364485981308
YdxS3f4HXaA.001,dev,0.4485981308411215
scifP1EXSdo.004,dev,0.6355140186915886
B1efbNxLPe8.002,dev,0.5887850467289719
KhMsmtSC5Lg.004,dev,0.439252336448598
39BJkEXJpgc.004,dev,0.5700934579439252
5bi_PM3XMEQ.004,dev,0.5420560747663551
owRKOW0ymCM.005,dev,0.5607476635514018
2oiXF5_gTyk.000,dev,0.6915887850467289
2mfmw63l88g.002,dev,0.3551401869158878
muLgzV1gGao.002,dev,0.5046728971962616
3OoQBXWTGfE.003,dev,0.2056074766355139
a38rz5AIslE.002,dev,0.5514018691588785
jKHaHWuaU14.002,dev,0.3831775700934579
4Qr1BjZhnpg.005,dev,0.4953271028037382
R42dmIPCXwo.005,dev,0.3457943925233644
AuaQ0rtedRk.002,dev,0.4579439252336448
PooFvZH6fK0.000,dev,0.5046728971962616
wuhoIm_jPc0.001,dev,0.5327102803738317
xHb5_bc1JOA.002,dev,0.439252336448598
F2v55oUN-4w.003,dev,0.7383177570093457
8pM3X-xsD4s.005,dev,0.5514018691588785
YuoLr4xDvbE.003,dev,0.6728971962616823
_Q4wOgixh7E.003,dev,0.1214953271028037
cx8IycWgMVs.000,dev,0.3271028037383177
2kqPuht5jTg.001,dev,0.6822429906542056
T6CMGXdPUTA.003,dev,0.7663551401869158
J30sMEMrKjA.004,dev,0.5514018691588785
QNVsr2mGwGs.000,dev,0.336448598130841
fY4tctYZTz8.004,dev,0.4953271028037382
xq0-QVHxp-Q.001,dev,0.6261682242990654
gZblxCs4EV4.002,dev,0.3551401869158878
-Wqk9eex6bQ.001,dev,0.5700934579439252
8py6SksNsZQ.004,dev,0.439252336448598
NTSMogqhvBg.003,dev,0.4299065420560747
mhvkJjOAjYI.001,dev,0.5607476635514018
cMLkNVKkaOQ.001,dev,0.5607476635514018
dOFnHXRLEdM.004,dev,0.644859813084112
gChqk1izWkc.001,dev,0.4205607476635514
2TMl5EMrdVI.000,dev,0.439252336448598
5CRqN54uejE.004,dev,0.616822429906542
P6CH9Q2wH24.002,dev,0.5700934579439252
Ahiq4zhmYco.000,dev,0.233644859813084
me9kzWYVEoI.000,dev,0.7102803738317757
Hklc55y7vUI.002,dev,0.4859813084112149
8qG1sMihtPA.005,dev,0.5607476635514018
nex61B854Ms.000,dev,0.4485981308411215
guthEFaGEiA.001,dev,0.3177570093457943
M56UFrEgXnI.002,dev,0.2897196261682243
6CRet5sD6xI.000,dev,0.5233644859813084
rBxWZzkEncE.001,dev,0.4859813084112149
EAMHqNxa9yY.003,dev,0.2710280373831775
vCCRvatOFLA.002,dev,0.6822429906542056
Oe7ItP7gS4w.005,dev,0.4299065420560747
SUI6WNryjqw.005,dev,0.4579439252336448
a84s1DYag-I.003,dev,0.4672897196261681
EvZ0esZgPK4.005,dev,0.6074766355140186
YjXUMygVw7U.004,dev,0.4766355140186915
_2DSmy36OEM.005,dev,0.3925233644859813
2kqPuht5jTg.003,dev,0.7570093457943924
EwMMNKLjO9w.005,dev,0.3644859813084112
xrxAyO8pKUo.000,dev,0.6355140186915886
Po4UGCJbCbw.001,dev,0.4766355140186915
Vyktsh14Kww.003,dev,0.5981308411214953
RtbBc9kI6tE.000,dev,0.2990654205607476
PKtzsEqLGx4.002,dev,0.336448598130841
8eeZjC_bmtc.002,dev,0.4205607476635514
qYxxTubipSs.004,dev,0.8130841121495327
EA8BEYAZqAA.005,dev,0.822429906542056
CPtaCNonKlE.001,dev,0.5327102803738317
zxuPCshTSOs.000,dev,0.7476635514018691
EeI8iXLDfc0.003,dev,0.3457943925233644
RWhyKkFI3zw.002,dev,0.3738317757009345
OIRq4d8IyKc.000,dev,0.3551401869158878
xDjhf8wrNWQ.000,dev,0.439252336448598
r93dLeVRk3U.005,dev,0.5233644859813084
BPUFqFLZgZU.000,dev,0.6542056074766355
kPXVZD3ac8s.002,dev,0.7102803738317757
DGCGeNlA-Ww.004,dev,0.4672897196261681
NVvKBE5FTMk.001,dev,0.3738317757009345
BmDClgdWlH4.005,dev,0.8130841121495327
3Sj-GZ3YXWs.003,dev,0.5700934579439252
RQeoo3idUJc.005,dev,0.1775700934579439
mLZw7Hf8AYI.000,dev,0.7289719626168224
4JjpfL4y3XM.005,dev,0.6635514018691588
Rops7WYMCCY.004,dev,0.3457943925233644
dvU5jYExl0o.000,dev,0.4579439252336448
xHb5_bc1JOA.004,dev,0.3551401869158878
7pLYJKO75_c.005,dev,0.5700934579439252
Y6iogSmj6FQ.000,dev,0.5327102803738317
XRoSKIIFp9c.001,dev,0.5887850467289719
1mODTfLRGdI.002,dev,0.5327102803738317
t30ERiF6b50.001,dev,0.4112149532710279
f7togdqxEoo.005,dev,0.1308411214953271
TQHzCznQ14Y.002,dev,0.3831775700934579
-zNyDPzId4E.000,dev,0.4205607476635514
fiVORaERbP0.001,dev,0.4859813084112149
IGjI8aP14gg.003,dev,0.2990654205607476
o7rFDFvW300.001,dev,0.2803738317757009
BxD2uO_3RXU.001,dev,0.3925233644859813
DSYiLCGNDP0.001,dev,0.4579439252336448
o6xswp0D8tc.003,dev,0.1682242990654205
Po4UGCJbCbw.004,dev,0.514018691588785
d9_YDJdF-7I.005,dev,0.5607476635514018
AZ2HyBOmliQ.000,dev,0.336448598130841
Ssy7T1T0yKg.003,dev,0.2897196261682243
FhCOvzMrNs8.003,dev,0.2710280373831775
3ccY8jYkI5o.003,dev,0.7102803738317757
6zm71IHOCZA.004,dev,0.2803738317757009
TmpP2fXeVtk.001,dev,0.4485981308411215
V1TjmLtgNm0.004,dev,0.4766355140186915
T-mK85acIOc.000,dev,0.4205607476635514
PEjFZNkbQos.000,dev,0.5327102803738317
On2c_8sU8Vw.003,dev,0.7009345794392522
1yIGI42lzak.004,dev,0.439252336448598
2SzC9dm4Yy4.001,dev,0.4672897196261681
EffEoI1l1zE.004,dev,0.336448598130841
lKePJbjYiy0.004,dev,0.7476635514018691
k4QmzZuQl9s.002,dev,0.644859813084112
m7zdWVDT-34.000,dev,0.616822429906542
EMqrrHHbP3s.005,dev,0.4953271028037382
3J7Cl3FXs1o.003,dev,0.7757009345794392
HH03EXo0TB0.000,dev,0.3738317757009345
d5ujzxBlvwY.000,dev,0.6915887850467289
Pqy0NgxSvU0.004,dev,0.719626168224299
B3zFJhrmqwg.000,dev,0.1962616822429906
W0LRjSS9pVM.005,dev,0.719626168224299
glgfB3vFewc.001,dev,0.7663551401869158
PWM-bKcs2p8.000,dev,0.3177570093457943
QOIP8pV85D8.003,dev,0.514018691588785
Oe7ItP7gS4w.001,dev,0.644859813084112
WfCSCxADlrg.001,dev,0.2803738317757009
YOdKAtXbOoQ.000,dev,0.4018691588785046
KVepk_9iPEU.003,dev,0.7102803738317757
nKLhatlbqEw.003,dev,0.5514018691588785
nHdhGsdsKPI.000,dev,0.4299065420560747
pEr7WTIPW64.003,dev,0.3177570093457943
x9FAFeaizu0.005,dev,0.4485981308411215
v68FyWS-Q9s.000,dev,0.5233644859813084
1mHjMNZZvFo.002,dev,0.8130841121495327
8w_oPolxRWQ.000,dev,0.5607476635514018
bBqZyG-9ksM.003,dev,0.5887850467289719
sHVXhr7_EOs.000,dev,0.3271028037383177
UGp1GNK0GWg.001,dev,0.2803738317757009
cJs_LosR-u8.001,dev,0.4953271028037382
9lA-PGQcHBc.000,dev,0.5327102803738317
voB6O-ky9cA.003,dev,0.4205607476635514
ikCqtEGQbrg.000,dev,0.5327102803738317
U3UaF1aFek4.000,dev,0.4205607476635514
l1V-DuJ-WgU.003,dev,0.6635514018691588
P0a209IS614.003,dev,0.6822429906542056
-R2SZu3SYgM.003,dev,0.2056074766355139
f0LnGz5Z6kA.003,dev,0.4953271028037382
zwO2zBdbCb4.001,dev,0.4953271028037382
EknEAPhAjdA.005,dev,0.1962616822429906
z3DO3tdrsnQ.005,dev,0.822429906542056
x57nEfACdXA.004,dev,0.7289719626168224
m0tNIKbEwHE.005,dev,0.6728971962616823
OovRk5U9_GY.002,dev,0.5607476635514018
mlXZQ8dO0nQ.002,dev,0.719626168224299
VQMizni7nY0.004,dev,0.439252336448598
s0MKUEnyHSE.005,dev,0.4953271028037382
FaBTYkzhuK4.002,dev,0.4672897196261681
cxJ0u6r0-pU.004,dev,0.5607476635514018
QTtTAFqT-no.001,dev,0.3644859813084112
93bQfdes68U.000,dev,0.2242990654205607
NPOSIyDF-Sg.002,dev,0.6635514018691588
SgWtBK48AjE.000,dev,0.5233644859813084
AWe6ZZUmlZw.003,dev,0.5420560747663551
XfUqFt2amrM.001,dev,0.3457943925233644
FPfgwGsy8dE.003,dev,0.5794392523364486
BQ9i8qkXiVQ.001,dev,0.336448598130841
dvCKoyBG1pE.000,dev,0.3738317757009345
Qa-yF-tByDM.003,dev,0.5046728971962616
3lV-sr3NOUo.002,dev,0.6261682242990654
lxnV9X8T2Zc.005,dev,0.7289719626168224
Jn76eAPxjNA.000,dev,0.6542056074766355
TEGJrmNFvXY.005,dev,0.5887850467289719
gipWTZy9mjI.004,dev,0.336448598130841
WD1WsbooU2w.005,dev,0.3177570093457943
ADa9rkwF2uA.004,dev,0.644859813084112
SUI6WNryjqw.001,dev,0.514018691588785
WTzDOt2GO1M.001,dev,0.4018691588785046
mDRMCwSD3Ms.001,dev,0.7009345794392522
4XdZDodpzac.001,dev,0.5794392523364486
zvX4fNj0uxk.002,dev,0.5046728971962616
T_X16g5ExgE.003,dev,0.6074766355140186
I5x9T9ftW18.002,dev,0.5327102803738317
o5eCmKiomvo.000,dev,0.4485981308411215
FvjIziLzffo.001,dev,0.5420560747663551
gJMH7pfz-14.005,dev,0.5327102803738317
45SH4ohAH3M.004,dev,0.439252336448598
QfU5JsVMjfI.002,dev,0.4205607476635514
vhugKRUnd-c.002,dev,0.4485981308411215
PWM-bKcs2p8.003,dev,0.2523364485981308
1zpucNpIDk8.000,dev,0.3457943925233644
8eeZjC_bmtc.004,dev,0.3925233644859813
hG0I7DLSSYg.004,dev,0.4112149532710279
tvKUJujTUEo.002,dev,0.7289719626168224
PRplbrM70sg.000,dev,0.6635514018691588
cRDYrvxRJ6U.004,dev,0.7476635514018691
Me22JENkhJA.001,dev,0.3551401869158878
nOCSTnpB_F4.000,dev,0.4859813084112149
qjU3GX3jgSY.005,dev,0.5046728971962616
qBG1mjC7Zgg.002,dev,0.4205607476635514
xpSCu7PgJts.001,dev,0.4672897196261681
4vJ69g7gAH4.003,dev,0.5887850467289719
If96Xniy6Go.002,dev,0.514018691588785
MOXPVzRBDPo.000,dev,0.7009345794392522
KskDPaLfZNQ.001,dev,0.5327102803738317
lAJWoIcgXlU.003,dev,0.5420560747663551
zrbcY4TMVyc.001,dev,0.5514018691588785
u50B6bIkN9g.003,dev,0.4299065420560747
-wO0oBNlEvY.005,dev,0.4485981308411215
5-mwIFjOWZ4.002,dev,0.4766355140186915
MuYYY3XaJ7Q.000,dev,0.4205607476635514
Zdz0TqboSNI.001,dev,0.514018691588785
YN0Xd70SqEo.000,dev,0.616822429906542
Ui1ajQU5Ib8.004,dev,0.7663551401869158
p5QXPhJS8Ks.004,dev,0.2523364485981308
Wx_oe0SxD9w.005,dev,0.7102803738317757
jPpZkVzQywk.004,dev,0.3831775700934579
EDXQLrsZctw.001,dev,0.2990654205607476
Y1LrgyCJtpU.004,dev,0.4672897196261681
a97PXgrKSxo.001,dev,0.6822429906542056
qfL0ml0f84g.000,dev,0.6355140186915886
1XkKu4LBvog.005,dev,0.4859813084112149
VUgKH9DIs-8.004,dev,0.2803738317757009
p_mu11crx-s.000,dev,0.3271028037383177
RDdB2AqJpog.000,dev,0.3551401869158878
C2Y9Puk3Obk.002,dev,0.5887850467289719
LeuT6NgJ6N8.005,dev,0.6542056074766355
twmdh5zdvfg.003,dev,0.4579439252336448
U3UaF1aFek4.004,dev,0.5794392523364486
vtOEl_Mg0Io.002,dev,0.3457943925233644
B77ZCcCMrkM.001,dev,0.719626168224299
6NjuNY4LfQc.002,dev,0.2990654205607476
gKxJl7pIYMo.001,dev,0.4859813084112149
k4eeYoHtnnI.003,dev,0.5794392523364486
4NzqG0XwOWg.003,dev,0.616822429906542
6WSr4IW6cNI.005,dev,0.3831775700934579
iiW_nu6JITY.003,dev,0.6728971962616823
DVh_7dO2cWY.002,dev,0.6261682242990654
PyPFJWirPjs.002,dev,0.439252336448598
mZ2CHgzwDt0.004,dev,0.6915887850467289
Wx_oe0SxD9w.004,dev,0.6355140186915886
PWAe9M2SxT8.000,dev,0.5514018691588785
Y-YdRocu0os.002,dev,0.5607476635514018
2T3oK1Gse2g.004,dev,0.5607476635514018
z0v9LukQRHU.004,dev,0.3831775700934579
PxpbeM9VavA.002,dev,0.4859813084112149
-fqiCqZtgYs.000,dev,0.4766355140186915
FogaU_yB9aY.003,dev,0.5887850467289719
6U2qLDZA5lQ.000,dev,0.822429906542056
LBKbubsgpE8.005,dev,0.6915887850467289
vp9p1osOaLI.005,dev,0.4859813084112149
_0bg1TLPP-I.003,dev,0.6822429906542056
8OckVmEZ8X8.004,dev,0.5607476635514018
DiaibIBisuM.000,dev,0.4766355140186915
FwjoTGcsFNg.005,dev,0.3738317757009345
L_gmlaz-0s4.002,dev,0.336448598130841
6LKbPUX03sY.002,dev,0.3738317757009345
3S72dDIm1fM.003,dev,0.6261682242990654
ng42eoHytOA.000,dev,0.2990654205607476
3taD1fEPfC8.000,dev,0.4018691588785046
aL0oPOOeoB8.000,dev,0.5046728971962616
shEsu57CYnA.000,dev,0.4579439252336448
_01AyUz9J9I.000,dev,0.5981308411214953
datcFOBWYxc.002,dev,0.4579439252336448
PXJfSp2WvVY.004,dev,0.6261682242990654
uCJNAX_b9mc.001,dev,0.5794392523364486
blAjqQ0ja8Q.004,dev,0.5327102803738317
EgolOPjkkg8.002,dev,0.2803738317757009
yEE9FoKWdpU.004,dev,0.3177570093457943
LeQKH1vAVpg.000,dev,0.5420560747663551
mwjoabuP-GM.005,dev,0.3551401869158878
VPFrKx72gvo.000,dev,0.2523364485981308
59Smv7wl--w.004,dev,0.6915887850467289
wFZJ3gTKwwM.000,dev,0.4299065420560747
Fi1ILrwQpSY.004,dev,0.5327102803738317
0SS47KwVOQ4.000,dev,0.4205607476635514
8qesctueAV0.005,dev,0.514018691588785
CUiG7UZ9A3k.004,dev,0.7102803738317757
-9BZ8A9U7TE.002,dev,0.3644859813084112
Vy-Lr_iM5qo.004,dev,0.4766355140186915
rFs0AC2qV6o.004,dev,0.3831775700934579
d4cPiUXpGbc.001,dev,0.4299065420560747
T4eZ81aJwJI.002,dev,0.4953271028037382
RJe5yobV8n4.003,dev,0.5233644859813084
x57nEfACdXA.000,dev,0.616822429906542
V8w2Lo5wxl8.005,dev,0.644859813084112
mfGhtr0zy3k.000,dev,0.5887850467289719
0mym1CooiTE.002,dev,0.7943925233644858
wuTgJGTEK-0.000,dev,0.6261682242990654
JiXJeI5_jGM.001,dev,0.4766355140186915
t9wFHk9TM-U.000,dev,0.6542056074766355
H6s9aFAQP3M.003,dev,0.5700934579439252
VmXZ2jMWuvk.003,dev,0.3551401869158878
G7hYffrZ1Hc.003,dev,0.5607476635514018
teRgvZ63_2I.002,dev,0.5607476635514018
5lqg3tAI9H0.002,dev,0.3831775700934579
blAjqQ0ja8Q.001,dev,0.6728971962616823
me15sHPOjKo.001,dev,0.4859813084112149
CLGJCzz6tIU.000,dev,0.4953271028037382
WuIKjBb7s4Q.001,dev,0.3738317757009345
f83xK4chMJs.001,dev,0.6074766355140186
mBdVuEXRlfQ.002,dev,0.514018691588785
RB9vu-0Y_Fk.000,dev,0.308411214953271
jolhoLhAurM.000,dev,0.6542056074766355
dDi6vy-OZRg.001,dev,0.7570093457943924
bcRPLKygrNk.002,dev,0.4018691588785046
DjfLWIZq3bo.000,dev,0.2710280373831775
m04e9ylCoK0.002,dev,0.5514018691588785
pT8nyxks1Q4.000,dev,0.5981308411214953
fY4tctYZTz8.001,dev,0.439252336448598
WwmWN63mkT4.000,dev,0.4766355140186915
dQOeQYWIgm8.003,dev,0.5700934579439252
QdafN9Y_j-Y.000,dev,0.5420560747663551
L4Jlm0vGsvc.001,dev,0.6542056074766355
RuRn2t7iPSc.001,dev,0.5420560747663551
gIWZPg1BxlU.000,dev,0.4018691588785046
RZgTERiRDjA.002,dev,0.4579439252336448
2d6btbaNdfo.001,dev,0.4953271028037382
hIxLNK_x_QA.004,dev,0.4299065420560747
1XqMZQu_pP4.001,dev,0.5420560747663551
keW8-eSiQ70.005,dev,0.439252336448598
z6E5hLYhaZk.001,dev,0.644859813084112
o2wtRccAgjE.004,dev,0.4859813084112149
EelHLfeSJfM.001,dev,0.3177570093457943
DyZlhseSuec.001,dev,0.7383177570093457
ZaihsIQZCx8.005,dev,0.439252336448598
weggLuKPv0M.000,dev,0.616822429906542
gM_KAA-ejJA.000,dev,0.9158878504672896
dB65He57Ki8.004,dev,0.7009345794392522
Gtq5nfRlRx8.004,dev,0.5607476635514018
R-qB2FX7ZbE.002,dev,0.5700934579439252
qmiBcHJpKR0.001,dev,0.6915887850467289
uoLDJJMK5Gw.001,dev,0.4299065420560747
QJcc95Y0XPw.003,dev,0.6074766355140186
uwYQKM_STCw.003,dev,0.3551401869158878
jrhvXPaXo-0.001,dev,0.3925233644859813
1TXS1Zg4wDc.001,dev,0.3831775700934579
ikCqtEGQbrg.003,dev,0.439252336448598
TaTMtWvSmu4.002,dev,0.5981308411214953
F0kidNe_RSo.003,dev,0.3831775700934579
l-WgXcGLdZk.000,dev,0.7009345794392522
TNtcyfM9jak.004,dev,0.439252336448598
7GRC7XjGzX8.000,dev,0.7943925233644858
V7_h3URfSFY.001,dev,0.2616822429906542
bt-ev53zZWE.005,dev,0.3831775700934579
8narByy2B5g.003,dev,0.4018691588785046
P0ZzjnS8E24.001,dev,0.4953271028037382
lsVwEApsljU.001,dev,0.4205607476635514
3n-QaO3EvPQ.000,dev,0.4953271028037382
KHQJhOzdrYo.005,dev,0.4018691588785046
7P2F5Mk_Q1s.001,dev,0.2429906542056074
5LT-hTT4J7s.005,dev,0.514018691588785
jrhvXPaXo-0.002,dev,0.3457943925233644
CwFH8J7smjE.000,dev,0.5420560747663551
o6xswp0D8tc.000,dev,0.3644859813084112
7fOxteINSUg.002,dev,0.1869158878504672
sHVXhr7_EOs.004,dev,0.2897196261682243
ygUEI08LgcM.003,dev,0.3644859813084112
vqLtOsoNPnU.001,dev,0.5887850467289719
WuoQDp7pU24.000,dev,0.514018691588785
z1q3ktuRdII.005,dev,0.616822429906542
iOv0_RdVPCM.004,dev,0.6635514018691588
mY1ZTvNVkSA.000,dev,0.4859813084112149
Qqc1539E6rs.000,dev,0.5794392523364486
_65KGQpiabs.000,dev,0.2990654205607476
0iQIfGnKflc.004,dev,0.5514018691588785
bJktioZ5Yxk.001,dev,0.6355140186915886
-6otZ7M-Mro.005,dev,0.644859813084112
luH2RoZW-eY.002,dev,0.3925233644859813
cA3KzjBNr4M.004,dev,0.2616822429906542
cOossY5pTrU.005,dev,0.5887850467289719
gCLfduV3Phw.002,dev,0.4112149532710279
pEYFpmjwKC0.005,dev,0.5420560747663551
3gUpRQ22vUs.002,dev,0.5514018691588785
nndDX4RgU1w.005,dev,0.3457943925233644
pzG2VeUbefw.002,dev,0.6542056074766355
HrddpXxWFns.001,dev,0.514018691588785
I53JQFtiQxM.003,dev,0.5046728971962616
phjVMKGYBKs.003,dev,0.4299065420560747
OuE91U_n04E.003,dev,0.5981308411214953
GTmHSF6vNWc.000,dev,0.6635514018691588
XtI2ju2a8iM.003,dev,0.439252336448598
N5YT0FFd3-s.001,dev,0.5794392523364486
h7qbP1GS50U.000,dev,0.5233644859813084
QQzeQOoqO20.002,dev,0.3457943925233644
mrMp9EorOxE.000,dev,0.6355140186915886
_zI6qgTJOSA.003,dev,0.3925233644859813
_hR9AD-eIy8.002,dev,0.6728971962616823
P_wDFLJnW-o.003,dev,0.4018691588785046
PSFLaQYVg1I.000,dev,0.5700934579439252
mEQBB6XsJFk.000,dev,0.616822429906542
M56UFrEgXnI.000,dev,0.1869158878504672
fDBpO2TyB-Y.001,dev,0.5607476635514018
jpRnHWTLDUs.002,dev,0.5514018691588785
9UUtf0_ZR14.000,dev,0.6074766355140186
shtirfEzWFA.003,dev,0.4112149532710279
YryBLVZgJj0.004,dev,0.4672897196261681
bzaOB8BoWPU.001,dev,0.4299065420560747
mZ3vypXAfHg.001,dev,0.3831775700934579
2fzLibPAtvI.001,dev,0.5700934579439252
Q4z4GRUtccE.001,dev,0.3177570093457943
gCd5bIDNAbI.003,dev,0.7383177570093457
OwI3Q-qUqDw.003,dev,0.233644859813084
aaDlp62qn60.000,dev,0.3644859813084112
DrlC4bEYcmw.001,dev,0.6542056074766355
CFK8ib0aWe8.004,dev,0.7009345794392522
8eeZjC_bmtc.000,dev,0.3457943925233644
FM5UaJS-bhg.003,dev,0.6728971962616823
usG6pVxbQkw.005,dev,0.2149532710280373
feg-RNvT-t0.002,dev,0.439252336448598
VbiUhNAdzus.001,dev,0.3925233644859813
C5qRszPK9HY.002,dev,0.5887850467289719
12lqQE6oPNE.002,dev,0.5794392523364486
BlXViK_ltm8.001,dev,0.822429906542056
KYvMsMLNGvY.000,dev,0.439252336448598
bFwtVtZodIg.001,dev,0.5607476635514018
1sjXuXtx9-E.004,dev,0.616822429906542
TIRrlL71dEQ.003,dev,0.5327102803738317
2yUnXroXyeI.001,dev,0.4672897196261681
Zwu5Y5r3Lrs.004,dev,0.6074766355140186
d8skGb2ycio.005,dev,0.5514018691588785
ZvxUUh2wN7s.000,dev,0.7009345794392522
tiVKJWLzmk4.002,dev,0.6822429906542056
iJGHwoJKEpA.000,dev,0.2990654205607476
iz_eT0DXx3s.001,dev,0.1962616822429906
2PSGksTyrnI.002,dev,0.4299065420560747
8qG1sMihtPA.002,dev,0.5514018691588785
-6otZ7M-Mro.003,dev,0.6542056074766355
SIpQm4G4DDg.002,dev,0.4299065420560747
voB6O-ky9cA.005,dev,0.5233644859813084
aIwWcLojoh0.000,dev,0.3738317757009345
qpwcdPnPeFM.000,dev,0.4579439252336448
voB6O-ky9cA.000,dev,0.3738317757009345
y6LC5kAJmHw.001,dev,0.5794392523364486
ng42eoHytOA.004,dev,0.336448598130841
DSYiLCGNDP0.003,dev,0.4205607476635514
300gK3CnzW0.005,dev,0.3551401869158878
Lq4uvcHNiy8.005,dev,0.3271028037383177
bAxlTgobVHE.003,dev,0.4766355140186915
ZhPQrqxo2mw.001,dev,0.6074766355140186
AobPtpyKat8.003,dev,0.5607476635514018
4ZlcaXadwlo.002,dev,0.3738317757009345
vCV-5LypZCs.002,dev,0.7009345794392522
sDWJMBZ1mVA.000,dev,0.2523364485981308
xrxAyO8pKUo.004,dev,0.8785046728971962
mKWscEow1U8.004,dev,0.4953271028037382
iqs7mZbg5UI.003,dev,0.4299065420560747
Etfh8X-ECtY.005,dev,0.308411214953271
4vJ69g7gAH4.000,dev,0.5887850467289719
HwZlfygV2eU.004,dev,0.5514018691588785
mq9NNKmKYdk.002,dev,0.6074766355140186
2rV3Ibtdnvs.002,dev,0.6728971962616823
ZoHY-rWJsyw.002,dev,0.2710280373831775
7LHmNEH65Pk.001,dev,0.4766355140186915
nlIrqbcvqLk.004,dev,0.5607476635514018
HKSgsi7HWWI.000,dev,0.514018691588785
oJPdfhG4hT0.000,dev,0.4672897196261681
zyGz_H1UTnQ.004,dev,0.5420560747663551
sNs4yCA11wk.004,dev,0.6728971962616823
a-nUsP7oETI.004,dev,0.5981308411214953
5kwoq4EZixQ.002,dev,0.4953271028037382
Ahiq4zhmYco.003,dev,0.3738317757009345
o7J2fWIJndQ.001,dev,0.6074766355140186
aLAqJkRWKuk.003,dev,0.4299065420560747
bLOSPQ8MAC8.000,dev,0.4859813084112149
4XdZDodpzac.002,dev,0.5514018691588785
1uC-2TZqplE.001,dev,0.6355140186915886
PpK8b_LrAfQ.002,dev,0.5327102803738317
k4eeYoHtnnI.005,dev,0.514018691588785
0uCqd5hZcyI.001,dev,0.4859813084112149
cdtZKwM5NIM.003,dev,0.644859813084112
LHV4HNK35pM.002,dev,0.644859813084112
cY3nHc5fDYE.004,dev,0.5887850467289719
Bz3Jx4QL_6Q.002,dev,0.6074766355140186
L4uFD6434Pc.004,dev,0.5420560747663551
WATt9OOVZh8.005,dev,0.8317757009345793
4vJ69g7gAH4.005,dev,0.6074766355140186
ZRrduU1CXqU.000,dev,0.4953271028037382
o5eCmKiomvo.003,dev,0.3925233644859813
P2B2K7DvUC8.003,dev,0.4579439252336448
A6ZWTfKPLPE.000,dev,0.3925233644859813
1tPH6PNeOSk.000,dev,0.5700934579439252
_fJcW5234bY.003,dev,0.6074766355140186
xtDw9TlWiww.004,dev,0.6074766355140186
LvpUVPQKWcQ.004,dev,0.616822429906542
okSmKH2k5lE.003,dev,0.3644859813084112
3wRj39GKLJ0.004,dev,0.4299065420560747
lx6A8s_Ega8.005,dev,0.7476635514018691
zupxsNi2er8.000,dev,0.2710280373831775
XoyQKsK7OtA.001,dev,0.719626168224299
WD1WsbooU2w.000,dev,0.4579439252336448
QdafN9Y_j-Y.005,dev,0.4579439252336448
4KD3XCMsIBs.002,dev,0.4485981308411215
HT_8WpgGqjk.002,dev,0.5046728971962616
ej0RpdM9kJA.004,dev,0.4018691588785046
C2MEPH7x9m0.004,dev,0.5514018691588785
DVh_7dO2cWY.001,dev,0.7476635514018691
g0PWBzU95sI.002,dev,0.7009345794392522
blAjqQ0ja8Q.002,dev,0.5233644859813084
KYvbRwTCtaU.004,dev,0.514018691588785
ZGox7tevC6A.001,dev,0.4205607476635514
YdxS3f4HXaA.004,dev,0.2990654205607476
SNEoE1c-k64.001,dev,0.4672897196261681
2TXrDZgbDHE.002,dev,0.308411214953271
3wgZrRMosvY.000,dev,0.5981308411214953
1hpZ2ecWqtI.000,dev,0.4953271028037382
0u56Q_QmxIM.005,dev,0.6822429906542056
HrddpXxWFns.005,dev,0.6074766355140186
Zwu5Y5r3Lrs.000,dev,0.5700934579439252
z6E5hLYhaZk.005,dev,0.7289719626168224
outvbZgNX58.005,dev,0.7757009345794392
qoztP0w5-Vo.001,dev,0.5607476635514018
MCr6FmFAhak.003,dev,0.5887850467289719
vfqYI2QmfeU.003,dev,0.1869158878504672
RQdZHLGGR_E.002,dev,0.4205607476635514
3K16KyiAZHw.003,dev,0.4205607476635514
6tBnFWDqvJE.000,dev,0.4953271028037382
1CYzbX8AaP8.000,dev,0.3457943925233644
Bn5QwANp5LM.004,dev,0.4579439252336448
WUNXs4r_xCU.005,dev,0.5046728971962616
CuGuiOZ48Ig.003,dev,0.5327102803738317
jrhvXPaXo-0.005,dev,0.3457943925233644
EaBCJB8LXdI.003,dev,0.5420560747663551
BS0wgLXqFgc.000,dev,0.7757009345794392
N5nIQZMW_ig.004,dev,0.5514018691588785
shtirfEzWFA.005,dev,0.3457943925233644
CwmYqA1yi0Q.004,dev,0.5700934579439252
2x8GZaBY6TM.000,dev,0.308411214953271
LKBoLbWHJYI.001,dev,0.5794392523364486
SPD5fXHVyIk.000,dev,0.4112149532710279
gZzB49daFfA.000,dev,0.7102803738317757
EHPZNxP5mN8.003,dev,0.4485981308411215
8hW6WfYBP18.004,dev,0.5046728971962616
Ywfun1LIwOE.001,dev,0.6542056074766355
o7J2fWIJndQ.002,dev,0.6915887850467289
nLy7x9kXURM.001,dev,0.5887850467289719
Y-_JeJoCjUo.004,dev,0.7009345794392522
pkwzo1OkEmY.004,dev,0.4953271028037382
uRY3aJAaogw.000,dev,0.5514018691588785
6NjuNY4LfQc.001,dev,0.6635514018691588
1S0SxmfbOus.003,dev,0.5327102803738317
It0-yCwOc5k.005,dev,0.3457943925233644
PHUlL5ZzX5U.003,dev,0.0560747663551401
JEualxMkaE4.001,dev,0.5607476635514018
tomb22yfjTc.000,dev,0.3271028037383177
DfpKVl9Zpdg.002,dev,0.4485981308411215
9c66Lb7e1BQ.001,dev,0.6728971962616823
iGBVrJMr62U.004,dev,0.3925233644859813
-VTqcHNgH7M.005,dev,0.6635514018691588
lkdQjIunxSE.005,dev,0.7009345794392522
O7h-kf7hPIU.003,dev,0.5607476635514018
vHIBCKwJLEY.000,dev,0.5887850467289719
FNHMXPaHll0.000,dev,0.7757009345794392
C0uc-2KrnnQ.003,dev,0.4859813084112149
qLV1a_611kA.000,dev,0.8130841121495327
ZeGT9pSG734.005,dev,0.5700934579439252
uqd_cEJMJ4o.002,dev,0.4018691588785046
kdPRPO3wgg0.003,dev,0.7009345794392522
Jhz5ssCKaug.004,dev,0.514018691588785
clMg72MI8rw.001,dev,0.644859813084112
4lH5nLSwmoM.002,dev,0.4018691588785046
XQ3do4LDFv8.002,dev,0.3177570093457943
voXr6-ykd1w.001,dev,0.4672897196261681
keW8-eSiQ70.001,dev,0.5327102803738317
ukcUhZbkVBI.002,dev,0.2897196261682243
uDm7iZuX5DQ.001,dev,0.4112149532710279
Lt89YrQHF_w.001,dev,0.4112149532710279
NhyVkwcZbTA.000,dev,0.6728971962616823
S-e9-bW4seo.003,dev,0.5607476635514018
aFVFvJNnFt0.002,dev,0.4859813084112149
Zi7QHI_5ipU.002,dev,0.6074766355140186
twO6ceVTuII.004,dev,0.2710280373831775
bSeTNdOtK7I.003,dev,0.5794392523364486
aptKaxP81xA.003,dev,0.5887850467289719
8XBprf4NyOg.003,dev,0.2523364485981308
Sb1b8JMVhLs.001,dev,0.644859813084112
8n6G3V3-Tk8.001,dev,0.5046728971962616
io0aNQE8En8.004,dev,0.233644859813084
y-0p6fGXLD0.003,dev,0.4953271028037382
pPtzEnf5afw.004,dev,0.5794392523364486
4lIbWq27O84.004,dev,0.514018691588785
qzwUad9KICA.000,dev,0.4766355140186915
nUazOUcW_AM.002,dev,0.5514018691588785
A7qb47cmxJo.004,dev,0.4672897196261681
ibawV2tqKug.003,dev,0.308411214953271
y3_71Wpt9eA.001,dev,0.3738317757009345
d9ekvXz64Mc.001,dev,0.6635514018691588
RhFPotjd0hM.005,dev,0.4766355140186915
bcx6xr9Ja-8.002,dev,0.3925233644859813
AR3UwbmgKuQ.000,dev,0.3271028037383177
9QGTbcqb2tM.004,dev,0.3738317757009345
mKWscEow1U8.001,dev,0.439252336448598
iW1t-ZiG2rc.002,dev,0.6261682242990654
vNEs2yGe77s.005,dev,0.3551401869158878
JKDEEwxZwrw.000,dev,0.4859813084112149
X9AEEGzWSU8.004,dev,0.5327102803738317
TPRQyuiNYmI.003,dev,0.6261682242990654
5PsD_NFMWpQ.001,dev,0.4579439252336448
usG6pVxbQkw.004,dev,0.3177570093457943
CQR-eM3mTFU.000,dev,0.4485981308411215
-PF2TG2loGc.002,dev,0.5981308411214953
vAV6ovUKPDg.000,dev,0.5607476635514018
2WuhWF4fAOQ.000,dev,0.3738317757009345
2HE6cw3HFPk.004,dev,0.719626168224299
encC96iqr9Y.000,dev,0.5887850467289719
YocrYFLm4CM.005,dev,0.5887850467289719
US4PxgfKDeA.001,dev,0.3551401869158878
N7oR6_oMBFk.002,dev,0.5420560747663551
WZnLayQeIZ0.002,dev,0.5794392523364486
XhgDsQlEnuU.005,dev,0.6261682242990654
19pTUX8KfYM.004,dev,0.7476635514018691
KJP4SKS2vtY.005,dev,0.5046728971962616
PYL8BGJKu20.000,dev,0.4672897196261681
fBcc1UMtZME.000,dev,0.644859813084112
QKcx5msA7iA.001,dev,0.7570093457943924
okdZnQbLnf8.003,dev,0.4112149532710279
BStHNKV820Q.000,dev,0.5887850467289719
7u0o63Z7q9E.000,dev,0.7289719626168224
IMCEXoAkZv4.004,dev,0.7943925233644858
YGrCXe2-fVk.005,dev,0.3738317757009345
fsaslN7xV-w.003,dev,0.1869158878504672
cJs_LosR-u8.003,dev,0.5700934579439252
mfcs3Ta49K8.000,dev,0.5981308411214953
9z5cV1ANYwE.005,dev,0.4205607476635514
vhugKRUnd-c.003,dev,0.4112149532710279
1pMNczHCXPc.000,dev,0.3644859813084112
8e4nnel_x-M.004,dev,0.5046728971962616
wy1szFSVpEI.003,dev,0.4672897196261681
oVSMxtPpQ0M.004,dev,0.616822429906542
xYXVkQOmSfk.001,dev,0.514018691588785
VZ6jhnbk-5g.000,dev,0.850467289719626
Zwu5Y5r3Lrs.002,dev,0.439252336448598
8gvBbE6iZNo.004,dev,0.644859813084112
sqnW6xXYTKg.005,dev,0.4299065420560747
grhDDOLsBho.001,dev,0.336448598130841
ipP--IqIuWU.000,dev,0.514018691588785
5hFRSHAis2E.004,dev,0.7102803738317757
Se3Gts4u1vs.003,dev,0.6728971962616823
rD6NViDdyOU.000,dev,0.4859813084112149
K-Z_mLE8nlo.001,dev,0.616822429906542
DogbMnh5k0o.004,dev,0.5514018691588785
qP8YzH6LT9c.004,dev,0.5794392523364486
xVJDjbiIjTo.003,dev,0.5327102803738317
datcFOBWYxc.000,dev,0.5514018691588785
Y9wnqLKhNNI.002,dev,0.7383177570093457
fk_ggmC872E.004,dev,0.514018691588785
rMFJmA5dRFQ.001,dev,0.5700934579439252
FGkS4vJYOpM.000,dev,0.5514018691588785
AR3UwbmgKuQ.002,dev,0.3457943925233644
OSDlyk5ZgAk.003,dev,0.3457943925233644
IQdz0Pd-L2Y.002,dev,0.3177570093457943
jZDlFzVUZwY.004,dev,0.6542056074766355
ilOi-sQo9HI.003,dev,0.439252336448598
bYXRyimxh7A.005,dev,0.4205607476635514
y4Ej1YSEQf0.004,dev,0.7476635514018691
NDC375coN1o.000,dev,0.439252336448598
IFF47jVKMj8.001,dev,0.3925233644859813
qjU3GX3jgSY.000,dev,0.5514018691588785
N7oR6_oMBFk.001,dev,0.5887850467289719
-R2SZu3SYgM.002,dev,0.2242990654205607
aLvpOYqzErk.001,dev,0.5233644859813084
4ZlcaXadwlo.004,dev,0.4018691588785046
d4cPiUXpGbc.003,dev,0.5514018691588785
xqGyF2T3pso.003,dev,0.3644859813084112
kxlqIrk0WnY.000,dev,0.3644859813084112
NFAlff6GUpA.002,dev,0.5700934579439252
Egogv6acOd0.005,dev,0.3644859813084112
MvWDky9ZaWU.002,dev,0.6261682242990654
04oq2yrBwMg.003,dev,0.3177570093457943
rwinPicu_aw.003,dev,0.719626168224299
zH9pTx5_ZwY.001,dev,0.4672897196261681
t0AupkXkkZw.002,dev,0.5327102803738317
in-HuMgiDCE.000,dev,0.5327102803738317
2DZb5yIc6Fg.005,dev,0.0
SUI6WNryjqw.004,dev,0.6355140186915886
p9tAC-RqZPI.005,dev,0.439252336448598
OeGMd58Wgsk.001,dev,0.7757009345794392
eI_7SimPnnQ.004,dev,0.5981308411214953
MbunPsukPnQ.004,dev,0.514018691588785
heE4ZZXwehI.000,dev,0.4018691588785046
C8xZ0vhrrFE.004,dev,0.3831775700934579
RQeoo3idUJc.003,dev,0.5046728971962616
rLEfJzLcVdg.001,dev,0.439252336448598
P63CUj9KnSw.000,dev,0.336448598130841
qMARpi60Hhs.002,dev,0.4672897196261681
bDjqDn6susQ.002,dev,0.7102803738317757
YdxS3f4HXaA.002,dev,0.5327102803738317
mEQBB6XsJFk.004,dev,0.6355140186915886
S-e9-bW4seo.005,dev,0.6542056074766355
GcuoyJPO-KU.001,dev,0.616822429906542
IV01x2GS61g.005,dev,0.7289719626168224
JEhC58vobs4.000,dev,0.3831775700934579
mIQnQ8Nmj-c.003,dev,0.3925233644859813
MswJxdf-3Fc.003,dev,0.5887850467289719
x0mD5kr2hu4.000,dev,0.5981308411214953
noepjVnUVFY.002,dev,0.2523364485981308
US4PxgfKDeA.005,dev,0.2710280373831775
vOEQlAMABWM.002,dev,0.6915887850467289
9DKE8426js0.000,dev,0.7850467289719626
yyqXzlF8Fgc.003,dev,0.5887850467289719
2fzLibPAtvI.002,dev,0.5700934579439252
_QXI4n_FRN4.000,dev,0.4953271028037382
XQZ5M9oLkXw.000,dev,0.8130841121495327
xVJDjbiIjTo.000,dev,0.2429906542056074
D_FGBb-1B1o.000,dev,0.7476635514018691
zEyRyTnIw5I.004,dev,0.4672897196261681
mAjagYWuT7A.005,dev,0.5046728971962616
B-OJ_xZILLg.000,dev,0.439252336448598
HCkDd0UnUgo.005,dev,0.439252336448598
vHn6-GQAI_Y.002,dev,0.4299065420560747
P7poMmhYnM0.003,dev,0.4112149532710279
mLZw7Hf8AYI.001,dev,0.7102803738317757
YPnuq0tDDqk.001,dev,0.2616822429906542
3orJLMVqWYw.002,dev,0.439252336448598
fY4gU5NiV_I.001,dev,0.6728971962616823
-agCXYgb7pI.001,dev,0.5607476635514018
KJP4SKS2vtY.001,dev,0.5327102803738317
PTV5TBVRHxo.001,dev,0.6355140186915886
DSYiLCGNDP0.000,dev,0.4953271028037382
DChmTb-c9uM.000,dev,0.5233644859813084
PdE7qRRCz2c.000,dev,0.4672897196261681
b2Y41GrCrPs.005,dev,0.3831775700934579
Ay7bZ7Sgx9Q.000,dev,0.308411214953271
PooFvZH6fK0.002,dev,0.6635514018691588
GS7cBLgZKgk.005,dev,0.3177570093457943
78zauTEQ-k8.003,dev,0.5700934579439252
1mdMhaq5p4w.000,dev,0.4112149532710279
KB09jENVJ_0.003,dev,0.4112149532710279
HCkDd0UnUgo.001,dev,0.4112149532710279
APqMkruLkoE.001,dev,0.8317757009345793
UGsr6Vnqf7I.000,dev,0.5700934579439252
lK8qOASUwFE.005,dev,0.5327102803738317
z0v9LukQRHU.000,dev,0.4205607476635514
bej-DbxTkWA.001,dev,0.6074766355140186
TPRQyuiNYmI.000,dev,0.5887850467289719
FkzVX7SQ9wE.000,dev,0.6915887850467289
LRU4jLhKaak.004,dev,0.6261682242990654
cgT-3CHBmKs.001,dev,0.2523364485981308
yVSfQZGt1co.002,dev,0.514018691588785
1pm5uoU85FI.004,dev,0.3831775700934579
Z6Yb7xE4Jb4.001,dev,0.4766355140186915
YP7N98ECZaI.000,dev,0.5327102803738317
J9WyswA0vow.004,dev,0.616822429906542
Po4UGCJbCbw.003,dev,0.5046728971962616
datcFOBWYxc.004,dev,0.5233644859813084
zRevZ94Rxjc.003,dev,0.5794392523364486
rag7X1kTyBc.000,dev,0.4018691588785046
si_gZCrLa4A.003,dev,0.233644859813084
huIQlWsIEvY.001,dev,0.3271028037383177
4lH5nLSwmoM.004,dev,0.5233644859813084
JTmq4k4uQCY.004,dev,0.4672897196261681
ga_XczsO4eY.002,dev,0.4766355140186915
Yj36y7ELRZE.003,dev,0.3925233644859813
nmZRXxKPPuQ.000,dev,0.5981308411214953
Zcw2LevK-EY.004,dev,0.2242990654205607
XuXhY_SCkNI.005,dev,0.6355140186915886
WFY3xwXQ0Zw.003,dev,0.719626168224299
0mym1CooiTE.005,dev,0.5887850467289719
lyZZSU1ziCQ.000,dev,0.4953271028037382
ZaihsIQZCx8.000,dev,0.3551401869158878
BZ3FEf_KKso.002,dev,0.308411214953271
LKqO2BhfAvM.003,dev,0.5887850467289719
WD1WsbooU2w.003,dev,0.4672897196261681
VnUkBYQkJms.001,dev,0.5327102803738317
mQpNe8f5xA8.001,dev,0.4859813084112149
Ui1ajQU5Ib8.002,dev,0.4485981308411215
LGgx7RVdL2Y.001,dev,0.1775700934579439
AvuGsnkWjt8.003,dev,0.514018691588785
ZqbJIM7rmO8.004,dev,0.644859813084112
VQMizni7nY0.005,dev,0.439252336448598
OTeEvhxpoYE.004,dev,0.4205607476635514
K9ZTOb6PbfQ.002,dev,0.6355140186915886
4fN-DKUzgWQ.000,dev,0.7943925233644858
JU_XfoyZIVM.000,dev,0.5981308411214953
lErjGxBb1Bk.005,dev,0.4766355140186915
xLfLuyIQOJE.000,dev,0.514018691588785
8OckVmEZ8X8.001,dev,0.5887850467289719
DCROfrHI1MU.004,dev,0.5046728971962616
UWVOT3YPQH4.000,dev,0.5981308411214953
5Eez38v8TuU.002,dev,0.4299065420560747
YPMffqhP0C8.003,dev,0.3177570093457943
RW4a2ERzTO8.002,dev,0.719626168224299
8hH_eJ8qv_M.000,dev,0.5887850467289719
PHmkN1cPl10.001,dev,0.5607476635514018
UGp1GNK0GWg.002,dev,0.3457943925233644
HekcZ0Em60E.003,dev,0.4672897196261681
heE4ZZXwehI.004,dev,0.4579439252336448
sx57p5HyekI.001,dev,0.4672897196261681
2KSBoJZMcMU.000,dev,0.4672897196261681
dOFnHXRLEdM.002,dev,0.6261682242990654
iQvoDdxt06M.004,dev,0.5607476635514018
GO6s-qDADuU.005,dev,0.5046728971962616
j-F-t4BS0yM.002,dev,0.6542056074766355
XvV4YdhpC2w.003,dev,0.5514018691588785
Z5S5uGXkNuc.000,dev,0.6915887850467289
Rwsss8y1bf0.003,dev,0.2990654205607476
rV6Vdn-JrTA.004,dev,0.5233644859813084
fczufbliJfQ.000,dev,0.6355140186915886
kK4QL7pOrhs.005,dev,0.616822429906542
8voP9HTSffg.000,dev,0.1401869158878504
j7VLzb0qw8Q.003,dev,0.5233644859813084
AlEqtGWa43g.003,dev,0.5794392523364486
YqgiL3iN2ak.000,dev,0.4672897196261681
geji1U2YAvg.003,dev,0.2803738317757009
QV4TV3aHxfE.004,dev,0.5420560747663551
o2wtRccAgjE.000,dev,0.4485981308411215
Kpto8K_B-5A.001,dev,0.5700934579439252
1sjXuXtx9-E.001,dev,0.5327102803738317
TPRQyuiNYmI.004,dev,0.6915887850467289
qAisk1lgv2I.001,dev,0.308411214953271
Hm5K_K0v718.005,dev,0.6355140186915886
_g3M_MoFIvA.000,dev,0.514018691588785
opEoJBrcmbI.000,dev,0.3831775700934579
xmD4FKMq2rk.003,dev,0.5514018691588785
fiVORaERbP0.003,dev,0.439252336448598
mxLRr3YqgMU.005,dev,0.4018691588785046
-DOqN0d8KHw.000,dev,0.6542056074766355
m5kTITzj1bY.000,dev,0.5420560747663551
_fFmEyvWgfA.001,dev,0.6635514018691588
Xauhek9-iKA.000,dev,0.6355140186915886
4nir0YtjHVs.003,dev,0.6355140186915886
XbsA_lCKQLs.000,dev,0.7009345794392522
J6RHl6U6Jcw.001,dev,0.5887850467289719
YygvfVxOWP8.001,dev,0.5887850467289719
3lV-sr3NOUo.005,dev,0.4579439252336448
Pb7aNc6Kd40.004,dev,0.6635514018691588
VvVigAr4hZc.001,dev,0.616822429906542
jwcSbw4NDn0.000,dev,0.5887850467289719
bN2IM-rqZlc.005,dev,0.2897196261682243
mpk5Ubw2fj8.001,dev,0.4859813084112149
8nt2PL_p-Io.001,dev,0.822429906542056
_kK9tGN883Y.001,dev,0.2616822429906542
z-CV743owek.004,dev,0.336448598130841
L5kpy0SA7os.002,dev,0.4018691588785046
7Y3S4nfQHeo.004,dev,0.4018691588785046
9mM_0vrO3wc.000,dev,0.5420560747663551
qP8YzH6LT9c.000,dev,0.6728971962616823
Bmn4YEhgBDY.000,dev,0.5327102803738317
o1mTIo1vPas.003,dev,0.4112149532710279
HbGeoKBULAA.000,dev,0.7009345794392522
p1ORMiJ0fPU.000,dev,0.6915887850467289
uEBTnI1zqhs.001,dev,0.1869158878504672
2UxhlaDEPmI.000,dev,0.1869158878504672
nCWEEoJfjgE.001,dev,0.3738317757009345
GntxKkVigvE.001,dev,0.3831775700934579
V1TjmLtgNm0.003,dev,0.5607476635514018
RGuHfwIRKpA.002,dev,0.616822429906542
PpJ4S8ZM8mQ.003,dev,0.514018691588785
9pGJyf1MXLY.003,dev,0.4859813084112149
mAjagYWuT7A.003,dev,0.5046728971962616
jKHaHWuaU14.000,dev,0.2523364485981308
aenedH_X3Us.000,dev,0.2710280373831775
8hH_eJ8qv_M.002,dev,0.8598130841121494
OcS4H_dFeOc.004,dev,0.3551401869158878
HH03EXo0TB0.003,dev,0.3271028037383177
6l0RBbxg4fk.001,dev,0.7570093457943924
OXkDmd3nA94.001,dev,0.2242990654205607
FlAGm93fJa0.001,dev,0.5794392523364486
Bz3Jx4QL_6Q.005,dev,0.6728971962616823
_mvqVnzddCw.001,dev,0.7476635514018691
CLGJCzz6tIU.002,dev,0.5700934579439252
R-vly7LKotQ.000,dev,0.6542056074766355
g9zgIN56MnQ.003,dev,0.514018691588785
nZz1hK90gwA.001,dev,0.2990654205607476
uDm7iZuX5DQ.003,dev,0.3644859813084112
mxLRr3YqgMU.002,dev,0.5514018691588785
bBqZyG-9ksM.004,dev,0.5887850467289719
Z6vQQvro86Y.000,dev,0.4205607476635514
cgGCyBMdGrA.004,dev,0.3738317757009345
WER4ww680QQ.000,dev,0.4485981308411215
Zdz0TqboSNI.002,dev,0.5887850467289719
6waL_gUxtAM.002,dev,0.616822429906542
1m67onLoRwY.001,dev,0.3457943925233644
U-XrzfFzMkg.000,dev,0.6261682242990654
nZC82V87Pm0.001,dev,0.439252336448598
Z3FdUfZLHyw.003,dev,0.4579439252336448
2T3oK1Gse2g.005,dev,0.5981308411214953
F5kL7RWS_f0.001,dev,0.5420560747663551
TK6hBCARiHI.001,dev,0.4672897196261681
93XyRBd_HqU.003,dev,0.7289719626168224
SRjhmQTPOmA.003,dev,0.439252336448598
adBtc3XrSsg.003,dev,0.3457943925233644
4yogPbHFQ9o.000,dev,0.4299065420560747
4OKYywIqnqg.004,dev,0.3831775700934579
f7togdqxEoo.002,dev,0.1869158878504672
CV930dFsubs.004,dev,0.3551401869158878
jKHaHWuaU14.005,dev,0.3457943925233644
C2MEPH7x9m0.000,dev,0.5700934579439252
modNfUPt3F4.002,dev,0.616822429906542
Z_STuUHKQTg.000,dev,0.6542056074766355
PsqpkFKX8co.000,dev,0.7663551401869158
FNHMXPaHll0.002,dev,0.6728971962616823
iqs7mZbg5UI.002,dev,0.4953271028037382
8OckVmEZ8X8.005,dev,0.5233644859813084
qoztP0w5-Vo.003,dev,0.4766355140186915
qMARpi60Hhs.005,dev,0.4579439252336448
O3_j0d7mq7k.003,dev,0.5700934579439252
jpRnHWTLDUs.001,dev,0.5327102803738317
uE2U_Y7QrIw.004,dev,0.336448598130841
QiPb8vlGDFo.005,dev,0.3644859813084112
XvV4YdhpC2w.005,dev,0.5514018691588785
jd9_8OPxM3A.002,dev,0.6915887850467289
ahqyOhg6D7c.001,dev,0.4859813084112149
lK1HFH7j93c.002,dev,0.5514018691588785
5CRqN54uejE.003,dev,0.644859813084112
pHCPbKprJGY.004,dev,0.4859813084112149
8s0R8r6UsU0.001,dev,0.5420560747663551
TyE0bVJZZto.001,dev,0.3831775700934579
7WixH0aSfqI.004,dev,0.6542056074766355
m04e9ylCoK0.004,dev,0.2990654205607476
d9_YDJdF-7I.004,dev,0.719626168224299
MI_GQLbnoew.005,dev,0.5607476635514018
cQRFb-xa4Vc.000,dev,0.5700934579439252
vUo6wnBOBpo.003,dev,0.5887850467289719
1ajEXdEsJ-k.002,dev,0.3925233644859813
hqe-8SMJGmc.002,dev,0.5514018691588785
CESTtNvDpww.001,dev,0.7850467289719626
vIW7gDmhYMk.002,dev,0.4672897196261681
_ZAqTHlu2ts.002,dev,0.2990654205607476
3Q3SB1dVAng.004,dev,0.4299065420560747
19pTUX8KfYM.005,dev,0.7570093457943924
tcmYlyeqwuI.002,dev,0.4018691588785046
rTG9gtci67c.000,dev,0.5046728971962616
XPV4pavXh94.000,dev,0.616822429906542
vCY4uvfrWXA.001,dev,0.6261682242990654
6oL9yyc9iJc.005,dev,0.5327102803738317
7PYAn9njCHI.003,dev,0.4485981308411215
s1DOqsQoN5s.000,dev,0.2616822429906542
omeHsKF7InA.002,dev,0.2990654205607476
VmXZ2jMWuvk.002,dev,0.336448598130841
s1DOqsQoN5s.005,dev,0.336448598130841
PXJfSp2WvVY.001,dev,0.719626168224299
OcS4H_dFeOc.000,dev,0.4112149532710279
FkzVX7SQ9wE.003,dev,0.6822429906542056
MRquWhqw4Jw.001,dev,0.5887850467289719
9SGTRbePKLI.000,dev,0.3925233644859813
tZiRqu8joX8.004,dev,0.8130841121495327
CFK8ib0aWe8.005,dev,0.4205607476635514
okSmKH2k5lE.000,dev,0.2523364485981308
-RhPxhfpg4U.004,dev,0.5794392523364486
BCNZ_j_kMB4.003,dev,0.5700934579439252
0G9vplL8ae8.004,dev,0.3551401869158878
fY4tctYZTz8.000,dev,0.2803738317757009
PsqpkFKX8co.004,dev,0.7476635514018691
2yUnXroXyeI.000,dev,0.5700934579439252
P5HWmGQ1sbw.005,dev,0.6822429906542056
8pM3X-xsD4s.002,dev,0.5794392523364486
IMCEXoAkZv4.003,dev,0.7850467289719626
kK534gUcRF4.003,dev,0.8598130841121494
UMMhvyjgRnM.005,dev,0.5420560747663551
Lu9UNCSpQZM.001,dev,0.4953271028037382
jdli4DDP7XM.000,dev,0.8691588785046729
LKvxVEI8uVA.000,dev,0.5327102803738317
mIQnQ8Nmj-c.000,dev,0.4859813084112149
Ft0ahViXZPc.005,dev,0.514018691588785
YSqiT8g7SYM.002,dev,0.5327102803738317
7ZnijRlK5-E.001,dev,0.4205607476635514
XB81sertsYU.004,dev,0.5327102803738317
WT1YjeADatU.004,dev,0.5420560747663551
y--uBBy7ebM.001,dev,0.5794392523364486
y-0p6fGXLD0.001,dev,0.4579439252336448
KIhpjwf5uAA.004,dev,0.6355140186915886
DjfLWIZq3bo.002,dev,0.2056074766355139
aLvpOYqzErk.002,dev,0.4299065420560747
VbiUhNAdzus.004,dev,0.4018691588785046
AP0aklGHino.002,dev,0.2242990654205607
YHpEi96AY9w.005,dev,0.4579439252336448
dLltwqkvsNg.004,dev,0.616822429906542
NFAlff6GUpA.001,dev,0.5046728971962616
yp-tfq1NxBk.005,dev,0.5981308411214953
r1v6EmZv7-o.000,dev,0.5794392523364486
siEnTktB4lQ.005,dev,0.3738317757009345
04oq2yrBwMg.005,dev,0.4766355140186915
7tlMys6MZ34.002,dev,0.6542056074766355
CHkKv9TXm0g.002,dev,0.3925233644859813
rjS0PIwS47M.003,dev,0.4205607476635514
04oq2yrBwMg.000,dev,0.1962616822429906
QXFRE_pjrAE.004,dev,0.5514018691588785
2-LDYe7OXZU.004,dev,0.6542056074766355
LGdzP-r_G3U.003,dev,0.5514018691588785
LRczShwIVbM.002,dev,0.4766355140186915
jpPZVmzleAo.005,dev,0.4579439252336448
ins5QQc2dR0.000,dev,0.2523364485981308
mfGhtr0zy3k.005,dev,0.4953271028037382
fSDA4eEyGHk.001,dev,0.5046728971962616
mKsGK9nCTxw.004,dev,0.616822429906542
y4w-PiVPfjI.001,dev,0.5327102803738317
0zJcYnsh55g.002,dev,0.514018691588785
DvWzedL3QCk.002,dev,0.644859813084112
JzXnxQDnwWE.005,dev,0.5700934579439252
qkmEt0ofGq8.001,dev,0.5233644859813084
hquzfo9MVDo.004,dev,0.3551401869158878
IV01x2GS61g.002,dev,0.644859813084112
_TbRQa4InvM.004,dev,0.5327102803738317
MrYEK0nvnAo.005,dev,0.514018691588785
-RqxrwIxMvE.002,dev,0.5607476635514018
4sCa35TOxgs.003,dev,0.2803738317757009
jVGTEDAYWZ8.002,dev,0.6822429906542056
0u56Q_QmxIM.003,dev,0.5981308411214953
cJs_LosR-u8.005,dev,0.5981308411214953
wuhoIm_jPc0.000,dev,0.439252336448598
OhHg1lyxe4I.005,dev,0.2056074766355139
Oe7ItP7gS4w.003,dev,0.5046728971962616
RZgTERiRDjA.000,dev,0.644859813084112
gggp205gPMI.000,dev,0.5607476635514018
P9WDAY-MFzk.005,dev,0.5981308411214953
2WuhWF4fAOQ.005,dev,0.439252336448598
FGkS4vJYOpM.003,dev,0.4112149532710279
lLObIVKYDUI.001,dev,0.233644859813084
MnARi5OWW9Q.003,dev,0.3177570093457943
rCxlfusNJlY.004,dev,0.5420560747663551
vLAHfIjmRMc.004,dev,0.5607476635514018
XNWN7ScxVIA.000,dev,0.719626168224299
_IQX3zjINy4.003,dev,0.2523364485981308
onbyz01BC_Y.002,dev,0.4579439252336448
H523MhINmbA.000,dev,0.2803738317757009
7nJPNkWZDOY.004,dev,0.6074766355140186
fBMKlYUjA9E.005,dev,0.7009345794392522
4lj66h4CXI8.001,dev,0.6635514018691588
nBjBfN9SbpM.000,dev,0.2242990654205607
ygUEI08LgcM.000,dev,0.3738317757009345
7A7gav98tW4.000,dev,0.2616822429906542
8RVJqjILSD0.002,dev,0.336448598130841
Gdv79afXNKE.004,dev,0.8598130841121494
OLFhKCgexRU.003,dev,0.5981308411214953
N0s2M3bJkUk.004,dev,0.6355140186915886
TJJJfJfj46M.003,dev,0.4205607476635514
1XqMZQu_pP4.003,dev,0.4672897196261681
OSDlyk5ZgAk.000,dev,0.2803738317757009
FTk2SCmJI_w.005,dev,0.4859813084112149
9n8dNi-ERQ0.000,dev,0.6355140186915886
ibawV2tqKug.002,dev,0.4859813084112149
wBCSJVBr4ZE.002,dev,0.6728971962616823
O7ke1Wjb1ZM.000,dev,0.3831775700934579
TSGpD2NBeCQ.003,dev,0.4299065420560747
ED70UxZkohc.004,dev,0.308411214953271
siEnTktB4lQ.003,dev,0.4766355140186915
cA3KzjBNr4M.001,dev,0.2990654205607476
9QGTbcqb2tM.005,dev,0.4299065420560747
d4cPiUXpGbc.004,dev,0.5327102803738317
qAisk1lgv2I.002,dev,0.4766355140186915
8qG1sMihtPA.001,dev,0.514018691588785
aLAqJkRWKuk.001,dev,0.439252336448598
rJgbslC72gw.002,dev,0.3925233644859813
YygvfVxOWP8.004,dev,0.5514018691588785
m6JOFpKvkE0.005,dev,0.4672897196261681
_hR9AD-eIy8.001,dev,0.6542056074766355
ZNymNgd5EuQ.005,dev,0.6728971962616823
81f9t2HMNas.000,dev,0.2616822429906542
Rwsss8y1bf0.005,dev,0.4485981308411215
nKx64KH7Xks.000,dev,0.5981308411214953
e6YTvjDXEl0.000,dev,0.5794392523364486
Jcw9NZkMn6I.002,dev,0.4112149532710279
w989xx44UQI.005,dev,0.7102803738317757
z-CV743owek.002,dev,0.4859813084112149
lsXw8u4QXIU.005,dev,0.5607476635514018
YZp79VcnY0w.005,dev,0.5887850467289719
B2riMsP8LD8.002,dev,0.6635514018691588
kV7MFI2_ddo.001,dev,0.4018691588785046
rGNeR3p1jKU.004,dev,0.4672897196261681
3lV-sr3NOUo.000,dev,0.4018691588785046
rrdSLfnU2pg.004,dev,0.5046728971962616
cNXnowQb7rs.001,dev,0.4953271028037382
9RfE2-aTvaM.005,dev,0.2990654205607476
QKcx5msA7iA.002,dev,0.7289719626168224
_QXI4n_FRN4.003,dev,0.3925233644859813
5kaqMZ7SB9w.004,dev,0.5607476635514018
slE2PWIwzus.005,dev,0.5887850467289719
fUIWjaZCYwM.002,dev,0.2149532710280373
3WoXkI06zGk.004,dev,0.2616822429906542
K9h_wA30XgM.000,dev,0.336448598130841
tASMzbFSxsQ.004,dev,0.6822429906542056
_ztmNiy8D3c.002,dev,0.2616822429906542
2HU92Hfx8Lo.000,dev,0.6635514018691588
cpzY1b6wJqs.000,dev,0.3177570093457943
8AnIttmflwI.000,dev,0.5607476635514018
CpmR-91GxmY.003,dev,0.7476635514018691
QiR6yJbFCfM.003,dev,0.5046728971962616
f7E26XfU8rw.001,dev,0.2710280373831775
fUf2XzWpSVo.004,dev,0.5700934579439252
OIRq4d8IyKc.001,dev,0.4859813084112149
HX-3jJdK7HM.005,dev,0.6355140186915886
d_POf1pikX0.004,dev,0.3551401869158878
xEmwNv4OxGE.000,dev,0.616822429906542
2hhqEWiv4eI.003,dev,0.2523364485981308
SR1Q5M2urxY.005,dev,0.4953271028037382
Jf8lqSpAjZ8.003,dev,0.3644859813084112
F0VbEO_0Ybc.004,dev,0.6635514018691588
vOEQlAMABWM.005,dev,0.7476635514018691
8OckVmEZ8X8.002,dev,0.2523364485981308
simc6hmrUOE.003,dev,0.4112149532710279
k4eeYoHtnnI.002,dev,0.5981308411214953
Cvuu76B-bxA.004,dev,0.4766355140186915
xsLvl2qGrxU.004,dev,0.6822429906542056
vUo6wnBOBpo.000,dev,0.6261682242990654
qmiBcHJpKR0.004,dev,0.5607476635514018
PHmkN1cPl10.002,dev,0.439252336448598
qLV1a_611kA.005,dev,0.5794392523364486
V9roK_mLM-w.001,dev,0.7570093457943924
aPTNxA43WHY.001,dev,0.7663551401869158
I01_ubtktEQ.000,dev,0.4205607476635514
zyGz_H1UTnQ.005,dev,0.4299065420560747
XvV4YdhpC2w.000,dev,0.5514018691588785
6wHQsN5g2RM.005,dev,0.3644859813084112
fKrX-KXgXYM.001,dev,0.3457943925233644
a_HpQgY5vb4.000,dev,0.616822429906542
ciWUq6iQTIE.001,dev,0.439252336448598
Qz_cjgCtDcM.000,dev,0.5981308411214953
VmXZ2jMWuvk.000,dev,0.2803738317757009
YdxS3f4HXaA.003,dev,0.4018691588785046
jd9_8OPxM3A.004,dev,0.4018691588785046
zFVjcb45pjI.004,dev,0.2710280373831775
X1kqn3XDFRw.000,dev,0.3644859813084112
AFQz-qy0FkY.005,dev,0.6915887850467289
qJ6_xSx9kCM.004,dev,0.439252336448598
9XqeGs2MMic.001,dev,0.2803738317757009
pzfDth6nFQE.002,dev,0.2523364485981308
fkDqn2muw-A.004,dev,0.7009345794392522
8AnIttmflwI.004,dev,0.6635514018691588
MsGTYOOp4hE.001,dev,0.5887850467289719
Qzu9b49qvKo.000,dev,0.336448598130841
TkCDs7NlXyU.002,dev,0.7476635514018691
_uNup91ZYw0.000,dev,0.6822429906542056
75XbCb7G8kw.005,dev,0.616822429906542
JBiq9X_-r84.003,dev,0.3551401869158878
kxJVM1-pYxc.005,dev,0.5981308411214953
I53JQFtiQxM.001,dev,0.439252336448598
spodWGLGBiw.001,dev,0.2616822429906542
LtTR6elruhU.000,dev,0.4766355140186915
OmXuhT4yJpo.003,dev,0.7570093457943924
m2uxFfpb5xU.000,dev,0.514018691588785
P2B2K7DvUC8.004,dev,0.4299065420560747
PK0EPT3k4RM.003,dev,0.5700934579439252
sHafPWyXs6k.002,dev,0.4953271028037382
zDRQAU7MtjA.002,dev,0.3551401869158878
7IegDaeNlik.001,dev,0.5046728971962616
Z3E1jkaNRKs.005,dev,0.5233644859813084
YygvfVxOWP8.002,dev,0.7102803738317757
squHxV3QXlQ.005,dev,0.439252336448598
YbxdeEd7wq4.000,dev,0.7476635514018691
n0acEDmc0mA.004,dev,0.6822429906542056
o7rFDFvW300.000,dev,0.2990654205607476
euRnmvd_dus.000,dev,0.6261682242990654
z3DO3tdrsnQ.004,dev,0.644859813084112
1hpZ2ecWqtI.001,dev,0.5327102803738317
5wpoKhbt28c.002,dev,0.5233644859813084
hqe-8SMJGmc.004,dev,0.7289719626168224
M0O87_LiyMw.003,dev,0.5046728971962616
QqTw0lnrtBo.005,dev,0.4112149532710279
e3Y7na4SBh4.003,dev,0.7383177570093457
o2wtRccAgjE.005,dev,0.4112149532710279
MZkDsB04kt8.005,dev,0.5700934579439252
Ay7bZ7Sgx9Q.005,dev,0.4299065420560747
1W7XLdNpEgc.002,dev,0.5700934579439252
MOobNUpfWiY.003,dev,0.233644859813084
r93dLeVRk3U.001,dev,0.4859813084112149
CDTo7WVyf5s.003,dev,0.5794392523364486
1dOaM7zWPo8.002,dev,0.5420560747663551
c70zW-HoZUA.001,dev,0.4953271028037382
T1--98_78ns.000,dev,0.3177570093457943
1pm5uoU85FI.002,dev,0.4672897196261681
odRqijkG28U.002,dev,0.6822429906542056
c5ZnKbaNCE8.001,dev,0.308411214953271
wDvZdcb00Bg.000,dev,0.5046728971962616
VqKQeFMo0pI.001,dev,0.439252336448598
W7BbL3NZvrU.003,dev,0.5327102803738317
MLCIfM5jYlI.005,dev,0.5700934579439252
AwNVGShHjvw.003,dev,0.2523364485981308
AuaQ0rtedRk.000,dev,0.4579439252336448
HH14jGFGuL0.001,dev,0.4672897196261681
3ccY8jYkI5o.001,dev,0.8037383177570093
3GylAjrajHs.005,dev,0.0747663551401869
NpiglwrZzsA.000,dev,0.4859813084112149
CyzKot0CNyU.002,dev,0.4299065420560747
L5PkZA1ErYY.000,dev,0.3925233644859813
i3s5XtbhSrE.004,dev,0.7383177570093457
UQeuBvZNusI.005,dev,0.2710280373831775
3K16KyiAZHw.000,dev,0.4205607476635514
dB-kMg4t-V8.000,dev,0.4579439252336448
mpXOSY5dW7c.003,dev,0.6355140186915886
Af_F0IzHK6o.005,dev,0.4953271028037382
84Lz5a9yRZg.000,dev,0.7102803738317757
zMXIf66PPhU.000,dev,0.3551401869158878
YuoLr4xDvbE.001,dev,0.6728971962616823
WuoQDp7pU24.004,dev,0.5700934579439252
tYpxPqwle5k.004,dev,0.3551401869158878
vxuBHsokOX4.001,dev,0.2616822429906542
gCQT7zfS7sI.005,dev,0.439252336448598
9uMpKla2OQM.003,dev,0.3738317757009345
a84s1DYag-I.000,dev,0.4579439252336448
kPXVZD3ac8s.000,dev,0.5887850467289719
yIe7Rp54-bU.005,dev,0.644859813084112
HQZD4j8_FR8.004,dev,0.4579439252336448
fwJykIyvS04.005,dev,0.4953271028037382
w7O2QJu2Wl4.000,dev,0.616822429906542
gCLfduV3Phw.001,dev,0.3925233644859813
OSDlyk5ZgAk.002,dev,0.3551401869158878
2d6btbaNdfo.005,dev,0.5233644859813084
jq1dLOVUQJA.003,dev,0.5700934579439252
lLWOcztaIBI.005,dev,0.644859813084112
o2wtRccAgjE.001,dev,0.4205607476635514
XH4rem3vS9w.003,dev,0.4112149532710279
WZnLayQeIZ0.003,dev,0.5514018691588785
p-OcwNFQB0U.000,dev,0.3925233644859813
dvMeqVbpKW8.000,dev,0.7383177570093457
j5fXaXrNPoA.003,dev,0.5046728971962616
8lg8A_zFOmg.004,dev,0.0934579439252336
FTk2SCmJI_w.000,dev,0.5607476635514018
xrxAyO8pKUo.001,dev,0.6542056074766355
slE2PWIwzus.003,dev,0.6915887850467289
2oEUp9sGRGk.003,dev,0.7289719626168224
05l5bteT_qA.004,dev,0.4205607476635514
A1lbD_OCuj4.002,dev,0.5233644859813084
HhC2cGFFZeY.002,dev,0.3738317757009345
0axZSeaUbfs.003,dev,0.2897196261682243
4b-LkHBGWp4.005,dev,0.6822429906542056
5TYuLy7JLj4.003,dev,0.4299065420560747
2d6btbaNdfo.003,dev,0.5607476635514018
tEQEKN07KgQ.002,dev,0.4859813084112149
kY_4WyAXxrQ.005,dev,0.4299065420560747
vLAHfIjmRMc.003,dev,0.5700934579439252
MCqC9VBT4q4.001,dev,0.4766355140186915
ivpw58MIRtQ.004,dev,0.719626168224299
p_mu11crx-s.002,dev,0.308411214953271
TTx4lC7LLcI.002,dev,0.4579439252336448
jmuVZ3HBiWA.005,dev,0.6635514018691588
9rF3BEXetOo.003,dev,0.4859813084112149
KYkfjIZEScM.004,dev,0.4579439252336448
noepjVnUVFY.004,dev,0.3738317757009345
Q8Hfg0odW2k.000,dev,0.5887850467289719
8Z6PrQdqffA.003,dev,0.4579439252336448
eqXrUXW4yHY.000,dev,0.644859813084112
fEC3lEDxRnc.003,dev,0.5046728971962616
do8FmnQbI5I.005,dev,0.5607476635514018
_GFregyrwfo.000,dev,0.6822429906542056
lErjGxBb1Bk.000,dev,0.644859813084112
yEY_2BYZhnQ.003,dev,0.5700934579439252
Kbcvurfuvhk.003,dev,0.3551401869158878
pZxqWp0e-Ik.002,dev,0.5046728971962616
EelHLfeSJfM.005,dev,0.3738317757009345
gCQT7zfS7sI.000,dev,0.4205607476635514
s6gN_358tk4.002,dev,0.439252336448598
XRoSKIIFp9c.000,dev,0.3831775700934579
T3v3-2tvV0s.002,dev,0.3831775700934579
obr7ktzX8w8.005,dev,0.2897196261682243
MDoZUDTSayc.002,dev,0.6822429906542056
aptKaxP81xA.001,dev,0.5887850467289719
qMARpi60Hhs.003,dev,0.3271028037383177
foj4bqLSmF8.000,dev,0.3457943925233644
TjdXLXsOnkw.001,dev,0.6261682242990654
s-jZlMKQGwc.005,dev,0.514018691588785
Gs-AdRcYSPo.003,dev,0.7476635514018691
p7-JUvStF4w.001,dev,0.4299065420560747
4fN-DKUzgWQ.002,dev,0.5607476635514018
TSGpD2NBeCQ.000,dev,0.4579439252336448
SFxiMxHvJuo.002,dev,0.439252336448598
b2Y41GrCrPs.004,dev,0.5327102803738317
UCKiPkp4ZkA.002,dev,0.514018691588785
hspeWl-Bip0.000,dev,0.719626168224299
KfurkMyjD-c.000,dev,0.5887850467289719
jd9_8OPxM3A.001,dev,0.5794392523364486
keW8-eSiQ70.002,dev,0.3738317757009345
sSR1a5XW7n4.005,dev,0.3551401869158878
alucqviYJFE.000,dev,0.5514018691588785
xHb5_bc1JOA.005,dev,0.4112149532710279
oGa05H9UXxU.000,dev,0.1962616822429906
c5ZnKbaNCE8.002,dev,0.2616822429906542
w7wPDiQkiA4.000,dev,0.5327102803738317
3tPq9fNOXZQ.004,dev,0.5514018691588785
-agCXYgb7pI.000,dev,0.6074766355140186
NOrjfF0-pQ4.000,dev,0.5700934579439252
itQ2wSlXqCw.002,dev,0.7476635514018691
kKRc2aXzQyM.003,dev,0.514018691588785
hqe-8SMJGmc.000,dev,0.5700934579439252
LRU4jLhKaak.001,dev,0.7943925233644858
EjhDyc8Oc6k.005,dev,0.4953271028037382
x0mD5kr2hu4.001,dev,0.5981308411214953
evrzg3Pzyc0.004,dev,0.3551401869158878
SBPcIiyUHhE.000,dev,0.5514018691588785
PQBGDxYGaXU.000,dev,0.6074766355140186
9ydyJKZBWiA.004,dev,0.4859813084112149
XbsA_lCKQLs.005,dev,0.5887850467289719
dmycfNpiWCE.003,dev,0.6728971962616823
yOzHZOg95Ug.002,dev,0.2710280373831775
N5YT0FFd3-s.003,dev,0.6261682242990654
O2wMPdp2-Is.005,dev,0.616822429906542
l3IoZ_QmOQo.002,dev,0.616822429906542
KfurkMyjD-c.005,dev,0.4766355140186915
mXaI17Dx7u0.002,dev,0.3644859813084112
LRU4jLhKaak.005,dev,0.822429906542056
iFSF6v3xw_k.000,dev,0.5514018691588785
6inqwyJPQ6k.002,dev,0.5794392523364486
me5UoRny6NU.000,dev,0.4953271028037382
o_kTWEEjtyw.000,dev,0.1682242990654205
T3v3-2tvV0s.001,dev,0.2897196261682243
t0_DAgeU4nM.005,dev,0.3738317757009345
s6gN_358tk4.004,dev,0.4485981308411215
Os7L5C-i9Fw.002,dev,0.5887850467289719
VugKq4gOi50.002,dev,0.5514018691588785
ymrFbEMNBME.002,dev,0.5607476635514018
OoxYhDbzWwg.000,dev,0.4205607476635514
lnawWqnGpMc.003,dev,0.4766355140186915
HWuh0biZQ_c.004,dev,0.4485981308411215
zqpXz9h41jg.003,dev,0.5887850467289719
f7togdqxEoo.004,dev,0.1401869158878504
Jcw9NZkMn6I.001,dev,0.4953271028037382
m7zdWVDT-34.003,dev,0.616822429906542
8QtlG5ujHyc.000,dev,0.6261682242990654
Vimaz7NzPIg.000,dev,0.6915887850467289
hG0I7DLSSYg.000,dev,0.616822429906542
X1EjfXX3NTk.002,dev,0.3551401869158878
zT_s9X21gAE.000,dev,0.4953271028037382
k2buv6xZ4_o.002,dev,0.6635514018691588
qP1UtCbMaW4.000,dev,0.4205607476635514
6JfSPPVUgIg.001,dev,0.1962616822429906
vo-Y5kgSBa8.004,dev,0.4485981308411215
39BJkEXJpgc.000,dev,0.5607476635514018
QTtTAFqT-no.000,dev,0.3644859813084112
pT8nyxks1Q4.004,dev,0.3925233644859813
0tse0Fsy_rg.000,dev,0.2149532710280373
utv9RBNcL5w.001,dev,0.7663551401869158
xVJDjbiIjTo.002,dev,0.5514018691588785
r_cVo5qZ9n0.000,dev,0.5981308411214953
SGnhyxlbqaE.005,dev,0.4205607476635514
cFGjJg-2zOk.004,dev,0.5794392523364486
_ZAqTHlu2ts.000,dev,0.2056074766355139
OgPC4wnLJR0.000,dev,0.2429906542056074
PKtzsEqLGx4.004,dev,0.4672897196261681
F0_EI_X5JVk.000,dev,0.6728971962616823
4bDOetaLvZs.000,dev,0.4112149532710279
u0ge93spFvY.000,dev,0.7102803738317757
NpiglwrZzsA.003,dev,0.4112149532710279
kV7MFI2_ddo.004,dev,0.4859813084112149
Y8gv_ZK3w4A.001,dev,0.4859813084112149
ic_LECbCm5M.005,dev,0.4672897196261681
FvjIziLzffo.000,dev,0.4485981308411215
7b9DirXrkHo.000,dev,0.3644859813084112
osqQpQsJNPQ.002,dev,0.5046728971962616
aptKaxP81xA.005,dev,0.5700934579439252
d8skGb2ycio.004,dev,0.616822429906542
Jf8lqSpAjZ8.000,dev,0.5420560747663551
p-V78q8dtYo.003,dev,0.1214953271028037
Fe9_SVPd_5I.002,dev,0.7102803738317757
1tPH6PNeOSk.001,dev,0.6074766355140186
sPMNhG1Sehc.001,dev,0.3925233644859813
Gdv79afXNKE.000,dev,0.6542056074766355
8narByy2B5g.002,dev,0.2429906542056074
DvWzedL3QCk.000,dev,0.5046728971962616
Sdqg-jn_tBk.003,dev,0.5420560747663551
cT3oyHhUznw.000,dev,0.5794392523364486
GsNZh1TS68g.000,dev,0.5327102803738317
7nJPNkWZDOY.001,dev,0.6635514018691588
0uCqd5hZcyI.004,dev,0.5887850467289719
N5YT0FFd3-s.005,dev,0.6074766355140186
YNlhBpVk1tw.003,dev,0.3457943925233644
8py6SksNsZQ.000,dev,0.6074766355140186
bFwtVtZodIg.003,dev,0.6261682242990654
MDTC4y4ZrSM.000,dev,0.514018691588785
f7togdqxEoo.001,dev,0.1588785046728971
85isLsZHZpo.005,dev,0.9158878504672896
9a-3LrB7cDI.002,dev,0.5981308411214953
OoxYhDbzWwg.004,dev,0.3551401869158878
2OAA4slRc5M.000,dev,0.644859813084112
fDw_PAgW07o.004,dev,0.1214953271028037
_G3kw9HwCqY.001,dev,0.3925233644859813
qVcw5-mm31s.002,dev,0.514018691588785
NpkHOa4uIn4.000,dev,0.2897196261682243
c4XnKouozXU.005,dev,0.4766355140186915
hK5lmI9pwck.001,dev,0.6261682242990654
_IS6GFmQYj4.001,dev,0.5420560747663551
erjlIt61pUk.001,dev,0.336448598130841
nEm44UpCKmA.001,dev,0.5607476635514018
MLCIfM5jYlI.003,dev,0.439252336448598
-VTqcHNgH7M.001,dev,0.4766355140186915
AotbiNsU85A.005,dev,0.2990654205607476
jKHaHWuaU14.003,dev,0.2803738317757009
nOFHZ_s7Et4.004,dev,0.4766355140186915
xQHmbJ_lPjY.002,dev,0.5327102803738317
S1AEj1kO5dc.001,dev,0.3831775700934579
WMp0lsXbOqM.001,dev,0.7383177570093457
dNXqs5HNijI.000,dev,0.5794392523364486
RYG6XhdmPY0.003,dev,0.3738317757009345
7qGYGbIg45c.000,dev,0.2523364485981308
86upzmhvpXw.000,dev,0.616822429906542
rwinPicu_aw.004,dev,0.4579439252336448
NTATNIs2sSc.002,dev,0.5794392523364486
EfQUV-C-YrU.003,dev,0.2897196261682243
R5uXsQsO6Uo.004,dev,0.8598130841121494
XfK7WZ3skUM.002,dev,0.4112149532710279
Qu81v9Aybv4.001,dev,0.5700934579439252
tYpxPqwle5k.001,dev,0.5514018691588785
rNDxXRvuSDg.000,dev,0.5887850467289719
r4BGKIXrD9c.002,dev,0.4672897196261681
G7QTNbKbu_4.004,dev,0.4953271028037382
Ff0WqsFl-1s.001,dev,0.439252336448598
dh6iOU2RtTA.000,dev,0.6822429906542056
7Y4cUPFEt-4.001,dev,0.7009345794392522
Ahiq4zhmYco.001,dev,0.3738317757009345
8hW6WfYBP18.002,dev,0.336448598130841
bkzgccBFztM.002,dev,0.616822429906542
SPD5fXHVyIk.005,dev,0.2990654205607476
EeI8iXLDfc0.000,dev,0.5607476635514018
IQNNEfYYYiw.003,dev,0.4205607476635514
rW7b48Dy_80.000,dev,0.4766355140186915
B2riMsP8LD8.000,dev,0.6822429906542056
4CiR99jTzso.002,dev,0.4018691588785046
Gomd4Y8-D2Q.004,dev,0.4485981308411215
KmHe8urs3LI.000,dev,0.3925233644859813
HQDkoaHULbw.005,dev,0.6915887850467289
jnEHHvlBgxE.001,dev,0.5794392523364486
KB09jENVJ_0.001,dev,0.4485981308411215
51KRxB3g7A8.001,dev,0.6915887850467289
WRz1F6DqmRQ.001,dev,0.3925233644859813
KnbEca4Ibwk.001,dev,0.308411214953271
KYvMsMLNGvY.003,dev,0.4859813084112149
RgZTZIf8K8g.005,dev,0.4112149532710279
xRhUBifOWiI.002,dev,0.5514018691588785
4nir0YtjHVs.004,dev,0.8037383177570093
c2LeNguVNrI.005,dev,0.2710280373831775
_IS6GFmQYj4.005,dev,0.5700934579439252
ZRl_k6DzTeI.002,dev,0.3738317757009345
UhNyHUwo1SY.002,dev,0.7009345794392522
m_2k0dL8CRM.000,dev,0.4953271028037382
ZYrFfvp7_Mo.001,dev,0.644859813084112
oG84VxrGfj0.004,dev,0.4579439252336448
MD9yyz-OSRs.001,dev,0.4112149532710279
PHUlL5ZzX5U.004,dev,0.2710280373831775
kSk-rf7a1Ig.002,dev,0.4205607476635514
9UWCHrG5mys.000,dev,0.4766355140186915
zupxsNi2er8.003,dev,0.4299065420560747
ssexxLJLuhU.001,dev,0.4205607476635514
xEmwNv4OxGE.002,dev,0.4953271028037382
T8ibN-b3h7Y.004,dev,0.6635514018691588
Ie2y_yOeKpo.005,dev,0.5700934579439252
xLfLuyIQOJE.001,dev,0.4672897196261681
TSGpD2NBeCQ.001,dev,0.4579439252336448
h2-_bQdTZYY.005,dev,0.4672897196261681
4lIbWq27O84.005,dev,0.3644859813084112
ECuouf2tVYU.002,dev,0.4205607476635514
ZaihsIQZCx8.001,dev,0.4953271028037382
SFRis1tTZWk.005,dev,0.6074766355140186
kco35S1k5Ks.001,dev,0.2616822429906542
PQBGDxYGaXU.003,dev,0.4299065420560747
6M8OQNo64Tc.000,dev,0.1962616822429906
cdtZKwM5NIM.002,dev,0.5420560747663551
nndDX4RgU1w.002,dev,0.439252336448598
O8L2pHEIcuo.000,dev,0.6635514018691588
WyLqK6wzYLU.004,dev,0.5981308411214953
8YQKwMdiaAE.000,dev,0.4299065420560747
SsoZjq7x4MA.003,dev,0.4953271028037382
RCr48dXuZYE.003,dev,0.439252336448598
Qzu9b49qvKo.004,dev,0.3831775700934579
kJLeYUobR0M.000,dev,0.5607476635514018
MDoZUDTSayc.001,dev,0.5700934579439252
C-48U5oDuvw.000,dev,0.5233644859813084
wVpjBxCirAQ.000,dev,0.4112149532710279
R6NTuhZtOks.000,dev,0.644859813084112
-PWjgx2czwY.000,dev,0.7009345794392522
ax8wm9K41og.002,dev,0.5233644859813084
kyq-X4IFMtw.004,dev,0.3644859813084112
khCsAN1Bk_I.004,dev,0.3177570093457943
ymrFbEMNBME.000,dev,0.5887850467289719
mlXZQ8dO0nQ.001,dev,0.5981308411214953
2rV3Ibtdnvs.001,dev,0.5700934579439252
q6au1xn_wIE.000,dev,0.6261682242990654
rUGAiuYHNgE.005,dev,0.5514018691588785
F-Dy1EFm_Mw.003,dev,0.6542056074766355
tcmYlyeqwuI.001,dev,0.2523364485981308
clMg72MI8rw.000,dev,0.644859813084112
8qesctueAV0.003,dev,0.6822429906542056
u50B6bIkN9g.001,dev,0.6074766355140186
MajYvFTkKnk.001,dev,0.5794392523364486
EjhDyc8Oc6k.002,dev,0.4205607476635514
ZxxRJRz2hf0.005,dev,0.7383177570093457
WZnLayQeIZ0.001,dev,0.514018691588785
Q9B3SJkH2Q8.000,dev,0.4579439252336448
Or2_bP4lWYI.003,dev,0.7383177570093457
ivcVlDXJCDo.004,dev,0.5887850467289719
hnWMsZEQWt4.000,dev,0.8598130841121494
GwKmjEb3qN0.000,dev,0.4205607476635514
v5hZeuRW6m0.003,dev,0.3738317757009345
CV930dFsubs.005,dev,0.336448598130841
8hH_eJ8qv_M.005,dev,0.719626168224299
kUpkeJDcxaE.004,dev,0.5607476635514018
d4iSwRMV0bA.001,dev,0.336448598130841
sHafPWyXs6k.001,dev,0.5981308411214953
YbdJd16c3eo.002,dev,0.5887850467289719
hDqsuyVeWmw.002,dev,0.6728971962616823
wm94g-5Cg5s.001,dev,0.4672897196261681
Se3Gts4u1vs.001,dev,0.6355140186915886
UA6UY69EVSI.003,dev,0.4112149532710279
3AyjQQYmqU4.002,dev,0.6074766355140186
ZNRfeL8nPfw.002,dev,0.6728971962616823
EiXQ9RErt6c.001,dev,0.2897196261682243
Zb5BstGpJ48.001,dev,0.514018691588785
qFYgMFMal_s.001,dev,0.514018691588785
K-Z_mLE8nlo.000,dev,0.7102803738317757
ZxxRJRz2hf0.001,dev,0.5514018691588785
qkx4lCA1iZo.000,dev,0.4018691588785046
P6g1mZ3f76U.005,dev,0.3925233644859813
mqDv8688ztg.000,dev,0.4018691588785046
tiVKJWLzmk4.005,dev,0.7757009345794392
W0FCCk0a0tg.002,dev,0.3925233644859813
U4tSfXq-neQ.005,dev,0.4018691588785046
m6JOFpKvkE0.002,dev,0.6915887850467289
Pc-oQQwkIv8.005,dev,0.1588785046728971
cjbh1lfr43c.001,dev,0.2897196261682243
y3_71Wpt9eA.005,dev,0.5794392523364486
iOB65zCiOFM.000,dev,0.4766355140186915
Agg7z10B_iY.005,dev,0.7289719626168224
Jh8yMyNZkuo.002,dev,0.5607476635514018
VNK6LQHh25w.003,dev,0.5420560747663551
WwGca41TJVU.001,dev,0.3457943925233644
taSAaWKcmTw.001,dev,0.5514018691588785
xYXVkQOmSfk.002,dev,0.6542056074766355
LfvTKoMYLEE.001,dev,0.5046728971962616
H8h4fAGgV18.004,dev,0.5794392523364486
_VsE38xSmdM.003,dev,0.7943925233644858
X1EjfXX3NTk.001,dev,0.6635514018691588
ClSP2k9DFX0.001,dev,0.5514018691588785
4nMstrTuXXw.000,dev,0.3925233644859813
VmyIItgMzpE.000,dev,0.3738317757009345
_5ltHlmGvq8.000,dev,0.6261682242990654
g9zgIN56MnQ.002,dev,0.233644859813084
Rp_gyvKE4hI.003,dev,0.4766355140186915
It0-yCwOc5k.004,dev,0.336448598130841
8AnIttmflwI.005,dev,0.644859813084112
v1ScttBOQc8.001,dev,0.4953271028037382
feg-RNvT-t0.003,dev,0.2990654205607476
u50B6bIkN9g.004,dev,0.439252336448598
M9nVAfSPOZ8.000,dev,0.5700934579439252
PsHb4YHooKM.001,dev,0.5794392523364486
gq0yaEv6gSE.001,dev,0.4112149532710279
U-XrzfFzMkg.003,dev,0.514018691588785
65xWDhgq1OE.003,dev,0.6728971962616823
RuRn2t7iPSc.003,dev,0.4859813084112149
qVcw5-mm31s.001,dev,0.4018691588785046
qssXr_Fg96o.001,dev,0.439252336448598
dB2XYhvqUBU.005,dev,0.616822429906542
7pLYJKO75_c.004,dev,0.6635514018691588
GBp9YtOw_eQ.000,dev,0.3738317757009345
2NNYN1ZCJhw.002,dev,0.5981308411214953
uDm7iZuX5DQ.002,dev,0.4112149532710279
lErjGxBb1Bk.003,dev,0.6074766355140186
modNfUPt3F4.003,dev,0.6915887850467289
9UUtf0_ZR14.003,dev,0.6915887850467289
GWOtluILlk4.004,dev,0.4766355140186915
8dVcA5J1Dcw.001,dev,0.4018691588785046
bviHajVIie0.001,dev,0.616822429906542
t0AupkXkkZw.000,dev,0.6261682242990654
An7WScf0RRc.001,dev,0.7663551401869158
gj3-xvhPeWg.000,dev,0.6355140186915886
gfTTzlRNF8s.002,dev,0.6355140186915886
VJuVsi6G96s.005,dev,0.5327102803738317
f_mEEFFeh-0.002,dev,0.7570093457943924
OiDyfO2zB7s.005,dev,0.3271028037383177
qjWi69HY2Fc.002,dev,0.4672897196261681
tYpxPqwle5k.003,dev,0.5046728971962616
kAjvzIWWrWA.001,dev,0.7102803738317757
ngB_cSxOjx0.005,dev,0.644859813084112
iOB65zCiOFM.005,dev,0.514018691588785
-AmMDnVl4s8.001,dev,0.616822429906542
aLvpOYqzErk.005,dev,0.4859813084112149
SYlV95nPTPs.002,dev,0.4018691588785046
1-GgVRmAEoo.000,dev,0.5700934579439252
X5aKCrWf6a4.004,dev,0.5233644859813084
ApCq0dwH1Ak.000,dev,0.5327102803738317
Rwsss8y1bf0.001,dev,0.3644859813084112
nDsTSmE73M0.001,dev,0.4859813084112149
RGuHfwIRKpA.005,dev,0.5981308411214953
3LAaFUSGvsU.000,dev,0.6261682242990654
n2BuwHbdilY.000,dev,0.5794392523364486
GcuoyJPO-KU.003,dev,0.5046728971962616
uf_sIIw4zxY.004,dev,0.5514018691588785
jd9_8OPxM3A.003,dev,0.6355140186915886
htH89DBizno.004,test,0.6261682242990654
p_wf-KszNlk.001,test,0.5700934579439252
MuYYY3XaJ7Q.001,test,0.514018691588785
0MB91ku0eEw.005,test,0.5700934579439252
WpEZOSrENL0.003,test,0.4485981308411215
C2Y9Puk3Obk.004,test,0.850467289719626
LBKbubsgpE8.000,test,0.7102803738317757
TSGpD2NBeCQ.005,test,0.5794392523364486
54JawR1x0II.004,test,0.5700934579439252
9n8dNi-ERQ0.001,test,0.5420560747663551
lNG_XdqMf0g.004,test,0.7102803738317757
Jy716zClCKs.004,test,0.3831775700934579
w_ExyXsnw2A.005,test,0.3925233644859813
6NjuNY4LfQc.000,test,0.6261682242990654
p6UMx8dwHZQ.005,test,0.514018691588785
R42dmIPCXwo.000,test,0.2616822429906542
3tPq9fNOXZQ.000,test,0.514018691588785
-6otZ7M-Mro.002,test,0.5607476635514018
9UEBU_yiTPs.000,test,0.4672897196261681
ouYYWCY__5A.004,test,0.3925233644859813
nLuAoNAOGcQ.001,test,0.7570093457943924
SIpQm4G4DDg.003,test,0.3644859813084112
u_qvbRpm88k.000,test,0.3738317757009345
KnbEca4Ibwk.004,test,0.439252336448598
Hm5K_K0v718.002,test,0.6822429906542056
p_kPnCD7WzU.003,test,0.4018691588785046
9cj8rrj1wSk.003,test,0.5327102803738317
x6Tluj4dJTU.003,test,0.2056074766355139
bnM9Ow52x3o.003,test,0.7476635514018691
L4uFD6434Pc.000,test,0.4672897196261681
j1idNSoB7tA.005,test,0.4299065420560747
mFz5Fbs97QA.004,test,0.4579439252336448
0G2o3fik36I.000,test,0.5700934579439252
OZlpENU9h28.004,test,0.4299065420560747
T3v3-2tvV0s.004,test,0.3177570093457943
0iQIfGnKflc.000,test,0.5887850467289719
OoxYhDbzWwg.003,test,0.2897196261682243
B77ZCcCMrkM.000,test,0.7757009345794392
_Q4wOgixh7E.005,test,0.1962616822429906
7gXF3MVPXPU.005,test,0.7757009345794392
N7oR6_oMBFk.003,test,0.6822429906542056
SSBC6EsBCro.000,test,0.3925233644859813
kFak4VnRnRM.000,test,0.4672897196261681
xun35caJTQI.004,test,0.4672897196261681
c70zW-HoZUA.000,test,0.5981308411214953
4kYaYIcuLpM.000,test,0.4953271028037382
TIRrlL71dEQ.001,test,0.2803738317757009
syJo_sm8IqQ.001,test,0.5046728971962616
zFVjcb45pjI.000,test,0.233644859813084
2AV8m02PjdU.005,test,0.336448598130841
PTV5TBVRHxo.005,test,0.7663551401869158
VvSk5m90xOs.001,test,0.2616822429906542
1-GgVRmAEoo.001,test,0.5046728971962616
a97PXgrKSxo.004,test,0.5794392523364486
fwJykIyvS04.003,test,0.4299065420560747
KYvMsMLNGvY.004,test,0.5046728971962616
EYbPGTIcnjs.004,test,0.514018691588785
sSR1a5XW7n4.000,test,0.439252336448598
nR0h3WFbPfA.002,test,0.5794392523364486
RWhyKkFI3zw.003,test,0.4485981308411215
4bDOetaLvZs.003,test,0.2523364485981308
SkNO4x-LSgE.003,test,0.5327102803738317
8g5jPiQ6XdA.005,test,0.719626168224299
U3UaF1aFek4.003,test,0.4485981308411215
BlvmREgt2C0.001,test,0.6822429906542056
kSk-rf7a1Ig.005,test,0.439252336448598
C23rns4ZCy8.002,test,0.4018691588785046
5bYq8LXMRaw.004,test,0.4485981308411215
EelHLfeSJfM.003,test,0.3644859813084112
M39PNQ8Omhc.002,test,0.5514018691588785
Ra7BFLFFDv8.001,test,0.6635514018691588
As93GgkTdt4.005,test,0.6261682242990654
DZfcVxy2ceI.002,test,0.4018691588785046
z0v9LukQRHU.002,test,0.4485981308411215
8ZHpqRJ39HA.000,test,0.6635514018691588
wKBObhJXCSQ.000,test,0.336448598130841
HPEemWelY1E.005,test,0.6822429906542056
UvaGeSNcw8I.000,test,0.4299065420560747
oYhWw97JYyU.005,test,0.5700934579439252
C_NtwmmF2Ys.001,test,0.1121495327102803
UipoC_HLOP0.002,test,0.7850467289719626
p5QXPhJS8Ks.002,test,0.2803738317757009
P9WDAY-MFzk.004,test,0.514018691588785
ax8wm9K41og.001,test,0.5233644859813084
J30sMEMrKjA.003,test,0.5046728971962616
kJLeYUobR0M.003,test,0.4766355140186915
9_yDcQcapu0.000,test,0.644859813084112
hquzfo9MVDo.005,test,0.2056074766355139
JJxLsbLQlIE.002,test,0.7476635514018691
Bbx88iJwZ5Q.000,test,0.4766355140186915
Jn76eAPxjNA.001,test,0.514018691588785
7ZnijRlK5-E.005,test,0.4205607476635514
vp9p1osOaLI.000,test,0.644859813084112
iVtaXNWqFac.001,test,0.5327102803738317
T-mK85acIOc.001,test,0.3457943925233644
d8skGb2ycio.001,test,0.7102803738317757
ndLtwmvPpr8.001,test,0.5981308411214953
84Lz5a9yRZg.003,test,0.616822429906542
2bAsXLQjlt8.003,test,0.7289719626168224
DvmzcQI5cnM.002,test,0.5327102803738317
LBKbubsgpE8.002,test,0.6542056074766355
aIh8DTa3RVg.004,test,0.3925233644859813
WnmPDmb00Mc.002,test,0.6635514018691588
ZxxRJRz2hf0.000,test,0.7757009345794392
V9roK_mLM-w.005,test,0.6355140186915886
RWfY3Xk0XPQ.004,test,0.4579439252336448
Hklc55y7vUI.003,test,0.5887850467289719
6tiGdvduOaA.000,test,0.4112149532710279
7MwZm3mhSA8.003,test,0.6074766355140186
dqVPzqpGX-w.001,test,0.616822429906542
0kg6pmbSN6A.004,test,0.2523364485981308
2HE6cw3HFPk.000,test,0.5514018691588785
d9_YDJdF-7I.001,test,0.4953271028037382
1mHjMNZZvFo.001,test,0.6074766355140186
Fe9_SVPd_5I.003,test,0.5700934579439252
VoPuhcQc_mg.001,test,0.3551401869158878
J8N2OCqM6N0.003,test,0.4299065420560747
4vdJGgZpj4k.003,test,0.616822429906542
48S9_KZvzVw.002,test,0.8037383177570093
_7s27dUoYVg.002,test,0.7383177570093457
NdAJGXf8aos.000,test,0.6635514018691588
bBqZyG-9ksM.002,test,0.616822429906542
hl70w5drc_4.005,test,0.439252336448598
shtirfEzWFA.004,test,0.308411214953271
3df_Uk9EmwU.002,test,0.5420560747663551
lsXw8u4QXIU.002,test,0.5514018691588785
nndDX4RgU1w.001,test,0.3738317757009345
ZCLfVue6xAg.000,test,0.3925233644859813
xmD4FKMq2rk.004,test,0.4018691588785046
r4BGKIXrD9c.004,test,0.3925233644859813
6l0RBbxg4fk.000,test,0.6728971962616823
voB6O-ky9cA.002,test,0.5046728971962616
REAxeTWo1QM.004,test,0.3271028037383177
sSR1a5XW7n4.004,test,0.5700934579439252
m0iznoJi8hw.005,test,0.5981308411214953
4kIHxR6s1L4.003,test,0.6355140186915886
WTzDOt2GO1M.004,test,0.4672897196261681
cRDYrvxRJ6U.000,test,0.5981308411214953
ABWFQuPG1LA.001,test,0.5420560747663551
Jcw9NZkMn6I.003,test,0.6355140186915886
YGrCXe2-fVk.002,test,0.6074766355140186
UhNyHUwo1SY.004,test,0.6915887850467289
3VTL2kFt17M.003,test,0.6261682242990654
IP_Smb0hVSw.004,test,0.7757009345794392
NG8qWulkRM4.003,test,0.2056074766355139
zNmuwZkaeVg.004,test,0.439252336448598
Bmn4YEhgBDY.002,test,0.616822429906542
U-XrzfFzMkg.001,test,0.4018691588785046
8e4nnel_x-M.003,test,0.8037383177570093
y3_71Wpt9eA.003,test,0.2897196261682243
bt-ev53zZWE.000,test,0.4672897196261681
RZOimXPTG0s.004,test,0.7943925233644858
L-rmZZP_wj8.001,test,0.2616822429906542
T9xSEBSaL7Q.000,test,0.3271028037383177
simc6hmrUOE.004,test,0.4953271028037382
cpzY1b6wJqs.001,test,0.4112149532710279
ezMO8EHKAVw.002,test,0.6355140186915886
c8idT3lRnQ8.004,test,0.6074766355140186
ssexxLJLuhU.002,test,0.4766355140186915
LGPm8ok6kVo.000,test,0.5046728971962616
UANQntvIqVk.001,test,0.6542056074766355
l0qApUuiDjo.000,test,0.3457943925233644
hmy9XEvT2v4.003,test,0.5420560747663551
ZT7cEiaYGp8.002,test,0.5607476635514018
Kv0kZgqZEM0.005,test,0.4766355140186915
Ahiq4zhmYco.004,test,0.3925233644859813
GO6s-qDADuU.001,test,0.5514018691588785
G2D3qU6R_YA.003,test,0.4766355140186915
ibawV2tqKug.000,test,0.308411214953271
NVvKBE5FTMk.003,test,0.5981308411214953
sDNzrM6N7wA.004,test,0.6822429906542056
IV01x2GS61g.004,test,0.6542056074766355
c672aEuUa-g.005,test,0.4299065420560747
jVSnAbEGKLM.001,test,0.6822429906542056
fEZrAGQoh_g.004,test,0.5887850467289719
J9WyswA0vow.005,test,0.3644859813084112
2TbU3Eg2i4A.002,test,0.0747663551401869
pT8nyxks1Q4.002,test,0.5700934579439252
cMLkNVKkaOQ.002,test,0.6261682242990654
hX2TVefa5bQ.004,test,0.6542056074766355
XOioICna1hc.002,test,0.4766355140186915
bPLhV0PGR50.001,test,0.5046728971962616
qLV1a_611kA.003,test,0.7943925233644858
IFF47jVKMj8.005,test,0.6261682242990654
b6eoqD1J_qU.001,test,0.6822429906542056
CGfr9jl8w4Y.003,test,0.7663551401869158
NYlFsljF0VM.001,test,0.4299065420560747
FSBBbxNi0iU.003,test,0.5046728971962616
39o1zJFeM7E.000,test,0.5420560747663551
RlaaCqle7tY.004,test,0.2523364485981308
8OckVmEZ8X8.000,test,0.6261682242990654
QqTw0lnrtBo.000,test,0.4672897196261681
On2c_8sU8Vw.000,test,0.6355140186915886
S4H50iotXF0.000,test,0.4485981308411215
-awAu11kBZ0.001,test,0.439252336448598
rUGAiuYHNgE.003,test,0.3457943925233644
X5aKCrWf6a4.002,test,0.4205607476635514
A3StIKMjn4k.000,test,0.6261682242990654
LKc69Et2Jg8.002,test,0.644859813084112
LNiiKncirQA.001,test,0.3831775700934579
4JjpfL4y3XM.004,test,0.5794392523364486
leslBYwG8kc.001,test,0.7289719626168224
n2BuwHbdilY.005,test,0.6542056074766355
A29hMesGCEI.000,test,0.7757009345794392
Vwdi8vyTAUg.001,test,0.5981308411214953
knK0zyX8bS4.001,test,0.4953271028037382
19cplBTXyoY.001,test,0.5514018691588785
WYXRdYT4F0Q.001,test,0.6635514018691588
9Crw2RtrBcY.005,test,0.6728971962616823
bcx6xr9Ja-8.000,test,0.5981308411214953
8Bt-vEroq6M.005,test,0.5794392523364486
UUQQf9N2ce0.000,test,0.4112149532710279
osqQpQsJNPQ.005,test,0.5420560747663551
evQsOFQju08.000,test,0.5046728971962616
GQczMGrVgbc.004,test,0.6074766355140186
KVepk_9iPEU.001,test,0.6542056074766355
BV6Pqy4fSwc.002,test,0.4579439252336448
oontew1LiUU.005,test,0.3925233644859813
c2LeNguVNrI.001,test,0.4205607476635514
YQwkdwB9Sxo.000,test,0.2710280373831775
ygUEI08LgcM.005,test,0.4112149532710279
1mdMhaq5p4w.003,test,0.5046728971962616
t30ERiF6b50.002,test,0.4953271028037382
TwWDFpN3occ.000,test,0.439252336448598
itQ2wSlXqCw.003,test,0.5794392523364486
KLY518hfGhU.002,test,0.3831775700934579
cjbh1lfr43c.003,test,0.3738317757009345
M_OpMKBEOyU.005,test,0.336448598130841
-DOqN0d8KHw.004,test,0.1869158878504672
KpTHRBaYny8.004,test,0.5607476635514018
Agg7z10B_iY.003,test,0.6915887850467289
fY4tctYZTz8.002,test,0.336448598130841
c672aEuUa-g.003,test,0.4112149532710279
-m5QCnnp-vI.000,test,0.4766355140186915
rjS0PIwS47M.002,test,0.233644859813084
DegRGUG4Wi0.004,test,0.5700934579439252
piNQPNAKzyU.004,test,0.3925233644859813
jrH_Pj-X0fs.004,test,0.3738317757009345
8g5jPiQ6XdA.000,test,0.4953271028037382
RVEO1QNRAOU.005,test,0.4953271028037382
nR0h3WFbPfA.005,test,0.4766355140186915
SIpQm4G4DDg.005,test,0.4859813084112149
2Fgn78rYjPM.004,test,0.4859813084112149
vAEqpUwBMJQ.002,test,0.4299065420560747
R0RURVpmU9M.001,test,0.5700934579439252
9Lbj3wpwk-c.005,test,0.2897196261682243
IveGfOJ86wY.005,test,0.5046728971962616
hsXn0N8bAYs.000,test,0.336448598130841
RmEwRYfDn-4.000,test,0.3925233644859813
9mM_0vrO3wc.004,test,0.6074766355140186
69BopbFc34U.005,test,0.2056074766355139
Qa-yF-tByDM.001,test,0.5607476635514018
Q9B3SJkH2Q8.002,test,0.4579439252336448
Pr-RpZ4gYCM.003,test,0.3551401869158878
0SS47KwVOQ4.001,test,0.4485981308411215
clMg72MI8rw.005,test,0.6355140186915886
-10-QQDO_ME.002,test,0.5046728971962616
5QUDu-PC7N4.000,test,0.6074766355140186
gJPlOShvaoI.002,test,0.719626168224299
kdPRPO3wgg0.005,test,0.644859813084112
cgp1OzTOq1o.003,test,0.5233644859813084
nQtiqrceBhg.000,test,0.3177570093457943
GiILhJbj5JI.004,test,0.6261682242990654
HEHMW0uiFa4.001,test,0.4112149532710279
VoPuhcQc_mg.003,test,0.2710280373831775
VxtZDXM0cuQ.000,test,0.439252336448598
SgWtBK48AjE.005,test,0.5700934579439252
bN2IM-rqZlc.004,test,0.3551401869158878
-Gl98Jn45Fs.004,test,0.7383177570093457
muLgzV1gGao.000,test,0.4672897196261681
HL-K_PZXFR4.003,test,0.8317757009345793
69EsTnCVCp0.000,test,0.719626168224299
0iQIfGnKflc.003,test,0.5700934579439252
ZGox7tevC6A.000,test,0.5607476635514018
Uu-NbXUPr-A.003,test,0.6915887850467289
7knYNR1tAig.001,test,0.2523364485981308
qoZwA4ESb7g.002,test,0.336448598130841
ZIyfXdCxN9E.001,test,0.4766355140186915
d1eh3dHNi1Y.005,test,0.5327102803738317
2TXrDZgbDHE.004,test,0.4859813084112149
pOtWKOF07iU.005,test,0.6635514018691588
ZO5JoyVTat8.003,test,0.4018691588785046
YJ5CINQ8v_E.002,test,0.5514018691588785
IL5VgGakSNw.004,test,0.6261682242990654
6-_1-vBNl_0.000,test,0.5046728971962616
isaP2l3rlBQ.004,test,0.4766355140186915
nQtiqrceBhg.004,test,0.2056074766355139
pKm9lxa4cmg.000,test,0.4953271028037382
0MB91ku0eEw.000,test,0.4953271028037382
4XdZDodpzac.004,test,0.6074766355140186
shQmRW4CrGE.003,test,0.6074766355140186
Nv0-x4K9YFI.003,test,0.336448598130841
Pr-RpZ4gYCM.004,test,0.4112149532710279
qAisk1lgv2I.000,test,0.2056074766355139
9-lptN92A68.003,test,0.6728971962616823
J8N2OCqM6N0.004,test,0.4485981308411215
J8YpOUmN_aI.002,test,0.4018691588785046
Z_STuUHKQTg.001,test,0.616822429906542
5IqtX-uq28E.004,test,0.5327102803738317
Pb7aNc6Kd40.000,test,0.7943925233644858
W48yW9XTI4c.000,test,0.7476635514018691
cgGCyBMdGrA.005,test,0.336448598130841
2d6btbaNdfo.000,test,0.6261682242990654
ZaihsIQZCx8.004,test,0.5420560747663551
jwbHWwySJW8.005,test,0.6822429906542056
yftfxiDNXko.005,test,0.4112149532710279
g_UeE-1ghtQ.000,test,0.4859813084112149
R8Gpa-rRywc.002,test,0.4485981308411215
jVSnAbEGKLM.002,test,0.616822429906542
ouYYWCY__5A.002,test,0.5327102803738317
wK_ExIjn5Q8.003,test,0.3457943925233644
13kjwEtSyXc.003,test,0.4485981308411215
-aU2FN5pkWA.000,test,0.6074766355140186
QipgesEKSNA.003,test,0.4205607476635514
N4tuu9aCXkw.002,test,0.5887850467289719
OovRk5U9_GY.001,test,0.7289719626168224
5kwoq4EZixQ.000,test,0.6355140186915886
oU7zAWm_01o.001,test,0.5981308411214953
fiVkE3iDWY4.001,test,0.336448598130841
liRQoL7SsPw.005,test,0.5607476635514018
ASDpn9yOYAo.004,test,0.4112149532710279
3wRj39GKLJ0.002,test,0.5514018691588785
UQeuBvZNusI.002,test,0.3738317757009345
U9cidDFDTQE.002,test,0.6261682242990654
VNK6LQHh25w.002,test,0.4859813084112149
mpXOSY5dW7c.001,test,0.5327102803738317
78zauTEQ-k8.002,test,0.4953271028037382
Jh8yMyNZkuo.000,test,0.4766355140186915
vQEZ5KF9I4E.000,test,0.6728971962616823
-KtFfRqPFXA.003,test,0.616822429906542
mhF4kYTlVUE.005,test,0.5700934579439252
mQpNe8f5xA8.005,test,0.6542056074766355
-8asrRvfJWA.002,test,0.5700934579439252
PHUlL5ZzX5U.002,test,0.2990654205607476
d8skGb2ycio.002,test,0.6542056074766355
PKe86w7jSGE.000,test,0.4018691588785046
vOEQlAMABWM.004,test,0.4579439252336448
lkdQjIunxSE.004,test,0.4953271028037382
hqe-8SMJGmc.001,test,0.6822429906542056
6wIEiqmuHOM.002,test,0.7009345794392522
IzsP0TRzFbo.000,test,0.5327102803738317
3CyIOM2izmI.000,test,0.2897196261682243
cA3KzjBNr4M.005,test,0.4112149532710279
dQOeQYWIgm8.005,test,0.5981308411214953
29UCGJldICw.000,test,0.5514018691588785
tPVSlH_VmZk.000,test,0.5607476635514018
yj2Y1Y26rd4.003,test,0.5046728971962616
3JAFkk42zPs.003,test,0.1028037383177569
WosLI6krxUg.004,test,0.4205607476635514
oe1PZxExhzc.005,test,0.3831775700934579
FxVUG2R1y0Q.005,test,0.6542056074766355
9n8dNi-ERQ0.002,test,0.6728971962616823
R_6hhFo7M3o.005,test,0.5607476635514018
YucC--PknOo.000,test,0.6074766355140186
k99PI3FGEj0.001,test,0.4018691588785046
simc6hmrUOE.001,test,0.5981308411214953
yIM5bal1VVs.001,test,0.2056074766355139
xun35caJTQI.001,test,0.4859813084112149
5Ku4_r_Yxsk.003,test,0.5887850467289719
FTk2SCmJI_w.002,test,0.616822429906542
a5NTqK367wo.005,test,0.2990654205607476
VForU0EmBr0.004,test,0.4018691588785046
75XbCb7G8kw.003,test,0.6355140186915886
ZeGT9pSG734.001,test,0.3551401869158878
KNx7_ajRwDI.002,test,0.4485981308411215
-N6QKrbnaDs.000,test,0.4485981308411215
0G2o3fik36I.002,test,0.6822429906542056
5Wmlo8Z5yVA.000,test,0.4299065420560747
uKy7lHuMQ_o.003,test,0.3271028037383177
maDObxiOQRo.002,test,0.3831775700934579
3DURnr95fMg.005,test,0.4859813084112149
IQNNEfYYYiw.001,test,0.5420560747663551
thl4HwoqyrI.005,test,0.2990654205607476
hX2TVefa5bQ.003,test,0.7102803738317757
mwjoabuP-GM.002,test,0.6261682242990654
heE4ZZXwehI.001,test,0.7102803738317757
nmZRXxKPPuQ.001,test,0.6074766355140186
TK6hBCARiHI.003,test,0.5420560747663551
hspeWl-Bip0.001,test,0.6261682242990654
KDwpjQiIfjY.004,test,0.719626168224299
9yZEb6bdxNY.002,test,0.7009345794392522
ej0RpdM9kJA.005,test,0.6728971962616823
1q-N_zbsAg0.005,test,0.2803738317757009
ixPqs7L8oAE.001,test,0.6261682242990654
kAjvzIWWrWA.004,test,0.5700934579439252
KNOHhnRMpSw.004,test,0.3271028037383177
WpEZOSrENL0.001,test,0.6261682242990654
OTXGM3Guxy4.002,test,0.3177570093457943
8KyS0FKbKfI.004,test,0.6261682242990654
KH1PIMlztec.000,test,0.4859813084112149
_7hGh6VU4IU.002,test,0.4579439252336448
05l5bteT_qA.003,test,0.5700934579439252
8cIuBkFoh0s.003,test,0.7850467289719626
7FXs86Z98E0.003,test,0.6542056074766355
pslp6X3OWy0.000,test,0.6915887850467289
BStHNKV820Q.002,test,0.6542056074766355
Z9GzSxQHKSI.005,test,0.5794392523364486
aLvpOYqzErk.003,test,0.233644859813084
Rops7WYMCCY.005,test,0.3738317757009345
keW8-eSiQ70.000,test,0.3738317757009345
jSw-grsJCnE.002,test,0.7383177570093457
A7exx3pEPkE.001,test,0.2429906542056074
WwGca41TJVU.000,test,0.4299065420560747
yyqXzlF8Fgc.004,test,0.5607476635514018
YryBLVZgJj0.002,test,0.5794392523364486
fGAcEyZXFTo.001,test,0.3831775700934579
WpEZOSrENL0.005,test,0.719626168224299
g1TMjzZH8bw.005,test,0.3457943925233644
UEYKBC_SuzU.002,test,0.3738317757009345
bzaOB8BoWPU.004,test,0.6915887850467289
6oL9yyc9iJc.004,test,0.616822429906542
GG9WPQLI_rg.003,test,0.7476635514018691
5VG1EgzvprE.004,test,0.514018691588785
7Y3S4nfQHeo.000,test,0.4859813084112149
si_gZCrLa4A.000,test,0.4579439252336448
qW0TYVtzq5A.004,test,0.5046728971962616
Gvdh94z-SoM.001,test,0.3271028037383177
pvvff396Rqg.002,test,0.5420560747663551
xmD4FKMq2rk.002,test,0.439252336448598
26CMYJn3u6Y.000,test,0.6728971962616823
4nJLbAKgwfw.003,test,0.3925233644859813
RVEO1QNRAOU.001,test,0.5607476635514018
nvlqJbHk_Lc.001,test,0.3925233644859813
QBZieJiOl1w.005,test,0.5327102803738317
UrOamWOcOwQ.001,test,0.514018691588785
_0bg1TLPP-I.000,test,0.7009345794392522
rMFJmA5dRFQ.002,test,0.3551401869158878
JJs_HTelie4.000,test,0.644859813084112
yp-tfq1NxBk.001,test,0.2710280373831775
XNWN7ScxVIA.004,test,0.7943925233644858
wTo1uZns2X8.002,test,0.3925233644859813
RWhyKkFI3zw.000,test,0.3644859813084112
OD3cfWeJaOY.000,test,0.6822429906542056
XtI2ju2a8iM.002,test,0.3551401869158878
P0ZzjnS8E24.003,test,0.5046728971962616
hIFNZ_ycngg.000,test,0.5327102803738317
QipgesEKSNA.005,test,0.4205607476635514
DvWzedL3QCk.003,test,0.4112149532710279
CFK8ib0aWe8.002,test,0.5794392523364486
auhe41Tf50M.005,test,0.5700934579439252
2fzLibPAtvI.003,test,0.4953271028037382
NyQ2K2J3N0s.002,test,0.308411214953271
ncmnmmmWEpU.002,test,0.5700934579439252
Bije9nsMl7M.002,test,0.4953271028037382
WZnLayQeIZ0.004,test,0.616822429906542
wBCSJVBr4ZE.001,test,0.5981308411214953
E_xAcdGpPCI.000,test,0.5233644859813084
mMNjlGNWsZA.000,test,0.1775700934579439
luH2RoZW-eY.005,test,0.4579439252336448
0kg6pmbSN6A.003,test,0.2523364485981308
mZQP06F94u8.000,test,0.5327102803738317
KNx7_ajRwDI.004,test,0.5046728971962616
cJs_LosR-u8.002,test,0.514018691588785
oqXx6ipHfUE.004,test,0.3738317757009345
2uAJJH7B5aw.002,test,0.6261682242990654
kDJigDGDJTo.002,test,0.4299065420560747
4lj66h4CXI8.000,test,0.644859813084112
sf29orxf4X0.004,test,0.336448598130841
PRplbrM70sg.002,test,0.5607476635514018
MlBwEhjftAw.004,test,0.5420560747663551
04oq2yrBwMg.002,test,0.233644859813084
orlXEgAepGo.001,test,0.3925233644859813
o6JCQlOC3oE.003,test,0.3831775700934579
GqFpXstFUZI.001,test,0.4485981308411215
ff-3k-nzoXA.003,test,0.5420560747663551
PReOtefm17s.003,test,0.6542056074766355
hrat_RJczFM.003,test,0.2803738317757009
EiXQ9RErt6c.000,test,0.3925233644859813
BLc_GvsbI1U.004,test,0.4579439252336448
NoHext7JXYU.002,test,0.4766355140186915
V2nvyZB-JNM.005,test,0.4579439252336448
j5fXaXrNPoA.002,test,0.4112149532710279
IL5VgGakSNw.002,test,0.5046728971962616
SPpox8EGQqU.004,test,0.5607476635514018
DrlC4bEYcmw.003,test,0.6822429906542056
5xA8-Y5qgT0.005,test,0.4579439252336448
TUaOp5eIU2c.004,test,0.5607476635514018
69EsTnCVCp0.005,test,0.719626168224299
LGgx7RVdL2Y.003,test,0.2710280373831775
QdafN9Y_j-Y.003,test,0.4766355140186915
3DURnr95fMg.001,test,0.3551401869158878
Ie2y_yOeKpo.000,test,0.5327102803738317
-NwfYYf5xLo.002,test,0.7102803738317757
gAWA-fcIa_M.000,test,0.5794392523364486
C5qRszPK9HY.000,test,0.5794392523364486
f_mEEFFeh-0.004,test,0.8130841121495327
vhugKRUnd-c.005,test,0.3831775700934579
wYixHjntI-4.003,test,0.7383177570093457
R2LlBNLDOeg.000,test,0.7663551401869158
ODDGS0hTcUc.003,test,0.5046728971962616
JbXgnjVWEoM.003,test,0.308411214953271
n8IiQJyqjiE.005,test,0.6074766355140186
muLgzV1gGao.003,test,0.6355140186915886
oXRhk1PUPcQ.001,test,0.4112149532710279
wVpjBxCirAQ.002,test,0.4672897196261681
vLAHfIjmRMc.000,test,0.4953271028037382
H6yu96w7tUc.004,test,0.4953271028037382
K-iwJMxjyx4.002,test,0.5794392523364486
fsLf6Xv_Gbk.003,test,0.7943925233644858
J28DwJsK8Do.001,test,0.7289719626168224
mQpNe8f5xA8.000,test,0.6635514018691588
ZoHY-rWJsyw.005,test,0.2990654205607476
gX20EUUZc9M.003,test,0.644859813084112
hquzfo9MVDo.000,test,0.2149532710280373
W4tz3plvvKI.005,test,0.4766355140186915
jd9_8OPxM3A.000,test,0.5607476635514018
yOzHZOg95Ug.000,test,0.2429906542056074
nYCuMoC5ibQ.002,test,0.4672897196261681
vzttwG7SKZ8.002,test,0.5887850467289719
Ry5JJvTfP-8.000,test,0.4018691588785046
Wx3BaKp74Ig.001,test,0.5233644859813084
vYkHHVeNK_M.005,test,0.1869158878504672
0_xOGmydDN0.005,test,0.5046728971962616
eZwGkhUa0TQ.002,test,0.5700934579439252
K9ZTOb6PbfQ.001,test,0.5981308411214953
L_gmlaz-0s4.000,test,0.616822429906542
FcR9VhCxBb0.005,test,0.5046728971962616
vNEs2yGe77s.001,test,0.4018691588785046
J0JrzUmZGcA.000,test,0.5887850467289719
QXFRE_pjrAE.005,test,0.5420560747663551
uYvDMWWq2Jw.003,test,0.4018691588785046
BJpWi1qGp1A.003,test,0.6728971962616823
PReOtefm17s.000,test,0.514018691588785
Pc-oQQwkIv8.002,test,0.0093457943925233
IveGfOJ86wY.003,test,0.5046728971962616
Q9B3SJkH2Q8.001,test,0.5607476635514018
cNXnowQb7rs.000,test,0.5233644859813084
LeQKH1vAVpg.002,test,0.4672897196261681
Ft0ahViXZPc.004,test,0.6728971962616823
omeHsKF7InA.003,test,0.0841121495327102
nvlqJbHk_Lc.005,test,0.4205607476635514
qyzuaettjU8.000,test,0.5327102803738317
vCY4uvfrWXA.000,test,0.7009345794392522
usG6pVxbQkw.003,test,0.4018691588785046
OugdInDyt9s.004,test,0.5420560747663551
2Z8Xi_DTlpI.000,test,0.6822429906542056
evrzg3Pzyc0.005,test,0.308411214953271
oontew1LiUU.000,test,0.4953271028037382
wK_ExIjn5Q8.000,test,0.4579439252336448
_7hGh6VU4IU.001,test,0.4485981308411215
isqmQc9AfBc.002,test,0.5327102803738317
Jcw9NZkMn6I.000,test,0.7102803738317757
R-vly7LKotQ.002,test,0.5607476635514018
vYkHHVeNK_M.000,test,0.2990654205607476
oYiWW-Qc0rs.004,test,0.7570093457943924
4CSV8L7aVik.003,test,0.4579439252336448
heE4ZZXwehI.005,test,0.6355140186915886
tt-EaApaHx4.005,test,0.4485981308411215
OACoHiwOdXQ.001,test,0.5233644859813084
sf29orxf4X0.005,test,0.3457943925233644
9RfE2-aTvaM.004,test,0.5514018691588785
w4cZStXMUII.004,test,0.7383177570093457
53QFyec0uN0.001,test,0.7757009345794392
FGkS4vJYOpM.001,test,0.4299065420560747
ZeGT9pSG734.000,test,0.5233644859813084
wYixHjntI-4.000,test,0.6915887850467289
gkhbUDIK-YM.002,test,0.4672897196261681
rCxlfusNJlY.003,test,0.616822429906542
LKc69Et2Jg8.003,test,0.5514018691588785
3S72dDIm1fM.005,test,0.5700934579439252
RWfY3Xk0XPQ.001,test,0.4672897196261681
ySEeioc339E.001,test,0.4018691588785046
aQVGVhcMBtE.002,test,0.5046728971962616
U2RemWUyjts.004,test,0.6074766355140186
P7poMmhYnM0.002,test,0.4018691588785046
kL-CeaXG9jM.005,test,0.5607476635514018
PVm7Om88BSw.002,test,0.5700934579439252
dl9IT3OvI0o.000,test,0.5046728971962616
p-V78q8dtYo.000,test,0.2897196261682243
pnY7YOgdl54.001,test,0.8130841121495327
Yj36y7ELRZE.002,test,0.2897196261682243
bLOSPQ8MAC8.005,test,0.5514018691588785
PpJ4S8ZM8mQ.001,test,0.4205607476635514
300gK3CnzW0.003,test,0.3738317757009345
wUkdpuWq_Q0.004,test,0.644859813084112
Uu-NbXUPr-A.004,test,0.6915887850467289
zMXfMcqpPwQ.004,test,0.5233644859813084
G-25EWOIGNs.003,test,0.4112149532710279
2TXrDZgbDHE.000,test,0.3925233644859813
SGnhyxlbqaE.000,test,0.4672897196261681
GquB5W7bzFo.004,test,0.4859813084112149
Z3E1jkaNRKs.002,test,0.5887850467289719
U-XrzfFzMkg.002,test,0.5046728971962616
zyGz_H1UTnQ.000,test,0.5607476635514018
OiDyfO2zB7s.003,test,0.4672897196261681
cLaZxEf1nE4.004,test,0.644859813084112
m0tNIKbEwHE.001,test,0.8691588785046729
yEY_2BYZhnQ.001,test,0.644859813084112
UQeuBvZNusI.004,test,0.3177570093457943
T1_6sVNHG70.002,test,0.1962616822429906
eqXrUXW4yHY.001,test,0.644859813084112
qssXr_Fg96o.004,test,0.4205607476635514
wp59eOvygp0.000,test,0.6822429906542056
glgfB3vFewc.004,test,0.5887850467289719
DnTtbAR_Qyw.003,test,0.5887850467289719
7tB2Rtm4XeU.003,test,0.7850467289719626
5BPGRteF64Y.003,test,0.2990654205607476
cZ6xhB5yhfY.000,test,0.616822429906542
UtVo107m5lg.000,test,0.4112149532710279
9eNHxfOV2Kg.005,test,0.5700934579439252
JduPstuHv5A.002,test,0.4953271028037382
t1PKNXE-IiM.003,test,0.5794392523364486
9cxghgS9upg.004,test,0.2990654205607476
C-48U5oDuvw.002,test,0.4953271028037382
xeE08Vn-HXI.003,test,0.5607476635514018
UWVOT3YPQH4.003,test,0.4766355140186915
ilOi-sQo9HI.004,test,0.4018691588785046
zyGz_H1UTnQ.001,test,0.5233644859813084
9z5cV1ANYwE.004,test,0.4112149532710279
mpk5Ubw2fj8.002,test,0.5981308411214953
5bi_PM3XMEQ.001,test,0.5700934579439252
OMHlfDF99Mw.005,test,0.6355140186915886
A1lbD_OCuj4.001,test,0.4859813084112149
jlDYn537Pd0.000,test,0.5794392523364486
KYkfjIZEScM.000,test,0.5794392523364486
YPnuq0tDDqk.004,test,0.2803738317757009
P2T93mqAsWk.000,test,0.5607476635514018
ZGox7tevC6A.003,test,0.336448598130841
CPtaCNonKlE.005,test,0.616822429906542
gkhbUDIK-YM.001,test,0.5981308411214953
S-e9-bW4seo.000,test,0.4859813084112149
PpJ4S8ZM8mQ.004,test,0.6542056074766355
kKRc2aXzQyM.001,test,0.439252336448598
vzttwG7SKZ8.001,test,0.7570093457943924
DChmTb-c9uM.002,test,0.6261682242990654
PWAe9M2SxT8.005,test,0.3738317757009345
KGRUaRe3r7I.004,test,0.7476635514018691
f4rQJiW6oSk.002,test,0.6542056074766355
plNPzKp2DFw.003,test,0.6822429906542056
dB65He57Ki8.000,test,0.6915887850467289
tYpxPqwle5k.000,test,0.514018691588785
isaP2l3rlBQ.003,test,0.6074766355140186
8PXQ_5tUv74.002,test,0.5607476635514018
8mZZlnbmOYE.005,test,0.3925233644859813
A7qb47cmxJo.003,test,0.616822429906542
6wHQsN5g2RM.001,test,0.514018691588785
SfldZBPyPFo.005,test,0.1962616822429906
MCr6FmFAhak.000,test,0.6074766355140186
y9nS5DkAInI.001,test,0.4299065420560747
LKqN07ryM5I.000,test,0.5233644859813084
JmAQlC-FEV8.000,test,0.1775700934579439
YZp79VcnY0w.000,test,0.5514018691588785
f9GeYKAXgAQ.004,test,0.3925233644859813
UANQntvIqVk.005,test,0.719626168224299
REAxeTWo1QM.001,test,0.6074766355140186
yHwuRYr5lxk.002,test,0.6261682242990654
naAGy30bnwA.001,test,0.2897196261682243
T3v3-2tvV0s.003,test,0.3271028037383177
UoC_4qi_m9c.004,test,0.3831775700934579
heE4ZZXwehI.003,test,0.4859813084112149
Cng72emlXAM.002,test,0.5514018691588785
VbiUhNAdzus.005,test,0.4485981308411215
gCQT7zfS7sI.004,test,0.3551401869158878
fwJykIyvS04.004,test,0.5794392523364486
MI_GQLbnoew.002,test,0.5327102803738317
phjVMKGYBKs.001,test,0.719626168224299
2oEUp9sGRGk.002,test,0.7570093457943924
3DURnr95fMg.003,test,0.2523364485981308
7knYNR1tAig.003,test,0.4672897196261681
cLaZxEf1nE4.000,test,0.5514018691588785
T6CMGXdPUTA.005,test,0.7570093457943924
wTo1uZns2X8.004,test,0.5233644859813084
8yFYvQ_kxW8.004,test,0.5700934579439252
w2FKw8IhbFw.004,test,0.336448598130841
lyZZSU1ziCQ.004,test,0.5794392523364486
Iy7rcTk7KsQ.000,test,0.3925233644859813
2AV8m02PjdU.004,test,0.2710280373831775
-10-QQDO_ME.001,test,0.514018691588785
c672aEuUa-g.000,test,0.439252336448598
s-jZlMKQGwc.001,test,0.5420560747663551
--Ymqszjv54.000,test,0.4579439252336448
nLB29nx1Jp4.002,test,0.6261682242990654
b8GPFr11adA.003,test,0.4579439252336448
s-jZlMKQGwc.004,test,0.5514018691588785
m0iznoJi8hw.000,test,0.4859813084112149
b-qfeGqPd04.002,test,0.5046728971962616
l7U3YDIOE_s.004,test,0.2803738317757009
KHQJhOzdrYo.001,test,0.4579439252336448
pDt0F4zFfBs.004,test,0.4485981308411215
TPRQyuiNYmI.001,test,0.7757009345794392
1mReUxIEuw0.004,test,0.3177570093457943
_GFregyrwfo.001,test,0.5981308411214953
modNfUPt3F4.001,test,0.5607476635514018
2d6btbaNdfo.002,test,0.5046728971962616
m-GLU7qAR28.001,test,0.6635514018691588
YLKPVl-M3Ck.002,test,0.5420560747663551
uDm7iZuX5DQ.004,test,0.2990654205607476
txU8yE9d-4k.000,test,0.2710280373831775
_bOOlidEWgY.000,test,0.7289719626168224
KueRj0rDWIE.004,test,0.6915887850467289
vA1ytZ6QR5c.002,test,0.5233644859813084
jVSnAbEGKLM.000,test,0.7663551401869158
aaylz9A9K80.002,test,0.7383177570093457
fTpemcfElxI.002,test,0.2990654205607476
MsGTYOOp4hE.000,test,0.5794392523364486
Wj8ZY5d1lbs.001,test,0.3177570093457943
p-V78q8dtYo.004,test,0.3551401869158878
j6Rvmjjp7pU.001,test,0.7943925233644858
kY_4WyAXxrQ.002,test,0.4579439252336448
oq_v2yocx34.000,test,0.7289719626168224
m2uxFfpb5xU.002,test,0.4299065420560747
Fe9_SVPd_5I.000,test,0.6261682242990654
AlEqtGWa43g.002,test,0.514018691588785
W0Ay5uul8j0.003,test,0.514018691588785
btcCanysQsw.002,test,0.439252336448598
TkCDs7NlXyU.003,test,0.7102803738317757
85isLsZHZpo.002,test,0.7943925233644858
c3SQSM9OIsA.002,test,0.719626168224299
ihA8DzHWyiU.000,test,0.6635514018691588
cQRFb-xa4Vc.001,test,0.5514018691588785
JJxLsbLQlIE.003,test,0.5887850467289719
ytSIdQkw3gc.001,test,0.4579439252336448
bZAKBS9q0ZI.000,test,0.5794392523364486
IGjI8aP14gg.000,test,0.4485981308411215
iFSF6v3xw_k.003,test,0.5514018691588785
nOFHZ_s7Et4.000,test,0.5046728971962616
jd9_8OPxM3A.005,test,0.4766355140186915
5z4G0biL9B4.005,test,0.7757009345794392
_lQinJGE7Qs.005,test,0.1588785046728971
TeNC9wOhlXM.001,test,0.644859813084112
Etw3iulV5Eg.002,test,0.6635514018691588
9DF_-PXbpkg.000,test,0.7009345794392522
fEZrAGQoh_g.003,test,0.4299065420560747
2c42A4Z7qPE.001,test,0.6261682242990654
xfMOELCuN94.005,test,0.5700934579439252
xRhUBifOWiI.005,test,0.6074766355140186
PHv6CzBIC5E.003,test,0.233644859813084
lLObIVKYDUI.003,test,0.4859813084112149
S1AEj1kO5dc.003,test,0.3177570093457943
8RVJqjILSD0.004,test,0.4485981308411215
i1gouUmZumY.000,test,0.4953271028037382
sSR1a5XW7n4.003,test,0.4579439252336448
IV01x2GS61g.001,test,0.6074766355140186
fGAcEyZXFTo.004,test,0.4672897196261681
V8w2Lo5wxl8.003,test,0.439252336448598
f7togdqxEoo.000,test,0.1775700934579439
qFYgMFMal_s.000,test,0.5420560747663551
ikCqtEGQbrg.002,test,0.5514018691588785
2-LDYe7OXZU.002,test,0.4766355140186915
j6d-KRDXnUI.005,test,0.7383177570093457
83cmR2fkyy8.000,test,0.5046728971962616
8YQKwMdiaAE.004,test,0.5607476635514018
AotbiNsU85A.003,test,0.2990654205607476
kK534gUcRF4.000,test,0.8130841121495327
a5tVPpLsaGc.004,test,0.4953271028037382
1XqMZQu_pP4.004,test,0.5046728971962616
xq0-QVHxp-Q.002,test,0.7289719626168224
LmA23EIaXqg.004,test,0.336448598130841
nvlqJbHk_Lc.003,test,0.439252336448598
xgwiqo2AsCA.005,test,0.0654205607476635
JZNMxa3OKHY.000,test,0.5794392523364486
7ZnijRlK5-E.000,test,0.4205607476635514
mEQBB6XsJFk.003,test,0.5233644859813084
aaylz9A9K80.000,test,0.7476635514018691
3P_D_bd-_NM.004,test,0.4579439252336448
HTF8k56_Oxo.000,test,0.4018691588785046
PVm7Om88BSw.000,test,0.2429906542056074
VvVigAr4hZc.000,test,0.6542056074766355
oe1PZxExhzc.000,test,0.5046728971962616
2UxhlaDEPmI.001,test,0.233644859813084
xEmwNv4OxGE.003,test,0.5420560747663551
xYXVkQOmSfk.004,test,0.5233644859813084
OovRk5U9_GY.003,test,0.6542056074766355
c7tczvW3_dQ.003,test,0.4112149532710279
sR6UEGk-_mE.000,test,0.5233644859813084
Ea0UKBPCm3Q.003,test,0.2897196261682243
encC96iqr9Y.005,test,0.5420560747663551
JzS1ZJGBd5A.000,test,0.7850467289719626
1tPH6PNeOSk.005,test,0.616822429906542
8e4nnel_x-M.002,test,0.6542056074766355
7GRC7XjGzX8.002,test,0.7289719626168224
bSeTNdOtK7I.005,test,0.5794392523364486
1Lv72Si4GnY.000,test,0.1588785046728971
hDqsuyVeWmw.001,test,0.5981308411214953
J9WyswA0vow.000,test,0.5981308411214953
mwjoabuP-GM.001,test,0.439252336448598
_mtiuHyOFXg.004,test,0.5700934579439252
26ZnknvfdNM.000,test,0.2990654205607476
3b9fhd-EDaY.000,test,0.4859813084112149
yzKfXFT5KYU.001,test,0.5420560747663551
UA6UY69EVSI.001,test,0.4579439252336448
YliKljQIX2o.005,test,0.644859813084112
jvHDFrgu9PA.002,test,0.6635514018691588
hIxLNK_x_QA.003,test,0.4579439252336448
yRVvI1x2DBI.001,test,0.5981308411214953
g9zgIN56MnQ.000,test,0.5046728971962616
VmXZ2jMWuvk.005,test,0.308411214953271
3JAFkk42zPs.000,test,0.1028037383177569
GkPz3-y6Les.000,test,0.4485981308411215
_plk5k7PBEg.003,test,0.6074766355140186
bEXDNfLBy1I.001,test,0.4579439252336448
3g6Ab-BIbR4.004,test,0.6261682242990654
_TbRQa4InvM.001,test,0.7102803738317757
JbXgnjVWEoM.000,test,0.2149532710280373
99OBSlFjLXI.005,test,0.4953271028037382
JSmYRIDgryI.001,test,0.5420560747663551
WnmPDmb00Mc.000,test,0.6355140186915886
uStuc1OX0f0.002,test,0.7476635514018691
pvvff396Rqg.000,test,0.6074766355140186
Qa-yF-tByDM.004,test,0.6355140186915886
struoSVUsUg.003,test,0.7102803738317757
-VTqcHNgH7M.000,test,0.4766355140186915
F4yC1_n6ApY.000,test,0.336448598130841
vqLtOsoNPnU.005,test,0.822429906542056
KsToJAKi7xQ.001,test,0.3457943925233644
4a6-tNo-NDM.001,test,0.2523364485981308
4lIbWq27O84.003,test,0.5046728971962616
Sdqg-jn_tBk.002,test,0.5700934579439252
r2HcJYjGK5s.000,test,0.5046728971962616
W0Ay5uul8j0.000,test,0.5514018691588785
3WoXkI06zGk.000,test,0.3644859813084112
r9TaaVTo8Y8.005,test,0.5420560747663551
DctPau1p7JM.000,test,0.4112149532710279
mfGhtr0zy3k.003,test,0.6542056074766355
phjVMKGYBKs.002,test,0.4299065420560747
fiEEjrKhlNU.000,test,0.6728971962616823
knpgk7LAMb0.004,test,0.1962616822429906
3gmc2kLV4Bo.003,test,0.6728971962616823
7kO7jYYUVWg.001,test,0.5420560747663551
8hGOOynn3ZU.000,test,0.336448598130841
scifP1EXSdo.000,test,0.7943925233644858
De4i7-FX9Og.005,test,0.4299065420560747
D4hPHPp1W-Q.003,test,0.4953271028037382
Ay7bZ7Sgx9Q.002,test,0.5887850467289719
VXcccqr-IAU.000,test,0.4112149532710279
QBZieJiOl1w.000,test,0.5700934579439252
7qGYGbIg45c.003,test,0.3177570093457943
Qz_cjgCtDcM.002,test,0.5981308411214953
XnSbc0tEzQ0.005,test,0.336448598130841
UvX6ctu2ObM.000,test,0.4766355140186915
AJIphVRpYrg.001,test,0.7383177570093457
fyXiORXmWHs.005,test,0.439252336448598
UMMhvyjgRnM.002,test,0.6542056074766355
HoJXPFp9hYo.002,test,0.5981308411214953
Vyktsh14Kww.002,test,0.5233644859813084
43tayteIFRk.003,test,0.5420560747663551
BeyIfaH64xY.005,test,0.4112149532710279
wyq_eWJClSY.001,test,0.439252336448598
IL5VgGakSNw.001,test,0.4579439252336448
A7ZNwKJzGpk.000,test,0.2242990654205607
h_kjgcJ_bqU.001,test,0.6822429906542056
NVvKBE5FTMk.002,test,0.5607476635514018
OLFhKCgexRU.005,test,0.8317757009345793
kX-o1qmgWvc.003,test,0.5420560747663551
AFvUxDwJB84.004,test,0.4018691588785046
J9MfhPoJOaw.000,test,0.7476635514018691
PReOtefm17s.004,test,0.5607476635514018
sqnW6xXYTKg.004,test,0.4205607476635514
xsDABUrvs6w.003,test,0.1775700934579439
8RObWRnyuG0.000,test,0.6542056074766355
P0ZzjnS8E24.005,test,0.644859813084112
A3StIKMjn4k.003,test,0.6915887850467289
pzfDth6nFQE.001,test,0.3644859813084112
2AV8m02PjdU.001,test,0.3457943925233644
mFz5Fbs97QA.005,test,0.439252336448598
voSLxKtKr0Q.001,test,0.5794392523364486
fL8VYpOTLSM.003,test,0.4953271028037382
-4J4xkfN5cI.002,test,0.2803738317757009
XfK7WZ3skUM.004,test,0.4018691588785046
WATt9OOVZh8.000,test,0.8691588785046729
qAisk1lgv2I.005,test,0.336448598130841
wzCdM6Fe_4A.000,test,0.5981308411214953
8gvBbE6iZNo.002,test,0.6728971962616823
Lz3hYPF6aIM.002,test,0.4205607476635514
4fN-DKUzgWQ.004,test,0.6355140186915886
uStuc1OX0f0.001,test,0.6355140186915886
HH03EXo0TB0.005,test,0.4205607476635514
B3VQeeev0r0.003,test,0.5607476635514018
pPtzEnf5afw.002,test,0.4485981308411215
hnWMsZEQWt4.004,test,0.7009345794392522
bmj4khBLUOs.000,test,0.439252336448598
2Z8Xi_DTlpI.005,test,0.6728971962616823
6waL_gUxtAM.003,test,0.719626168224299
k4QmzZuQl9s.001,test,0.4299065420560747
qoztP0w5-Vo.002,test,0.644859813084112
Vyktsh14Kww.001,test,0.6822429906542056
b8GPFr11adA.000,test,0.5327102803738317
8OckVmEZ8X8.003,test,0.6542056074766355
-PWjgx2czwY.001,test,0.6635514018691588
mkWfG-4vvGc.002,test,0.8691588785046729
eCoEQ_R5C3U.001,test,0.5607476635514018
BfTaDQvantk.000,test,0.3551401869158878
KYvMsMLNGvY.002,test,0.4579439252336448
-R2SZu3SYgM.001,test,0.1869158878504672
z0v9LukQRHU.003,test,0.2616822429906542
X-i_eQ48DBw.002,test,0.4485981308411215
syTTeox8Yaw.000,test,0.6355140186915886
oe1PZxExhzc.004,test,0.5794392523364486
qVrXROy4Ais.002,test,0.5794392523364486
knpgk7LAMb0.003,test,0.3831775700934579
KM6Nc_VipyQ.000,test,0.6728971962616823
HWuh0biZQ_c.005,test,0.2056074766355139
SRjhmQTPOmA.001,test,0.4672897196261681
fBMKlYUjA9E.002,test,0.6822429906542056
FksSYDfLH04.000,test,0.5607476635514018
oontew1LiUU.002,test,0.2056074766355139
-fqiCqZtgYs.005,test,0.514018691588785
-N6QKrbnaDs.003,test,0.3271028037383177
8KyS0FKbKfI.005,test,0.5887850467289719
ioaBnmfoHgo.005,test,0.6074766355140186
Gl93Hw1A2kY.001,test,0.514018691588785
owRKOW0ymCM.004,test,0.5700934579439252
YiX6thczM1w.000,test,0.6542056074766355
t6-ljEWQjW8.004,test,0.4205607476635514
3ySH8eJQRCI.000,test,0.6261682242990654
aIh8DTa3RVg.005,test,0.4859813084112149
L5kpy0SA7os.001,test,0.3551401869158878
KJ643kfjqLY.000,test,0.6355140186915886
BLKXsX7-WIg.002,test,0.3177570093457943
xsDABUrvs6w.005,test,0.233644859813084
XEpdSMQfEOs.001,test,0.5420560747663551
VoPuhcQc_mg.005,test,0.2429906542056074
opqoflph5ZE.005,test,0.4766355140186915
zWetcoNHgrQ.001,test,0.4205607476635514
HJkoeB_F4c4.004,test,0.5607476635514018
m-GLU7qAR28.004,test,0.6355140186915886
Y9wnqLKhNNI.000,test,0.7102803738317757
7PYAn9njCHI.000,test,0.6261682242990654
YocrYFLm4CM.001,test,0.6261682242990654
tcmYlyeqwuI.005,test,0.233644859813084
ai-RZb0ZpKI.005,test,0.6355140186915886
53gtUkC7IZM.002,test,0.336448598130841
cNGvJfbdI1o.001,test,0.3925233644859813
sPMNhG1Sehc.000,test,0.3831775700934579
P0a209IS614.001,test,0.7943925233644858
6JfSPPVUgIg.000,test,0.5046728971962616
s0pgZM5G6ds.000,test,0.2990654205607476
W0LRjSS9pVM.002,test,0.3457943925233644
isaP2l3rlBQ.002,test,0.4672897196261681
YygvfVxOWP8.003,test,0.5514018691588785
_UnoRkHkYB8.001,test,0.4112149532710279
FSBBbxNi0iU.000,test,0.5233644859813084
KmHe8urs3LI.001,test,0.2803738317757009
tt-EaApaHx4.003,test,0.4299065420560747
u_OwN18tbCI.001,test,0.439252336448598
nEm44UpCKmA.002,test,0.4766355140186915
jxt1W2WRNHQ.001,test,0.4672897196261681
mBdVuEXRlfQ.005,test,0.6635514018691588
J6RHl6U6Jcw.002,test,0.5046728971962616
oANKg9_grdA.001,test,0.5233644859813084
qoztP0w5-Vo.004,test,0.6074766355140186
-mt-IKgGhuY.002,test,0.514018691588785
DcVwxxbKGF4.000,test,0.5327102803738317
nCWEEoJfjgE.003,test,0.5794392523364486
OmXuhT4yJpo.004,test,0.644859813084112
c3esnCQDoKc.001,test,0.5981308411214953
7WixH0aSfqI.003,test,0.5233644859813084
Cl5jhuLQ9Dg.000,test,0.4672897196261681
GHetseJP358.000,test,0.5046728971962616
AotbiNsU85A.004,test,0.4672897196261681
ZYmZ6fOnEVg.000,test,0.4859813084112149
T1tJTwlGqOM.003,test,0.4672897196261681
c7tczvW3_dQ.001,test,0.4859813084112149
GJ0uTtD3kSg.000,test,0.6542056074766355
xVJDjbiIjTo.005,test,0.336448598130841
d_POf1pikX0.003,test,0.3925233644859813
XT4rTk6-Etc.003,test,0.5046728971962616
cT3oyHhUznw.002,test,0.4485981308411215
LRczShwIVbM.003,test,0.5607476635514018
P7poMmhYnM0.000,test,0.3925233644859813
kY_4WyAXxrQ.001,test,0.4953271028037382
BLwgxAWf7cg.002,test,0.1682242990654205
isqmQc9AfBc.004,test,0.5420560747663551
vp9p1osOaLI.004,test,0.5887850467289719
Rw_ZLT9vZTI.001,test,0.7757009345794392
ZHya-p83XPQ.000,test,0.439252336448598
VUGWfw5PVLY.001,test,0.4205607476635514
0MB91ku0eEw.002,test,0.7289719626168224
WD1WsbooU2w.004,test,0.336448598130841
puLXzqUvm_U.005,test,0.4766355140186915
Af_F0IzHK6o.002,test,0.5046728971962616
MZkDsB04kt8.003,test,0.5794392523364486
19pTUX8KfYM.002,test,0.7009345794392522
fsaslN7xV-w.005,test,0.2803738317757009
Psahy1Vju4A.004,test,0.5420560747663551
ai-RZb0ZpKI.000,test,0.6074766355140186
pEYFpmjwKC0.000,test,0.5887850467289719
xtDw9TlWiww.003,test,0.4205607476635514
S1AEj1kO5dc.000,test,0.3457943925233644
D4TU65xbF4g.003,test,0.4953271028037382
Fe9_SVPd_5I.001,test,0.6261682242990654
1uC-2TZqplE.003,test,0.4579439252336448
qFYgMFMal_s.003,test,0.439252336448598
ask-ZFRztf8.003,test,0.5046728971962616
hmy9XEvT2v4.002,test,0.3738317757009345
zeUC7e-4w1E.001,test,0.719626168224299
69BopbFc34U.002,test,0.3738317757009345
7BgScfRre5M.000,test,0.7009345794392522
urCVAp964Tc.004,test,0.1401869158878504
53QFyec0uN0.000,test,0.7383177570093457
As93GgkTdt4.002,test,0.5514018691588785
YiX6thczM1w.004,test,0.5327102803738317
bnoPmV0_aIc.003,test,0.7009345794392522
6RwVJK3husE.002,test,0.6542056074766355
DChmTb-c9uM.003,test,0.4859813084112149
26CMYJn3u6Y.001,test,0.4579439252336448
HhC2cGFFZeY.003,test,0.4299065420560747
struoSVUsUg.004,test,0.4859813084112149
VuadgOz6T7s.004,test,0.1775700934579439
ItkIHtgVhIk.002,test,0.4672897196261681
iWyAQkMVNfM.005,test,0.4953271028037382
1Kb5d-w3YJ8.001,test,0.336448598130841
UUxEpR5Jgt0.000,test,0.3457943925233644
WwmWN63mkT4.005,test,0.308411214953271
a38rz5AIslE.004,test,0.5233644859813084
x0mD5kr2hu4.003,test,0.616822429906542
C47tB5JmEqQ.001,test,0.5794392523364486
_plk5k7PBEg.004,test,0.7476635514018691
wJl7DbsbrDA.003,test,0.5607476635514018
FkzVX7SQ9wE.005,test,0.6728971962616823
UVMEzA3yHsM.004,test,0.4112149532710279
9ZMIYSBYIh8.005,test,0.3738317757009345
VNK6LQHh25w.005,test,0.3271028037383177
kN9cs2nFhM4.001,test,0.4579439252336448
7QpoDA8t6yQ.004,test,0.5981308411214953
_Q4wOgixh7E.001,test,0.1682242990654205
PKe86w7jSGE.004,test,0.3831775700934579
HUHFlCs3YJ8.002,test,0.4859813084112149
vr5FWHUkYRM.002,test,0.2616822429906542
uf_sIIw4zxY.000,test,0.514018691588785
0G2o3fik36I.001,test,0.7009345794392522
mFz5Fbs97QA.000,test,0.4018691588785046
AEqpMdMeMZA.001,test,0.5233644859813084
7u0o63Z7q9E.002,test,0.7289719626168224
Lj1WuMXFa-4.005,test,0.308411214953271
0MB91ku0eEw.001,test,0.719626168224299
A0braVJH3Pw.005,test,0.233644859813084
M17x1DCxFj4.000,test,0.336448598130841
50gokPvvMs8.005,test,0.3644859813084112
0MB91ku0eEw.004,test,0.4299065420560747
xgwiqo2AsCA.003,test,0.1869158878504672
C9W-AEBcQzo.000,test,0.1869158878504672
VIKk25Ozx40.001,test,0.5514018691588785
CwmjP27fivQ.002,test,0.5514018691588785
uRY3aJAaogw.004,test,0.3271028037383177
De4i7-FX9Og.002,test,0.5887850467289719
6N02tjYPLh8.003,test,0.4299065420560747
W4tz3plvvKI.002,test,0.4299065420560747
nndDX4RgU1w.003,test,0.4672897196261681
uT-y9m7_-E0.000,test,0.5233644859813084
3hKgh9AB3tk.003,test,0.4672897196261681
4FS7wEOOBNk.004,test,0.6261682242990654
O2wMPdp2-Is.000,test,0.5700934579439252
2q8orkMs2Jg.004,test,0.7102803738317757
A29hMesGCEI.001,test,0.7476635514018691
Q0C0OU-j4DA.000,test,0.2803738317757009
EwMMNKLjO9w.003,test,0.4953271028037382
5xA8-Y5qgT0.002,test,0.4579439252336448
R0RURVpmU9M.003,test,0.5327102803738317
Gtq5nfRlRx8.002,test,0.6542056074766355
DegRGUG4Wi0.005,test,0.4953271028037382
Se3Gts4u1vs.002,test,0.644859813084112
GR-P1m_Yvm0.003,test,0.7289719626168224
jmbAPNTJ3Vk.004,test,0.644859813084112
eq1_h17oue4.005,test,0.4953271028037382
X1EjfXX3NTk.005,test,0.5700934579439252
k7-dMNJDc-w.001,test,0.2149532710280373
9_yDcQcapu0.004,test,0.5607476635514018
3VyriB3isO8.005,test,0.2803738317757009
YGrCXe2-fVk.000,test,0.7009345794392522
_Q4wOgixh7E.004,test,0.3457943925233644
Cdh_OCMZ4U8.004,test,0.7289719626168224
wXLL0teBlvs.002,test,0.8785046728971962
OXkDmd3nA94.005,test,0.2990654205607476
l3IoZ_QmOQo.003,test,0.6728971962616823
gFEntQ_UKvk.004,test,0.6261682242990654
2kqPuht5jTg.000,test,0.7850467289719626
HekcZ0Em60E.001,test,0.4299065420560747
kPife9TY9Pw.004,test,0.644859813084112
gZzB49daFfA.004,test,0.6074766355140186
p_kPnCD7WzU.004,test,0.4018691588785046
B8kzwm6ZaUo.003,test,0.6261682242990654
WfZodMIIGR0.004,test,0.7943925233644858
-DOqN0d8KHw.005,test,0.5887850467289719
rIHcq2E67Nc.001,test,0.5420560747663551
n6JNJurop2U.001,test,0.7757009345794392
xcMwMi4fdis.000,test,0.4299065420560747
M5_x5J-H2I0.002,test,0.5327102803738317
RF3JnDmv8WY.005,test,0.3644859813084112
CGfr9jl8w4Y.002,test,0.4485981308411215
13KtmgntgQw.004,test,0.616822429906542
4vdJGgZpj4k.000,test,0.5233644859813084
BStHNKV820Q.005,test,0.4953271028037382
BLc_GvsbI1U.001,test,0.7570093457943924
mK8ebTJyrCI.004,test,0.1869158878504672
qVrXROy4Ais.005,test,0.5420560747663551
w0CQ55sKmck.000,test,0.4859813084112149
ihmTGSMvQM4.003,test,0.6542056074766355
54JawR1x0II.000,test,0.616822429906542
s6N1pv5lzrU.001,test,0.4579439252336448
AjCI_w9Szks.004,test,0.3551401869158878
gj3-xvhPeWg.004,test,0.6074766355140186
NoHext7JXYU.005,test,0.4953271028037382
phjVMKGYBKs.004,test,0.4299065420560747
eXtskPoi58A.004,test,0.3644859813084112
U2RemWUyjts.005,test,0.7850467289719626
oe1PZxExhzc.002,test,0.5046728971962616
7Y4cUPFEt-4.003,test,0.644859813084112
CFk4v2Kd5Ns.000,test,0.5233644859813084
NXG4n1pr4Ok.005,test,0.4112149532710279
dLltwqkvsNg.000,test,0.5700934579439252
p5v75vAZ7F0.000,test,0.2990654205607476
CdUYBux3Vn8.001,test,0.4953271028037382
uoLDJJMK5Gw.003,test,0.6074766355140186
Y9WX7ucPP-o.004,test,0.5327102803738317
qP8YzH6LT9c.002,test,0.6074766355140186
ADBzMIo1jd8.000,test,0.5794392523364486
Tg8a_iNEamM.002,test,0.2242990654205607
LGdzP-r_G3U.000,test,0.5514018691588785
gngqDNTAXnI.001,test,0.5887850467289719
jQRFHBVs0dA.002,test,0.514018691588785
p9tAC-RqZPI.000,test,0.4859813084112149
FU1ak530DDo.002,test,0.4953271028037382
Psahy1Vju4A.001,test,0.4672897196261681
zwO2zBdbCb4.004,test,0.514018691588785
T1_6sVNHG70.003,test,0.3457943925233644
ihmTGSMvQM4.001,test,0.5700934579439252
nEm44UpCKmA.004,test,0.644859813084112
V4ibYU1O-YI.003,test,0.2149532710280373
yUESJPS0wS8.001,test,0.5233644859813084
V7_h3URfSFY.004,test,0.2523364485981308
PsHb4YHooKM.004,test,0.5327102803738317
HoJXPFp9hYo.001,test,0.616822429906542
57o4odfqTs8.000,test,0.5327102803738317
H6yu96w7tUc.003,test,0.5607476635514018
DfpKVl9Zpdg.000,test,0.2429906542056074
hI-wCYzV8xs.002,test,0.6542056074766355
wy1szFSVpEI.000,test,0.6542056074766355
KtY6C83o2rs.002,test,0.5327102803738317
9xJ0rFCU-OM.000,test,0.439252336448598
F9mZ6De_6Ko.003,test,0.4205607476635514
IFXaH_E54iA.000,test,0.233644859813084
BuKzIqR4eBU.004,test,0.4766355140186915
NXG4n1pr4Ok.000,test,0.2803738317757009
l3IoZ_QmOQo.005,test,0.4579439252336448
o6JCQlOC3oE.000,test,0.2990654205607476
_65KGQpiabs.002,test,0.2616822429906542
1q-N_zbsAg0.002,test,0.4953271028037382
c7tczvW3_dQ.004,test,0.439252336448598
3S72dDIm1fM.002,test,0.644859813084112
ZNymNgd5EuQ.003,test,0.6542056074766355
Znixev2a1AI.005,test,0.4859813084112149
69EsTnCVCp0.004,test,0.5794392523364486
wyq_eWJClSY.005,test,0.439252336448598
kV7MFI2_ddo.003,test,0.4953271028037382
gGyV-rc-sKE.003,test,0.5233644859813084
bLOSPQ8MAC8.003,test,0.6635514018691588
KmHe8urs3LI.004,test,0.3925233644859813
6zm71IHOCZA.003,test,0.4299065420560747
Y9WX7ucPP-o.003,test,0.7663551401869158
3zAyM2edy1g.002,test,0.3457943925233644
6V807Mf_gHM.004,test,0.719626168224299
L-rmZZP_wj8.005,test,0.308411214953271
SPMDX6qt4I4.000,test,0.1401869158878504
On2c_8sU8Vw.005,test,0.3925233644859813
DcVwxxbKGF4.004,test,0.4018691588785046
W7BbL3NZvrU.002,test,0.5794392523364486
5ghk5950BhU.000,test,0.5887850467289719
cWvZnl5XjwI.001,test,0.4018691588785046
RgZTZIf8K8g.004,test,0.2803738317757009
jrhvXPaXo-0.003,test,0.3925233644859813
0uCqd5hZcyI.002,test,0.5514018691588785
VIhStXxpAr0.002,test,0.4485981308411215
2AYq7CdNXNo.005,test,0.6261682242990654
7qGYGbIg45c.001,test,0.2897196261682243
NpMRzuRmeDQ.002,test,0.4766355140186915
dRP8ZaAryro.002,test,0.6728971962616823
WosLI6krxUg.005,test,0.4859813084112149
kPXVZD3ac8s.001,test,0.6355140186915886
U2RemWUyjts.002,test,0.4018691588785046
iQvoDdxt06M.002,test,0.6355140186915886
siEnTktB4lQ.000,test,0.4205607476635514
ApPnsnIZozw.003,test,0.5420560747663551
3b9fhd-EDaY.002,test,0.514018691588785
4CSV8L7aVik.004,test,0.5046728971962616
9_6auSk_wkY.002,test,0.6261682242990654
vp9p1osOaLI.001,test,0.6355140186915886
VPFrKx72gvo.005,test,0.2242990654205607
nIwFocnmRFY.005,test,0.6355140186915886
taSAaWKcmTw.003,test,0.5327102803738317
l7U3YDIOE_s.005,test,0.2429906542056074
iqs7mZbg5UI.000,test,0.5794392523364486
38fE5B4ghw0.001,test,0.5327102803738317
MOobNUpfWiY.001,test,0.3738317757009345
T1_6sVNHG70.004,test,0.4205607476635514
feg-RNvT-t0.004,test,0.4766355140186915
ZgFh3JPMs3Q.005,test,0.5981308411214953
pru5ut4lxkQ.001,test,0.4485981308411215
MK7KveAeb6Y.001,test,0.5046728971962616
Y1LXjxAQihQ.002,test,0.7476635514018691
KLY518hfGhU.003,test,0.5420560747663551
2GHz8LYflE0.003,test,0.3551401869158878
dd0z9mErfSo.000,test,0.4299065420560747
8i7H-uSCQcc.000,test,0.5327102803738317
J8N2OCqM6N0.002,test,0.3271028037383177
_tq-VgoXGMo.004,test,0.4579439252336448
Q8Hfg0odW2k.001,test,0.719626168224299
hnWMsZEQWt4.005,test,0.719626168224299
fsLf6Xv_Gbk.000,test,0.6915887850467289
9J-KIPMQmqk.002,test,0.6542056074766355
Tr3A7WODEuM.004,test,0.5981308411214953
LP5N5uPfTdA.003,test,0.4205607476635514
W4tz3plvvKI.001,test,0.4579439252336448
PgpMUHH8lEI.001,test,0.5794392523364486
RQeoo3idUJc.001,test,0.3177570093457943
bN2IM-rqZlc.003,test,0.1869158878504672
_fJcW5234bY.005,test,0.5887850467289719
tTBRJznaNi0.003,test,0.4859813084112149
CQMH9Qguuao.001,test,0.5233644859813084
lsXw8u4QXIU.004,test,0.6261682242990654
bj9kSmBeQRg.000,test,0.6822429906542056
-RqxrwIxMvE.004,test,0.6542056074766355
L9sG80PI1Gw.000,test,0.5420560747663551
9CPKW0sqR3E.004,test,0.6822429906542056
ZhPQrqxo2mw.003,test,0.6822429906542056
1DCnIad1Y0w.001,test,0.2242990654205607
7knYNR1tAig.005,test,0.2710280373831775
8aPfoJiDeBY.001,test,0.5981308411214953
JRqhE9jsamU.000,test,0.4859813084112149
6M8OQNo64Tc.001,test,0.2242990654205607
d9ekvXz64Mc.004,test,0.8037383177570093
ZRl_k6DzTeI.005,test,0.514018691588785
cpch8WDydcM.004,test,0.5514018691588785
NFAlff6GUpA.004,test,0.4953271028037382
R8Gpa-rRywc.000,test,0.4485981308411215
87r3cLkrw4A.004,test,0.6635514018691588
KhMsmtSC5Lg.002,test,0.5233644859813084
DzqJmiQjsZ4.003,test,0.4859813084112149
L-C1blPD_ec.003,test,0.514018691588785
Cv_QK9bPagQ.004,test,0.5607476635514018
B4ducm9sydg.004,test,0.4579439252336448
n1nVCG0zqOI.001,test,0.439252336448598
fgEddXirQvQ.000,test,0.5046728971962616
tCnfvBwWVKw.005,test,0.2616822429906542
ZNymNgd5EuQ.001,test,0.6355140186915886
2PSGksTyrnI.000,test,0.5046728971962616
nmZRXxKPPuQ.004,test,0.3644859813084112
KVepk_9iPEU.000,test,0.5420560747663551
YyHOKFYDZ5Y.001,test,0.5046728971962616
rIRBEkDhn6Q.000,test,0.6542056074766355
-N6QKrbnaDs.004,test,0.3271028037383177
vJDx6TCX32M.005,test,0.7570093457943924
sHVXhr7_EOs.001,test,0.2803738317757009
GcuoyJPO-KU.005,test,0.5233644859813084
50gokPvvMs8.001,test,0.5233644859813084
dl9IT3OvI0o.003,test,0.5794392523364486
Gvdh94z-SoM.000,test,0.3925233644859813
fyXiORXmWHs.000,test,0.514018691588785
0u56Q_QmxIM.000,test,0.514018691588785
FxVUG2R1y0Q.002,test,0.6822429906542056
ZMOcuCj-86c.001,test,0.4672897196261681
9cj8rrj1wSk.001,test,0.7102803738317757
EX3i4IMY1Pw.004,test,0.5981308411214953
bN2IM-rqZlc.000,test,0.2897196261682243
3wRj39GKLJ0.003,test,0.4766355140186915
fiVkE3iDWY4.005,test,0.439252336448598
QovE6L-C9VY.005,test,0.6261682242990654
12lqQE6oPNE.003,test,0.5700934579439252
fG-hvGTHoec.001,test,0.5700934579439252
9RfE2-aTvaM.002,test,0.5607476635514018
SwXvcwQcqgk.001,test,0.7102803738317757
12Ezy1y1cWY.000,test,0.6074766355140186
SfldZBPyPFo.004,test,0.2523364485981308
fhUGU2uiS1U.002,test,0.6915887850467289
VTrqCDYHVqU.005,test,0.308411214953271
nghDz0el8iI.003,test,0.644859813084112
y6LC5kAJmHw.005,test,0.5514018691588785
RhFPotjd0hM.000,test,0.2056074766355139
sa1ZACqr15U.001,test,0.8317757009345793
2NNYN1ZCJhw.001,test,0.4112149532710279
dNXqs5HNijI.005,test,0.5420560747663551
3LAaFUSGvsU.005,test,0.5607476635514018
5Eez38v8TuU.004,test,0.3271028037383177
rJgbslC72gw.000,test,0.3457943925233644
g24JGYuT74A.004,test,0.308411214953271
BS0wgLXqFgc.002,test,0.5794392523364486
A4zSLp-1gps.001,test,0.6542056074766355
bEXDNfLBy1I.005,test,0.5607476635514018
Gk94xrcmFts.001,test,0.2897196261682243
wBCSJVBr4ZE.000,test,0.5981308411214953
jwcSbw4NDn0.001,test,0.5607476635514018
8XBprf4NyOg.000,test,0.233644859813084
d_POf1pikX0.001,test,0.4205607476635514
MI_GQLbnoew.003,test,0.5233644859813084
fv5lLeyRdd4.003,test,0.5794392523364486
bcRPLKygrNk.004,test,0.3457943925233644
DhqfB9chceo.004,test,0.2616822429906542
wzCdM6Fe_4A.002,test,0.4299065420560747
C_NtwmmF2Ys.005,test,0.2990654205607476
KafUbLs_Fl8.000,test,0.4485981308411215
8qDKGnABATw.000,test,0.7102803738317757
cvg03XGFjCk.003,test,0.719626168224299
5BPGRteF64Y.004,test,0.3738317757009345
4Qr1BjZhnpg.001,test,0.4205607476635514
ODDGS0hTcUc.002,test,0.4485981308411215
Vj-Cmtqv_qY.004,test,0.5981308411214953
41NNb7cucVo.004,test,0.5607476635514018
FU1ak530DDo.005,test,0.2616822429906542
fmjILOLc3eg.004,test,0.4485981308411215
nUbhRInpVbA.003,test,0.3551401869158878
OMTlpgrJYFk.004,test,0.5887850467289719
f39E4ct09Cc.003,test,0.5887850467289719
in-HuMgiDCE.005,test,0.616822429906542
TJD__22fOr0.002,test,0.439252336448598
sHVXhr7_EOs.005,test,0.233644859813084
VJuVsi6G96s.004,test,0.5887850467289719
NXG4n1pr4Ok.003,test,0.439252336448598
pDt0F4zFfBs.002,test,0.8037383177570093
mKWscEow1U8.003,test,0.644859813084112
gCLfduV3Phw.000,test,0.233644859813084
me15sHPOjKo.004,test,0.5420560747663551
ujC_Fik6sBE.000,test,0.6915887850467289
SYlV95nPTPs.003,test,0.5233644859813084
ouYYWCY__5A.003,test,0.3457943925233644
XN5vpJU3ifw.002,test,0.2523364485981308
8QtlG5ujHyc.002,test,0.4859813084112149
5T2PhH-OMds.002,test,0.3551401869158878
RGuHfwIRKpA.004,test,0.616822429906542
HkqPfxphZsE.000,test,0.6915887850467289
6V807Mf_gHM.003,test,0.7009345794392522
jxoOEkSq0uM.002,test,0.5514018691588785
-agCXYgb7pI.002,test,0.4953271028037382
8hfhLOXpCNM.003,test,0.4859813084112149
OhHg1lyxe4I.003,test,0.1495327102803738
6zm71IHOCZA.005,test,0.4112149532710279
2GHz8LYflE0.001,test,0.4953271028037382
PQBGDxYGaXU.002,test,0.4112149532710279
hmcLIjG-hS8.000,test,0.4579439252336448
h9jIdLBaMEo.003,test,0.719626168224299
cWvZnl5XjwI.002,test,0.2990654205607476
nOCSTnpB_F4.004,test,0.5233644859813084
n4NkVZ1_dfk.001,test,0.514018691588785
upgv7xmOb1I.000,test,0.1962616822429906
xq0-QVHxp-Q.005,test,0.4579439252336448
40rn4A64Bdk.004,test,0.4579439252336448
QpA0gj1y6KE.002,test,0.6542056074766355
qBpv0BfiGQk.000,test,0.2710280373831775
FlAGm93fJa0.003,test,0.4299065420560747
be0DQawtVkE.002,test,0.5233644859813084
WpEZOSrENL0.000,test,0.5794392523364486
36sZ__mv_KY.000,test,0.5233644859813084
_kK9tGN883Y.005,test,0.2242990654205607
cgp1OzTOq1o.001,test,0.514018691588785
S-jhg6Y5OrE.000,test,0.719626168224299
Ie2y_yOeKpo.002,test,0.5233644859813084
xqGyF2T3pso.004,test,0.3177570093457943
n877YOU6Qy0.000,test,0.4579439252336448
IzsP0TRzFbo.001,test,0.5327102803738317
lShOveDL2dw.003,test,0.514018691588785
h6LOjpCRXtY.002,test,0.3831775700934579
uStuc1OX0f0.005,test,0.7663551401869158
cnsvc0alWOA.005,test,0.4766355140186915
Vk3scj5vhd4.003,test,0.5233644859813084
Y1LXjxAQihQ.000,test,0.6728971962616823
rW3hFpfGMHs.002,test,0.6355140186915886
SxKLweLx_ZE.001,test,0.3738317757009345
2SzC9dm4Yy4.000,test,0.4112149532710279
0axZSeaUbfs.000,test,0.4485981308411215
Ld8ouPJpdDU.000,test,0.3738317757009345
BBSB9OJdb0Q.000,test,0.4205607476635514
RbX4q4KceVk.001,test,0.439252336448598
51z2rCqPqPE.004,test,0.5887850467289719
pQy4omHIf7o.005,test,0.4579439252336448
EelHLfeSJfM.000,test,0.4672897196261681
o2lu6rkd5-Y.003,test,0.5887850467289719
X-i_eQ48DBw.003,test,0.3271028037383177
OmXuhT4yJpo.001,test,0.7009345794392522
PTV5TBVRHxo.004,test,0.7102803738317757
CRLsCyMfskE.005,test,0.514018691588785
mBJTwQsDC4M.005,test,0.6728971962616823
jrhvXPaXo-0.004,test,0.4205607476635514
-4J4xkfN5cI.000,test,0.4859813084112149
ZqbJIM7rmO8.000,test,0.719626168224299
Kga18VO9VwY.004,test,0.5887850467289719
GyLjVOVPGKQ.002,test,0.308411214953271
7b9DirXrkHo.005,test,0.3551401869158878
sOkGz6gEmGk.004,test,0.5046728971962616
gZzB49daFfA.001,test,0.6261682242990654
iL6lNdRS0ZU.003,test,0.5887850467289719
xQHmbJ_lPjY.004,test,0.5233644859813084
l-WgXcGLdZk.001,test,0.5514018691588785
t30ERiF6b50.005,test,0.439252336448598
4bDOetaLvZs.002,test,0.0841121495327102
io0aNQE8En8.001,test,0.3457943925233644
ihEFzP5S57g.002,test,0.1028037383177569
rY_bqkNUp9I.005,test,0.7757009345794392
_ZjEr8ybbFM.005,test,0.5514018691588785
L5kpy0SA7os.004,test,0.3738317757009345
E3z1D7CKoOA.004,test,0.4953271028037382
FcR9VhCxBb0.003,test,0.6261682242990654
NhyVkwcZbTA.001,test,0.6074766355140186
EoakbXJmcto.001,test,0.9439252336448598
_mvqVnzddCw.005,test,0.6915887850467289
FPfgwGsy8dE.005,test,0.5981308411214953
9lA-PGQcHBc.001,test,0.5233644859813084
yZk7Laj80z4.000,test,0.0747663551401869
J4GQm9j0JZ0.004,test,0.4112149532710279
jpPZVmzleAo.000,test,0.6074766355140186
85isLsZHZpo.000,test,0.7570093457943924
IP_Smb0hVSw.002,test,0.7663551401869158
8bn3HZY76xU.005,test,0.4112149532710279
Xfmu-7JuDGg.005,test,0.3925233644859813
EL1Q7x_1a74.004,test,0.5233644859813084
scifP1EXSdo.005,test,0.6728971962616823
mlXZQ8dO0nQ.000,test,0.5700934579439252
rMFJmA5dRFQ.003,test,0.3925233644859813
x9FAFeaizu0.002,test,0.4953271028037382
a84s1DYag-I.005,test,0.4205607476635514
-6otZ7M-Mro.004,test,0.5700934579439252
U_QQ8EuuWPg.004,test,0.4299065420560747
hrat_RJczFM.005,test,0.5700934579439252
uifW-cV-iQo.000,test,0.3457943925233644
-ZP25UpJeJ4.000,test,0.5700934579439252
Sb1b8JMVhLs.004,test,0.5233644859813084
Z5S5uGXkNuc.005,test,0.7570093457943924
owRKOW0ymCM.001,test,0.5327102803738317
9yZEb6bdxNY.005,test,0.7663551401869158
KIJ9IYETe38.004,test,0.616822429906542
kAjvzIWWrWA.000,test,0.719626168224299
bBqZyG-9ksM.001,test,0.5420560747663551
a84s1DYag-I.002,test,0.3551401869158878
VTrqCDYHVqU.000,test,0.2056074766355139
hPguTv1Zvg8.000,test,0.5607476635514018
bPTYw89PzLM.001,test,0.6635514018691588
nghDz0el8iI.004,test,0.7476635514018691
vr5FWHUkYRM.004,test,0.7663551401869158
a5NTqK367wo.004,test,0.4766355140186915
V1I40vVRk78.000,test,0.5046728971962616
Gvdh94z-SoM.005,test,0.2990654205607476
puLXzqUvm_U.002,test,0.3177570093457943
YPnuq0tDDqk.002,test,0.308411214953271
bkzgccBFztM.005,test,0.4766355140186915
VxtZDXM0cuQ.003,test,0.5046728971962616
kUpkeJDcxaE.005,test,0.5981308411214953
9XqeGs2MMic.002,test,0.2897196261682243
ZGox7tevC6A.002,test,0.5233644859813084
JmAQlC-FEV8.002,test,0.1588785046728971
zF3Uk2OAJAE.003,test,0.7383177570093457
cA43Gfcg0QA.005,test,0.3925233644859813
7Y3S4nfQHeo.003,test,0.3551401869158878
uHrP02iwW1o.003,test,0.4485981308411215
tuuQmKxW3iU.000,test,0.4859813084112149
rT0TqakPrAI.001,test,0.5233644859813084
o-fNF5QVMNo.001,test,0.308411214953271
b5uTy9czllM.002,test,0.514018691588785
51KRxB3g7A8.002,test,0.6728971962616823
KpTHRBaYny8.003,test,0.6822429906542056
UEYKBC_SuzU.005,test,0.336448598130841
rqfvIjzegpI.004,test,0.7009345794392522
TEGJrmNFvXY.000,test,0.5700934579439252
EyX8QI5nPTY.003,test,0.7009345794392522
P0ZzjnS8E24.002,test,0.5514018691588785
RpJkD_vCi0A.001,test,0.6261682242990654
pPtzEnf5afw.001,test,0.4205607476635514
pZxqWp0e-Ik.001,test,0.514018691588785
UtVo107m5lg.004,test,0.5607476635514018
dvMeqVbpKW8.003,test,0.5887850467289719
jlDYn537Pd0.003,test,0.4766355140186915
nkmYbzMmrYw.005,test,0.644859813084112
_01AyUz9J9I.004,test,0.6355140186915886
cQRFb-xa4Vc.004,test,0.5607476635514018
oG84VxrGfj0.005,test,0.3271028037383177
tg0i-zxvQXk.001,test,0.4018691588785046
tvKUJujTUEo.000,test,0.7383177570093457
_mvqVnzddCw.003,test,0.5420560747663551
fiEEjrKhlNU.003,test,0.6728971962616823
C5qRszPK9HY.004,test,0.4672897196261681
v1ScttBOQc8.000,test,0.3831775700934579
9a-3LrB7cDI.001,test,0.6822429906542056
aQVGVhcMBtE.005,test,0.4672897196261681
FNHMXPaHll0.001,test,0.5607476635514018
Po4UGCJbCbw.005,test,0.4018691588785046
6WSr4IW6cNI.004,test,0.3738317757009345
simc6hmrUOE.002,test,0.4859813084112149
BuKzIqR4eBU.003,test,0.4859813084112149
z6E5hLYhaZk.000,test,0.7476635514018691
PKtzsEqLGx4.003,test,0.4579439252336448
XmWA7zTJj-c.005,test,0.7663551401869158
UvX6ctu2ObM.003,test,0.3831775700934579
5CRqN54uejE.001,test,0.644859813084112
nex61B854Ms.001,test,0.4205607476635514
evrzg3Pzyc0.003,test,0.3271028037383177
WeyuzDseGg4.002,test,0.5327102803738317
B_DeKthR_V0.000,test,0.6261682242990654
OoxYhDbzWwg.001,test,0.2990654205607476
3Vr5-zedeWk.001,test,0.439252336448598
2TbU3Eg2i4A.000,test,0.2803738317757009
-rxiLMvlZqM.002,test,0.4859813084112149
OACoHiwOdXQ.000,test,0.4766355140186915
MZkDsB04kt8.002,test,0.6822429906542056
BLc_GvsbI1U.005,test,0.5794392523364486
S-e9-bW4seo.002,test,0.514018691588785
PVm7Om88BSw.005,test,0.4766355140186915
86upzmhvpXw.003,test,0.6355140186915886
eq1_h17oue4.004,test,0.644859813084112
qFYgMFMal_s.004,test,0.5233644859813084
hIxLNK_x_QA.001,test,0.4579439252336448
aJjAtOC8AQU.001,test,0.8037383177570093
OovRk5U9_GY.005,test,0.6728971962616823
ZkypeQdzgvQ.001,test,0.2242990654205607
OtGJDbI9qkM.001,test,0.3551401869158878
xA2OJtxFoeg.005,test,0.4112149532710279
QqTw0lnrtBo.003,test,0.4205607476635514
cWZudzeJVXg.001,test,0.4205607476635514
1hpZ2ecWqtI.004,test,0.5514018691588785
9z5cV1ANYwE.000,test,0.3738317757009345
YPMffqhP0C8.005,test,0.3457943925233644
TmpP2fXeVtk.005,test,0.5514018691588785
ySEeioc339E.000,test,0.4299065420560747
sf8TXpaKnt4.004,test,0.4112149532710279
PWAe9M2SxT8.002,test,0.5514018691588785
fL8VYpOTLSM.000,test,0.4205607476635514
Lj1WuMXFa-4.003,test,0.3925233644859813
5ghk5950BhU.003,test,0.5514018691588785
c-c6xhtIq84.003,test,0.3177570093457943
Gvdh94z-SoM.003,test,0.2710280373831775
0uCqd5hZcyI.003,test,0.3738317757009345
5xA5iKk4v6w.000,test,0.4485981308411215
AT9kY7tP710.002,test,0.3457943925233644
h6LOjpCRXtY.000,test,0.5514018691588785
fSDA4eEyGHk.005,test,0.616822429906542
dJlEHhyij5k.002,test,0.5887850467289719
Lt89YrQHF_w.003,test,0.4672897196261681
yHwuRYr5lxk.000,test,0.5794392523364486
LWO2ZhalAEY.002,test,0.5514018691588785
ItkIHtgVhIk.003,test,0.3644859813084112
pT8nyxks1Q4.003,test,0.439252336448598
fBcc1UMtZME.004,test,0.5607476635514018
C3knX70mzxQ.002,test,0.514018691588785
xsDABUrvs6w.004,test,0.2897196261682243
fsaslN7xV-w.001,test,0.4018691588785046
OuE91U_n04E.004,test,0.644859813084112
JoQRNgGQCgY.001,test,0.5046728971962616
YFm-8VGsUGg.004,test,0.4672897196261681
yIe7Rp54-bU.003,test,0.6915887850467289
r93dLeVRk3U.000,test,0.4299065420560747
wBSf7anTC_g.002,test,0.6915887850467289
usG6pVxbQkw.002,test,0.4018691588785046
SCnQFpdklMg.003,test,0.5700934579439252
DfpKVl9Zpdg.005,test,0.4579439252336448
LSqijVxP0EM.003,test,0.2803738317757009
fiVORaERbP0.005,test,0.5233644859813084
r1YAW67aevY.002,test,0.2523364485981308
jlDYn537Pd0.005,test,0.5514018691588785
fiVORaERbP0.000,test,0.514018691588785
j-9NUiMYbos.001,test,0.4579439252336448
fUf2XzWpSVo.002,test,0.6542056074766355
niWi1hcuSmo.004,test,0.3831775700934579
rWT8N_yjf60.000,test,0.6355140186915886
XT4rTk6-Etc.004,test,0.6728971962616823
9cHxDnk6SUs.003,test,0.6915887850467289
mkJjaOADfj4.000,test,0.5327102803738317
w4cZStXMUII.005,test,0.6915887850467289
JJxLsbLQlIE.001,test,0.6542056074766355
xq0-QVHxp-Q.003,test,0.514018691588785
SI93csgHMTk.000,test,0.1962616822429906
_kK9tGN883Y.002,test,0.308411214953271
7ZnijRlK5-E.004,test,0.308411214953271
UD-8YYU7GZs.002,test,0.336448598130841
EwMMNKLjO9w.004,test,0.2990654205607476
pT8nyxks1Q4.001,test,0.4859813084112149
53gtUkC7IZM.000,test,0.3177570093457943
uf_sIIw4zxY.003,test,0.4953271028037382
1yIGI42lzak.000,test,0.4766355140186915
Jf8lqSpAjZ8.005,test,0.6261682242990654
outvbZgNX58.003,test,0.6915887850467289
EcOC7ZVRSg4.005,test,0.5981308411214953
Z9GzSxQHKSI.003,test,0.4579439252336448
TD2jIXMD-SM.000,test,0.4299065420560747
nB-fPmvZg3U.003,test,0.5700934579439252
XNWN7ScxVIA.005,test,0.7383177570093457
hPguTv1Zvg8.005,test,0.5794392523364486
Jog1-pYOSD0.004,test,0.4018691588785046
IFXaH_E54iA.003,test,0.4299065420560747
qVcw5-mm31s.003,test,0.5420560747663551
bYXRyimxh7A.001,test,0.4205607476635514
2mfmw63l88g.000,test,0.3738317757009345
s0pgZM5G6ds.002,test,0.3551401869158878
yyqXzlF8Fgc.002,test,0.4299065420560747
uE2U_Y7QrIw.001,test,0.5046728971962616
6waL_gUxtAM.005,test,0.6074766355140186
Fco1CMgOadI.004,test,0.4579439252336448
VhHnmeRABJw.002,test,0.7476635514018691
OdwK_oMdfSU.004,test,0.5794392523364486
QTtTAFqT-no.005,test,0.3925233644859813
4vJ69g7gAH4.002,test,0.7289719626168224
gOS-CneQsxI.001,test,0.5514018691588785
YBsKLg3GMrE.001,test,0.3831775700934579
CESTtNvDpww.002,test,0.616822429906542
fipvPdFbKN4.003,test,0.4018691588785046
cx8IycWgMVs.001,test,0.616822429906542
BmDClgdWlH4.001,test,0.8037383177570093
bAxlTgobVHE.005,test,0.644859813084112
J6RHl6U6Jcw.003,test,0.6355140186915886
MDoZUDTSayc.004,test,0.6355140186915886
Lz3hYPF6aIM.001,test,0.3551401869158878
QS7TwjzkYiU.001,test,0.514018691588785
nYCuMoC5ibQ.003,test,0.4112149532710279
OMHlfDF99Mw.001,test,0.4112149532710279
ly_0m16694Q.002,test,0.3644859813084112
bEXDNfLBy1I.000,test,0.5327102803738317
19pTUX8KfYM.003,test,0.644859813084112
PsqpkFKX8co.003,test,0.7663551401869158
KNx7_ajRwDI.005,test,0.3271028037383177
fG-hvGTHoec.003,test,0.5514018691588785
naAGy30bnwA.004,test,0.3457943925233644
4JjpfL4y3XM.002,test,0.5420560747663551
uMCRfie1lkc.000,test,0.3457943925233644
US4PxgfKDeA.002,test,0.233644859813084
ev42vngXERU.003,test,0.4859813084112149
XJj34u5IzU0.005,test,0.5794392523364486
836kYlEs9GI.005,test,0.3738317757009345
gWCgqVn3m3k.003,test,0.6728971962616823
n5Jeeqfj2_U.001,test,0.5981308411214953
LKBoLbWHJYI.000,test,0.644859813084112
xmaC2XOhPaE.004,test,0.3457943925233644
fBMKlYUjA9E.001,test,0.8037383177570093
6RwVJK3husE.003,test,0.7757009345794392
me15sHPOjKo.003,test,0.4299065420560747
ZT7cEiaYGp8.005,test,0.6355140186915886
ask-ZFRztf8.000,test,0.5794392523364486
JSEx8RqGcPs.003,test,0.6542056074766355
vCV-5LypZCs.000,test,0.6074766355140186
X-GXO_urMow.000,test,0.7663551401869158
2f7rLXwzP3s.005,test,0.4018691588785046
Qqc1539E6rs.001,test,0.5420560747663551
b9nbAAe8F7o.001,test,0.3831775700934579
OuE91U_n04E.002,test,0.6635514018691588
c3esnCQDoKc.002,test,0.5700934579439252
TNjEJGdqmH0.004,test,0.6261682242990654
zJEnT19uoPY.003,test,0.6355140186915886
F5iykLTSCJc.002,test,0.4299065420560747
4RKQGZzPClk.000,test,0.616822429906542
d69zeSpdyCI.004,test,0.6261682242990654
mK8ebTJyrCI.001,test,0.3831775700934579
uDm7iZuX5DQ.000,test,0.3738317757009345
_01AyUz9J9I.001,test,0.4299065420560747
PsHb4YHooKM.002,test,0.439252336448598
lkeXyB-3Gs0.000,test,0.3271028037383177
oC-qxnrmJws.001,test,0.514018691588785
jOTlJwOBSd4.001,test,0.6074766355140186
m2uxFfpb5xU.004,test,0.6635514018691588
PWM-bKcs2p8.002,test,0.336448598130841
GaUs3UUUtmw.004,test,0.4953271028037382
QXFRE_pjrAE.002,test,0.6635514018691588
SkNO4x-LSgE.001,test,0.5607476635514018
nghDz0el8iI.002,test,0.6542056074766355
lxnV9X8T2Zc.002,test,0.5700934579439252
cx8IycWgMVs.004,test,0.5981308411214953
b6eoqD1J_qU.000,test,0.644859813084112
TOdvDQQWlCA.001,test,0.439252336448598
OSDlyk5ZgAk.005,test,0.4579439252336448
opqoflph5ZE.002,test,0.4953271028037382
EAMHqNxa9yY.000,test,0.5046728971962616
7PYAn9njCHI.005,test,0.5887850467289719
SYlV95nPTPs.000,test,0.4112149532710279
j7VLzb0qw8Q.005,test,0.4205607476635514
AJIphVRpYrg.000,test,0.5700934579439252
hM96SfN5_F4.001,test,0.4672897196261681
OD3cfWeJaOY.002,test,0.8037383177570093
C-48U5oDuvw.005,test,0.5887850467289719
cXqH7_dYM_k.001,test,0.4766355140186915
-10-QQDO_ME.005,test,0.4579439252336448
vLAHfIjmRMc.002,test,0.6355140186915886
J8YpOUmN_aI.004,test,0.308411214953271
bcx6xr9Ja-8.003,test,0.6261682242990654
7Kn5VT9bB4I.000,test,0.308411214953271
LBKbubsgpE8.004,test,0.7570093457943924
ly_0m16694Q.001,test,0.4485981308411215
OMHlfDF99Mw.002,test,0.5233644859813084
YocrYFLm4CM.004,test,0.5420560747663551
kQ8HhrysfaA.002,test,0.4859813084112149
K9h_wA30XgM.004,test,0.3644859813084112
V9roK_mLM-w.004,test,0.5233644859813084
nKLhatlbqEw.004,test,0.5607476635514018
N0UweTwwQqQ.005,test,0.7102803738317757
nClvfVFYzbM.002,test,0.3551401869158878
0QTR0WiJSNk.005,test,0.3831775700934579
encC96iqr9Y.001,test,0.5514018691588785
AT9kY7tP710.000,test,0.4859813084112149
TyE0bVJZZto.003,test,0.3271028037383177
mpk5Ubw2fj8.005,test,0.4205607476635514
GaUs3UUUtmw.003,test,0.6261682242990654
L_gmlaz-0s4.004,test,0.5046728971962616
_g3M_MoFIvA.003,test,0.4859813084112149
ld7mBR4v3yU.004,test,0.4859813084112149
jFx6AEw6viQ.001,test,0.1682242990654205
WkbvQZU475o.002,test,0.514018691588785
nGe8dIc-ecc.004,test,0.4859813084112149
nZz1hK90gwA.005,test,0.3925233644859813
E_xAcdGpPCI.002,test,0.4205607476635514
j6d-KRDXnUI.004,test,0.5700934579439252
yBlPsPBRv5E.003,test,0.5233644859813084
VQMizni7nY0.000,test,0.3644859813084112
MZkDsB04kt8.001,test,0.6635514018691588
MkVsl0hdphE.005,test,0.6542056074766355
Q4z4GRUtccE.004,test,0.5420560747663551
K9h_wA30XgM.003,test,0.4579439252336448
U9cidDFDTQE.005,test,0.439252336448598
Se3Gts4u1vs.004,test,0.6728971962616823
cjbh1lfr43c.004,test,0.2429906542056074
-N6QKrbnaDs.001,test,0.2710280373831775
ZoHY-rWJsyw.003,test,0.4018691588785046
3S72dDIm1fM.004,test,0.6915887850467289
el2DOd8E5io.003,test,0.3925233644859813
syTTeox8Yaw.001,test,0.5887850467289719
WfZodMIIGR0.001,test,0.7009345794392522
DyZlhseSuec.000,test,0.4953271028037382
vwY6OhjDjOA.003,test,0.3177570093457943
Y98eRPs-78E.000,test,0.6261682242990654
G7hYffrZ1Hc.002,test,0.514018691588785
0ObEtA6Q8vU.001,test,0.644859813084112
Y9WX7ucPP-o.005,test,0.6074766355140186
fyXiORXmWHs.001,test,0.5607476635514018
2hhqEWiv4eI.005,test,0.4205607476635514
MLCIfM5jYlI.002,test,0.5887850467289719
3zAyM2edy1g.005,test,0.4112149532710279
TD2jIXMD-SM.003,test,0.4205607476635514
mK8ebTJyrCI.005,test,0.336448598130841
xgwiqo2AsCA.004,test,0.2710280373831775
9UWCHrG5mys.002,test,0.4112149532710279
yHwuRYr5lxk.001,test,0.4018691588785046
cY3nHc5fDYE.005,test,0.4485981308411215
mXaI17Dx7u0.004,test,0.3457943925233644
xmaC2XOhPaE.000,test,0.1588785046728971
yftfxiDNXko.003,test,0.4205607476635514
T4eZ81aJwJI.001,test,0.2990654205607476
u_qvbRpm88k.004,test,0.4485981308411215
C0UMWrEJ2x0.002,test,0.616822429906542
YwsVpkumbJc.001,test,0.5794392523364486
lLhd1Cs3XDU.001,test,0.7289719626168224
6SoFnys6mf0.000,test,0.4859813084112149
RYG6XhdmPY0.000,test,0.3457943925233644
RQeoo3idUJc.000,test,0.4112149532710279
3taD1fEPfC8.005,test,0.3177570093457943
lLObIVKYDUI.002,test,0.3925233644859813
jub-AHFTH_g.001,test,0.4579439252336448
kK4QL7pOrhs.001,test,0.5420560747663551
xcMwMi4fdis.003,test,0.5420560747663551
j7VLzb0qw8Q.000,test,0.7476635514018691
ZqbJIM7rmO8.002,test,0.4953271028037382
LKqN07ryM5I.002,test,0.6822429906542056
mEQBB6XsJFk.002,test,0.7570093457943924
Sdqg-jn_tBk.005,test,0.6261682242990654
vIW7gDmhYMk.000,test,0.4859813084112149
7-7qX0heWkg.002,test,0.4672897196261681
QKcx5msA7iA.005,test,0.7570093457943924
UWG7Jyqc1CY.000,test,0.7289719626168224
GiILhJbj5JI.005,test,0.4205607476635514
-Wqk9eex6bQ.000,test,0.4953271028037382
m5kTITzj1bY.003,test,0.616822429906542
e3Y7na4SBh4.001,test,0.719626168224299
NG8qWulkRM4.004,test,0.2710280373831775
QNVsr2mGwGs.002,test,0.3457943925233644
PEjFZNkbQos.002,test,0.3925233644859813
I5x9T9ftW18.003,test,0.6542056074766355
KRo-x2uoHUg.002,test,0.5981308411214953
xmaC2XOhPaE.002,test,0.4018691588785046
9NS6CgxJCGM.005,test,0.514018691588785
LBrmHHzyIiY.004,test,0.3831775700934579
g0PWBzU95sI.003,test,0.644859813084112
CO7vZjYF6Zk.004,test,0.5887850467289719
oontew1LiUU.004,test,0.4672897196261681
vQEZ5KF9I4E.001,test,0.5514018691588785
r1YAW67aevY.001,test,0.1962616822429906
CO7vZjYF6Zk.005,test,0.6635514018691588
Rsz-26AaL2o.002,test,0.514018691588785
NF8nb3SQPNg.004,test,0.5233644859813084
bj9kSmBeQRg.002,test,0.6074766355140186
GcuoyJPO-KU.000,test,0.5700934579439252
x0mD5kr2hu4.005,test,0.6728971962616823
9KAqOrdiZ4I.003,test,0.1682242990654205
Bo-mrL28d8M.000,test,0.1495327102803738
RsYSOFRFszk.000,test,0.3644859813084112
9-lptN92A68.002,test,0.6635514018691588
_X6_C_Oy9VA.002,test,0.6261682242990654
XFpzukISe6s.002,test,0.4112149532710279
vqLtOsoNPnU.000,test,0.6261682242990654
AvuWv3LLmrA.000,test,0.3271028037383177
cY3nHc5fDYE.001,test,0.5607476635514018
QMRAbwZCTfI.001,test,0.3831775700934579
3J7Cl3FXs1o.005,test,0.6355140186915886
IyBCZySg-c4.004,test,0.4953271028037382
v1ScttBOQc8.003,test,0.4299065420560747
vE9XgQL7DGE.000,test,0.3738317757009345
L5PkZA1ErYY.003,test,0.3551401869158878
B-OJ_xZILLg.004,test,0.2990654205607476
SI93csgHMTk.003,test,0.3551401869158878
19pTUX8KfYM.001,test,0.616822429906542
Ah5PEPT4xbo.000,test,0.233644859813084
2SzC9dm4Yy4.004,test,0.4672897196261681
2DZb5yIc6Fg.000,test,0.0373831775700934
sntohi33U5s.003,test,0.5887850467289719
bDjqDn6susQ.001,test,0.514018691588785
H6yu96w7tUc.001,test,0.5794392523364486
omeHsKF7InA.004,test,0.1775700934579439
6N02tjYPLh8.004,test,0.6261682242990654
sntohi33U5s.002,test,0.644859813084112
THO-md3eEkA.001,test,0.4485981308411215
fSkQXqXR7D0.005,test,0.439252336448598
maDObxiOQRo.004,test,0.4205607476635514
eAkWSjU-JyY.005,test,0.644859813084112
VTv4BAYgJpk.004,test,0.6915887850467289
383HhOtOBwg.005,test,0.5887850467289719
RlUuWWWFrhM.002,test,0.4953271028037382
oontew1LiUU.003,test,0.3925233644859813
n9eruV15f3o.003,test,0.4112149532710279
GR-P1m_Yvm0.004,test,0.644859813084112
BxdFQhBNZys.001,test,0.8785046728971962
VoPuhcQc_mg.002,test,0.2149532710280373
IQNNEfYYYiw.004,test,0.4299065420560747
3WmWJ1lNy-U.002,test,0.5327102803738317
IQNNEfYYYiw.000,test,0.6261682242990654
KnbEca4Ibwk.003,test,0.4112149532710279
M20gRMBy-4I.005,test,0.3738317757009345
8YQKwMdiaAE.003,test,0.439252336448598
87r3cLkrw4A.003,test,0.6728971962616823
t6-ljEWQjW8.001,test,0.3644859813084112
F5kL7RWS_f0.005,test,0.4205607476635514
WFY3xwXQ0Zw.000,test,0.7570093457943924
r2BoxB3kgYk.005,test,0.4859813084112149
aqd4_4ga1fQ.002,test,0.1588785046728971
og8vtyRh_bc.004,test,0.4672897196261681
GG9WPQLI_rg.002,test,0.6822429906542056
N0UweTwwQqQ.002,test,0.7289719626168224
vZPLbzF0aSg.002,test,0.4018691588785046
cgT-3CHBmKs.002,test,0.3177570093457943
2TMl5EMrdVI.001,test,0.4112149532710279
g1TMjzZH8bw.003,test,0.3177570093457943
C47tB5JmEqQ.005,test,0.514018691588785
_Q4wOgixh7E.002,test,0.2616822429906542
P0a209IS614.000,test,0.5981308411214953
VAZLQqJa9rQ.000,test,0.3831775700934579
2bAsXLQjlt8.000,test,0.6915887850467289
UHXueLgWoOw.002,test,0.2523364485981308
lFzrVSbp254.001,test,0.6542056074766355
cMLkNVKkaOQ.004,test,0.5981308411214953
PtBXYDPakZo.001,test,0.4953271028037382
8n6G3V3-Tk8.000,test,0.439252336448598
ai-RZb0ZpKI.001,test,0.3831775700934579
WGP2HLnoma0.000,test,0.2429906542056074
me9kzWYVEoI.001,test,0.644859813084112
e07IozLUeKc.003,test,0.4953271028037382
300gK3CnzW0.001,test,0.3925233644859813
qRtKUGgULL8.003,test,0.5233644859813084
Pr-RpZ4gYCM.005,test,0.3271028037383177
VZ6jhnbk-5g.005,test,0.7570093457943924
Pmhjv20yOl4.003,test,0.4112149532710279
ilOi-sQo9HI.002,test,0.3738317757009345
nGe8dIc-ecc.001,test,0.4953271028037382
ogSLrHVeqLI.002,test,0.439252336448598
AWe6ZZUmlZw.002,test,0.3831775700934579
fEix0DPOWtg.004,test,0.4018691588785046
oC-qxnrmJws.004,test,0.6542056074766355
fKrX-KXgXYM.005,test,0.439252336448598
m5kTITzj1bY.004,test,0.3457943925233644
VnUkBYQkJms.000,test,0.6542056074766355
A1lbD_OCuj4.004,test,0.4579439252336448
m2uxFfpb5xU.003,test,0.3177570093457943
50gokPvvMs8.004,test,0.5700934579439252
voB6O-ky9cA.001,test,0.3457943925233644
a38rz5AIslE.005,test,0.5700934579439252
2SzC9dm4Yy4.005,test,0.5327102803738317
wJl7DbsbrDA.002,test,0.4485981308411215
lErjGxBb1Bk.001,test,0.6261682242990654
UEYKBC_SuzU.003,test,0.514018691588785
8hGOOynn3ZU.002,test,0.4672897196261681
R6NTuhZtOks.004,test,0.7102803738317757
Prb5j6jLKBs.005,test,0.8411214953271028
8qDKGnABATw.005,test,0.6261682242990654
KYkfjIZEScM.002,test,0.5607476635514018
KTdbKiGFzJY.001,test,0.4112149532710279
R9JcmvLBbTs.001,test,0.4766355140186915
QS7TwjzkYiU.005,test,0.6542056074766355
KYvMsMLNGvY.001,test,0.5794392523364486
P_wDFLJnW-o.002,test,0.4859813084112149
ASDpn9yOYAo.001,test,0.7102803738317757
69EsTnCVCp0.002,test,0.616822429906542
qLbOPbx33dk.000,test,0.6822429906542056
AQz6_ZpzGIE.001,test,0.4953271028037382
niWi1hcuSmo.000,test,0.2990654205607476
sf29orxf4X0.001,test,0.4859813084112149
jFx6AEw6viQ.003,test,0.2242990654205607
qtB-CogljAo.004,test,0.6822429906542056
unfkD5YNaDg.003,test,0.616822429906542
EmGTj1DRMbo.001,test,0.4953271028037382
XQZ5M9oLkXw.002,test,0.6074766355140186
C9W-AEBcQzo.001,test,0.2803738317757009
cJs_LosR-u8.004,test,0.308411214953271
Tm44tg1zPwU.002,test,0.5327102803738317
B9NSU6gQdRw.000,test,0.6542056074766355
BWAEpai6FK0.004,test,0.6542056074766355
n8IiQJyqjiE.002,test,0.3551401869158878
XhgDsQlEnuU.004,test,0.4579439252336448
QBZieJiOl1w.002,test,0.5794392523364486
WnmPDmb00Mc.001,test,0.6728971962616823
nLB29nx1Jp4.004,test,0.5887850467289719
z54OqeICELg.002,test,0.719626168224299
3hKgh9AB3tk.004,test,0.3271028037383177
Gdrgw7Z6tLg.001,test,0.514018691588785
6RwVJK3husE.001,test,0.6542056074766355
cWvZnl5XjwI.000,test,0.3831775700934579
hmTY4CubpiE.005,test,0.4672897196261681
utv9RBNcL5w.003,test,0.7757009345794392
PsHb4YHooKM.000,test,0.4859813084112149
ya8Ec_yTai8.000,test,0.7383177570093457
j6d-KRDXnUI.002,test,0.4672897196261681
6NjuNY4LfQc.003,test,0.5794392523364486
ZlcINjtdkQQ.002,test,0.2990654205607476
O2J_3ScUCUQ.001,test,0.6074766355140186
9-lptN92A68.004,test,0.719626168224299
w7O2QJu2Wl4.003,test,0.439252336448598
dy9EqbKLDP0.000,test,0.6542056074766355
SR1Q5M2urxY.001,test,0.3644859813084112
jlHKgXrxCu8.005,test,0.3738317757009345
I5x9T9ftW18.001,test,0.5327102803738317
6WSr4IW6cNI.002,test,0.4485981308411215
USicjVA1trA.000,test,0.6822429906542056
yw-2AGeAjFc.000,test,0.6542056074766355
Dhbva5oGE7g.004,test,0.5420560747663551
bGLwxQ1lonQ.000,test,0.514018691588785
VTv4BAYgJpk.000,test,0.6074766355140186
BSfClgoqf00.001,test,0.514018691588785
T1--98_78ns.002,test,0.4018691588785046
APqMkruLkoE.002,test,0.616822429906542
y2UF49ddapI.000,test,0.719626168224299
dB2XYhvqUBU.002,test,0.5046728971962616
DvWzedL3QCk.005,test,0.5420560747663551
BgfYyUAoNPs.002,test,0.5887850467289719
orlXEgAepGo.004,test,0.4579439252336448
yBlPsPBRv5E.005,test,0.5233644859813084
CbNAOLHByZQ.003,test,0.644859813084112
43tayteIFRk.001,test,0.5514018691588785
VoPuhcQc_mg.004,test,0.336448598130841
Wy4hWbeibhU.001,test,0.3551401869158878
PxkMDzORBPE.002,test,0.6635514018691588
RhFPotjd0hM.001,test,0.2803738317757009
sDWJMBZ1mVA.004,test,0.2523364485981308
9uMpKla2OQM.002,test,0.5420560747663551
7tB2Rtm4XeU.002,test,0.5887850467289719
FaBTYkzhuK4.003,test,0.4672897196261681
struoSVUsUg.000,test,0.5794392523364486
cY3nHc5fDYE.002,test,0.4112149532710279
GyLjVOVPGKQ.000,test,0.4485981308411215
hhdoeK8SsiI.004,test,0.4766355140186915
QXc2qhIHfAA.002,test,0.439252336448598
-lSBwF052u0.005,test,0.616822429906542
4OKYywIqnqg.000,test,0.6728971962616823
JO44XCaQGVY.001,test,0.5981308411214953
VPFrKx72gvo.003,test,0.3551401869158878
r2BoxB3kgYk.002,test,0.4953271028037382
nfEhF5GBQpo.002,test,0.5514018691588785
txU8yE9d-4k.004,test,0.2523364485981308
idsEawKW4X8.002,test,0.6261682242990654
wVpjBxCirAQ.003,test,0.3644859813084112
6NjuNY4LfQc.005,test,0.7009345794392522
iEgV9E3xm90.004,test,0.7383177570093457
xGo_wImhwkQ.004,test,0.6355140186915886
8WXW8ODj44k.003,test,0.7102803738317757
AlEqtGWa43g.001,test,0.5420560747663551
Gl93Hw1A2kY.000,test,0.3551401869158878
lyznxF-Pj6g.003,test,0.3457943925233644
VuadgOz6T7s.005,test,0.2523364485981308
NVvKBE5FTMk.004,test,0.6355140186915886
XT4rTk6-Etc.002,test,0.6822429906542056
zMXfMcqpPwQ.003,test,0.6355140186915886
9NS6CgxJCGM.002,test,0.5514018691588785
SPD5fXHVyIk.001,test,0.3738317757009345
aJjAtOC8AQU.000,test,0.644859813084112
qkmEt0ofGq8.000,test,0.4953271028037382
z1q3ktuRdII.004,test,0.6355140186915886
3wgZrRMosvY.004,test,0.5700934579439252
yIM5bal1VVs.002,test,0.4485981308411215
3wgZrRMosvY.001,test,0.6355140186915886
ipP--IqIuWU.004,test,0.4112149532710279
Bz3Jx4QL_6Q.000,test,0.5887850467289719
mpk5Ubw2fj8.003,test,0.3925233644859813
4yogPbHFQ9o.001,test,0.3551401869158878
3wRj39GKLJ0.000,test,0.8037383177570093
P7poMmhYnM0.004,test,0.2242990654205607
Y6iogSmj6FQ.001,test,0.4205607476635514
iL6lNdRS0ZU.005,test,0.6355140186915886
PWM-bKcs2p8.005,test,0.3271028037383177
OSDlyk5ZgAk.001,test,0.4018691588785046
NZXtEENlWL4.002,test,0.5046728971962616
uTluOTPA7e4.005,test,0.4766355140186915
6EMgu2djYrU.000,test,0.4112149532710279
G2D3qU6R_YA.000,test,0.5981308411214953
DZfcVxy2ceI.004,test,0.4953271028037382
T1--98_78ns.004,test,0.4766355140186915
nLB29nx1Jp4.000,test,0.6074766355140186
YGJ33FXzJO8.001,test,0.6355140186915886
ApPnsnIZozw.000,test,0.3925233644859813
pvvff396Rqg.001,test,0.644859813084112
nLuAoNAOGcQ.005,test,0.822429906542056
NzCflfxgvwo.001,test,0.1775700934579439
ch2BcBv4SdQ.003,test,0.7289719626168224
It0-yCwOc5k.001,test,0.4112149532710279
1Wh2mIFrGvk.000,test,0.5607476635514018
a97PXgrKSxo.002,test,0.6542056074766355
